product_id,rating,review_text,review_date
P450271,1,"While this product works as advertised, it contains Phenoxyethanol and Polyethylene!  How can it be a “clean“ product?!  So disappointed wont use again.",2019-12-29
P426183,2,I don’t really like products that have a fragrance in it. It does make skin feel soft and not oily. I think for the price that the full size product is you can get way better bang for your buck.,2021-06-26
P394639,5,Loooooooooove this product! It hydrates the skin and it is so lighweight! Lovely!,2021-05-29
P420652,5,"This has saved my Lips. I use it every night and my lips are hydrated and plump. It works. It’s healing. It smells great. It’s a great price and it’s big so it will last a long time. My daughter gets the worst champed lips that they even crack and bled sometimes, I use this on her and literally her lips transform into soft pillows overnight. Can be used in the am too as a gloss. Try it it’s amazing.",2018-09-04
P420652,5,"Since starting to use this a couple weeks ago, I haven’t had my usual dry, flakey, peeling lips this winter. I use this at night and during the day for a burst of moisture. It’s a great occlusive. It has a comfortable emollient, slightly tacky texture that adheres to the lips well overnight. This has worked better than using Vaseline. Highly recommend if you have dry lips that need rescuing!",2022-12-16
P454794,5,"What a wonderful moisturizer.  I have sensitive skin and have only used Clinique moisturizers until now.  While this product is a little pricey, it is worth every penny.  Gives me a youthful and healthy glow.",2019-01-09
P7880,5,"I would use this allover my entire body if it weren’t so prohibitively expensive. It’s gentle, effective, and smells great. It removes waterproof eyeliner but never strips my skin.",2020-07-21
P421275,1,Didn’t do anything for me. Will revisit EradiKate Acne treatment,2019-09-11
P453816,5,"I’ve tried other gel-to-oil-to-cleansing milk products before to remove makeup and cleanse, but this is the first to not only remove EVERYTHING, but also not leave a greasy residue on the skin causing me re-cleanse with a follow up product. I love this balm and definitely plan to re-purchase once I get through this tub (and there a ton of product in here!)Remember: a little goes a long way with this stuff! Maybe a tsp to a tsp and a half and you should be good to go!",2016-05-11
P443352,5,"This was a complimentary from Dermalogica sampling   for my honest review  Super easy to use and left my skin feeling great, definitely something I will purchase in rh future. There was no smell and I was left with smooth skin , a wiin!",2022-08-29
P450271,5,"Listen!!! Love this. Stumbled on it playing around knowing I didn’t ‘need’ anything during my last visit. I use the sleep tight firming mask so checked out Farmacy’s other products. Happened to run this on my hand like ‘huh, what’s this?’ BAD BUT SO GOOD IDEA!!! Fell in love. Smell, concept, price, all check. Asked for a sample then realized they had the smaller size. Melts full face of make up, including mascara instantly. I have a similar product that’s an oil. Love it but hard to travel with. THIS?? Perfect. Will never not have it now. Use this, followed with the sleep tight and a good c serum, skin is tight and happy.",2019-06-12
P458219,5,I’ll never get tired of this love love this toner best toner gives me such an amazing glow love it on my third bottle,2020-12-17
P122900,4,"I had a very oily T-zone, and every time I put this on, my face would feel softer and moisturized. Also I have less breakouts (I didn’t have them often to begin with, but I still got pimples once in a while).But I recently found out this product had parabens. I have a 3.6 fl oz. one which I’m about 1/4 of the way through...as much as I love this lotion/gel, I don’t think I will get another once I’m done with the one I have. :(",2013-06-12
P269122,5,This product has single handedly changed my skin for the better. Period. BUY THIS.,2021-08-20
P270594,5,I’ve been using this cream for years and I always go back to it. It doesn’t leave a sticky feeling on your face. My makeup lasts all day. I love the citrus smell. It feels good when you apply it to your face.,2022-01-05
P232903,5,"This really is what we’ve all been waiting for. I have searched high and low for years for a product like this. It wipes out those terrible cystic bumps in one or two days, and I believe has prevented acne from coming back up, both big and small. Highly recommended!",2017-02-15
P423688,5,I really liked this product from Dermalogica. It comepletelt changed the way I go about doing my skincare and hair care routine. It perfectly blended seamlessly into my current routine and I am so happy! Gifted by Dermalogica Sampling,2022-08-30
P422905,5,I have a small baby and sleeping thru the night is not happening very often. So I started to use this cream on my eye area and notice a big difference. It helps to keep my tired skin hydrated and it feels soft the next morning. It’s like giving a little boost on my skin. I’m even using it before I apply makeup now. It helps to keep the area of the eye hydrated and don’t show too much crease when I apply concealer. I just put a tiny bit and blend with my primer! It’s perfect!,2017-12-15
P232903,4,This does stop your breakout in its tracks. But that’s the problem. Unless you use this right when you feel a pimple coming on (under the skin) than you will be left with a raised bump on your face. Don’t use if your pimple has already surfaced.,2019-06-03
P417238,5,"this cleanser is amazing!  I got it as a sample and was so impressed with it that I broke down and made the purchase.  I normally would not spend this much on a cleanser but it is sooo worth it...  I have oily skin so I don’t use it every day, but i use it in between days of my other cleanser to as to not strip my skin from the other product.  It is a must have!",2022-02-22
P450271,5,Wipes off ALL makeup!!! Even stubborn waterproof mascara! No raccoon eyes the next morning!,2022-09-10
P480630,5,Seriously loving this mask!! I have combination skin so I tend to avoid things that might add to the oil on my face but this mask hydrates without making me oily! It is soo good at hydrating the skin. I had some dryness around my nose because of the cold weather and in one night of use it got rid of it! So amazing! I am using it as a primer under my makeup and I love it! I feel like it has helped with the texture of my skin and the lasting of my makeup! Major win!,2019-11-10
P439061,2,No difference in my spots and redness.Would not recommend,2020-07-13
P471546,1,Doesn’t work for me..I see a white patch layer on my skin after i apply the product not worth the hype!!!!,2022-05-10
P423688,5,"My favorite exfoliator, I’ve tried so many but always go back to my old time favorite Dermalogica Daily Microfoliant Exfoliator because it’s gentle and effective. I use it every other day as I have sensitive skin. It really helps keep my face smooth and bump free! I can notice the difference in my face texture when I stop using it for several days. You get to control the pressure you put when you use it, dont press too hard and use circular motions and leave for at least 1 mins so it can slaugh off dead skin cells. Definitely recommend!",2020-09-21
P394639,5,"This is a great, simple moisturizer. I’ve used it nightly for months. A little goes a very long way. Although it’s on the thicker side, it absorbs quickly. I never used this in the morning prior to makeup application because I felt it was just too thick. I would purchase this again!",2016-08-07
P429952,5,Love love love... tried it for the first time An seriously going to buy a second one for back up.. okay so basically I used it over night a small amount for my face and felt a cold sensation on my face and in the morning my face was so pump even around my eyes this product is amazing definitely would recommend!!! I will be using this product as a mask/ primer/ moisturizer!!,2018-03-31
P417238,5,"This was my first cleansing balm and I’m really enjoying it! The makeup comes off with minimal effort, and is so much easier than using traditional removers. I’m enjoying this as part of my skincare routine. It smells great, too!",2021-02-07
P430337,1,Broke me out with tiny red bumps. Smells like an orange creamsicle.,2020-04-23
P471546,5,"so amazing, completely corrects all redness. I have super red skin and this blends so well and gives me such a beautiful complexion",2022-05-28
P423688,5,This was gifted by Dermalogica Sampling. This was absolutely fabulous to try! My skin feels and looks so beautiful and bright! I can absolutely see why this has so many positive recommendations! I am definitely excited to continue using this one.,2022-08-24
P378852,5,"This is one of the moisturizers I will forever keep in my skincare arsenal. It’s very lightweight, which appeals to me because I have very oily skin. I love that my skin looks radiant the next morning.",2015-06-25
P441101,5,"This is one fantastic moisturizer. I do have normal/oily combination skin. OMG it does a great job. My face is well moisturized all day long. My skin looks youthful and dewy as well. People don’t believed I’m 36 years old. People mistaken me for being between 23-25 years old, even one time I was mistaken for being 21 LOL. For the price of this moisturizer was worth it. Small amounts goes long way with the help of this applicator. I would highly recommend anyone with this fantastic moisturizer.Also I mostly use this at day time and SK-II RNA cream at night time",2020-10-05
P269122,4,"I received a sample from PINCHme of DR DENNIS GROSS ALPHA BETA® EXTRA STRENGTH DAILY PEEL.  I liked the sample.  I would need to use it more than the sample allowed, in order to comment on its effectiveness.",2019-09-27
P454380,4,One of the better sunscreens I’ve purchased. Like that there is no white residue. Would purchase again.,2021-04-16
P450271,2,,2019-07-14
P480612,5,This has been one of my favorite face moisturizers to use. It’s not sticky at all and absorbs so well into your skin. It has a nice faint smell that isn’t too strong. I can already tell my skin is improving from this product.,2022-02-22
P418218,5,I’ve never tried a product that I loved enough to write a review until now....THIS MOISTURIZER IS AMAZING!! It’s so silky! When first applying it to my skin I literally said “wow...” out loud. It absorbs so well but does not clog my pores. Leaves a beautiful dewy radiance. The smell is supreme too! I instantly felt like I was being treated to a professional facial at home. Could not recommend this product any more! I have combo/ oily skin & finding a moisturizer that doesn’t clog my pores or further my oiliness has always been a problem. This moisturizer makes me excited to start my skincare routine every day! LOVE LOVE LOVE!,2020-04-07
P427421,3,"I mean it’s...fine. I’m not sure what I expected, but it was just...fine. It did absorb into my skin very nicely, but it just wasn’t enough moisture for me. A few hours after applying my skin would fee so dry again. I don’t have dry skin typically, but I’m currently living in a very dry climate for reference. And I saw more clogged pores than usual, which was disappointing. I loved the packaging though! Great for mixing, which DE recommends.",2019-06-09
P427421,3,"I love how soft my skin felt after only one use, was super hydrating but not sticky a lifesaver for dry skin BUT for oily/combo skin i would avoid, it clogged up my pores and broke out my skin. Forewarning, not at all non-comedogenic.",2019-05-13
P7880,5,"Must have, changed my acne forever and SMELLS AND FEELS AMAZING! YOU NEED THIS IN YOUR LIFE!",2019-06-25
P426183,4,"really wish it wasn’t so expensive, yes, my skin feels awesome when I use it regularly for a little while, but then can’t justify buying it again...but either way the best toner i’ve ever used!",2016-10-17
P269122,5,The Dr. Dennis Gross Alpha Beta extra strength daily peel makes my skin feel so great!  I usually use these during the day under spf and my skin just feels so much smoother than if I dont use them.  It doesn’t irritate my skin or cause breakouts.  My makeup goes on so smooth.  Overall I’m extremely happy with these and how the work on my skin.  I will definitely repurchase these.,2020-05-29
P122900,5,"I have combo-oily skin and this moisturizer glides so easily onto my skin when blending in. it provides moisture, which lasts the entire day! it does take a few minutes to dry, but the wait is worth it!",2012-09-17
P411540,5,"Holy Grail of all face products. 2 years strong, haven’t gone a day without out. It’s honestly one of those products that transforms your life because A) you can now just wear bronzer and mascara and feel great about how you look and B) you no longer have to lie to your dermatologist (or yourself) about applying SPF everyday. It’s a color corrector, moisturizer, and SPF all in one. I can’t speak highly enough about it.",2020-04-17
P430337,1,"The Good: very nice texture, glides on like a gel yet has a consistency of a cream.Smell is great. The Bad: It didnt mix well with any of my primers or foundations (made them all melt away), and just sat on my skin.I could actually see a mixture of moisturizer and foundation caking up in the creases of fine lines..yuck.  The Ugly: I bought this cream a while ago (maybe like nearly a year ago?) and I started to break out with tiny red whiteheads. Thought it could be a new mask I was using. I stopped using it, got my skin all cleared up and gave this another shot, but... SAME THING HAPPENED!  So what do I do again (because I love the brand)? I get my skin back to norm and give this another try....same breakouts. Anyhow, I was bummed out and couldnt return it at that point. So I started to use it on my neck only (not to throw away nearly  a full jar of pricy moisturizer) ...have to say it did just fine on my neck. But last week I run out of my regular DR Jart, so decided to use this one on my face and not just my neck.....guess what Im dealing with now?!?! :/ P.s. in addition to tiny red whiteheads this also gives me flaky dry patches.",2019-08-11
P126301,5,"I ADORE this product! I wear full-coverage makeup and lots of eyemakeup and this takes it off so easily. There is no strong smell, it immediately turns into a milky cleanser, and it rinses away easily. My skin feels great after I use it! Also, its great on the end of a q-tip for erasing any eye makeup mistakes!",2014-04-15
P453816,5,This stuff is the bomb!!! Took all my makeup off easily and didn’t leave any residue. Buy it!!!!!,2017-09-12
P411387,5,"This is my absolute favorite cleanser. I have repurchased twice and will continue to do so. The smell is light and fresh, it doesn’t leave my face feeling tight or dried out. My skin always looks so great after cleansing with this. You couldn’t get me to switch to anything else!",2019-07-21
P423688,5,"Disclaimer: Bzz Agent review of free product to try first.That being said, this exfoliant is AWESOME! I was a little thrown, at first, because it’s a powder that comes out of a regular looking (liquid facial care product) bottle, but maybe that was the only way to keep moisture out of the powder between uses? I was also unsure about how difficult (& wasteful, effective, etc...) a powder exfoliant, that I mix with water, in my hand, in the shower would be. As it turned out, being able to “adjust“ the exfoliant to water ratio makes this ideal for daily use, plus it’s easy to do, with very little waste (none that I could even see)! My face has felt soft after every shower, and, starting with the first day I used it, I’ve noticed small areas where impurities are coming to the surface. Not a major breakout, or blackheads, just subtle, tiny, painless, no-one-else-would-notice spots. Dermalogica does an amazing job of balancing innovation with simplicity! This is a unique product that will make anyone happy they gave it a try, and I really hope you do!",2020-03-13
P429952,5,"I have been using this product for a week and I can see how it is a staple in so many people’s beauty routine. I will continue to use it for a month before I say it’s a staple for me but I can say I’m excited to use it every time and see results! I have combination skin and going into the winter is when it leans to the drier side. When I first got this I thought I would wear it for 10 minutes and wash it off. NOPE! I like to wash tone serum then this to lock everything in overnight. My favorite combo has been this and my Farmacy Honeyglow! Gives the face a happy glow. I like the fact you don’t have to wash it off, how thick it is, the not to strong smell and the glow it gives my face.",2019-10-27
P309308,5,"I love this all in one treatment from Sunday Riley. Lactic acid works great at smoothing and brightening the skin. I’ve been using it every night, more like a serum (waiting about one minute before applying moisturizer), and after just 3 days I can notice that my skin looks brighter and less prone to breakouts. There’s a slight scent that is neither good nor bad but it fades super quick. And the consistency is a bit like a lotion / light cream. There’s a pump to help dispense a small amount each time (one pump seems enough, two pumps is more than enough to cover the entire face). I was gifted by Sunday Riley.",2021-02-07
P375849,3,I enjoy this essence but probably won’t purchase when I run out. It doesn’t cause any breakouts or irritation for my sensitive skin. It also doesn’t make a noticeable difference. It feels nice when applying and the scent isn’t overwhelming.,2021-06-10
P218700,5,Great for the under eyes area,2010-06-03
P427421,5,"Another expensive product worth the price! I had fine lines on my forehead and under my eyes and this stuff reduced them in what it seems like over night. I have very sensitive skin so I recommend only using this at night to start. Also, because it has peptides in the formula, be careful using it with other acids to start.",2022-07-10
P471546,5,This works great for my red spots either as a spot treatment or all over my face. I use it alone and with other products. Will repurchase!,2023-02-24
P442563,5,"Absolutely LOVE this product. I have combination skin and have serious problems with clogged pores in my T-zone, but this product has made drastic changes in my skins tone and texture. I use this about once a week and my pores are getting clearer and clearer with each use, my skin tone is more even, and my acne issues are clearing up as well. I’ve had a little bit of purging but just be patient because the long term benefits are worth it. Follow the directions to a T and if you have sensitive skin I’d recommend taking it off before the full ten min until your skin tolerance to acids build up. Definitely worth it, and I can’t believe how affordable it is.",2019-04-08
P427421,3,"I have used this for several months as part of a total overhaul of my skincare.  I use it at night.  I have picky dry skin that doesn’t do well with goopy product.  This has worked well.  However, I will not buy it again unless and until the package is redone.  It sits on my shelf next to another product, of the same oz.  This is TWICE the size.  There are lids and pumps and way too many plastic parts.  Just put it in a jar.  It totally defeats the “clean at Sephora“ label to have a clean product in so much packaging.  Sort of an oxymoron.  So yes, after literally decades looking for a good overnight cream I found one and I will walk away due to packaging.  It is that important to me.",2021-03-02
P269122,5,"I received one of these 2 step pads (2 pads in total) as one of my 3 free samples with an order a while back. The extra-strength made me think that they would be too harsh on my sensitive skin so I never used them. Last night, after getting out of the shower, I was not pleased with my skins appearance. My pores were clogged and overall my skin tone did not look great. I decided to try these and was not expecting anything because I never see results from anything after just one use. To my surprised I woke up in the morning and my skin looked great. I had a healthy glow and complexion. I was very impressed by this pads after just one use!!! They are pricey but I am definitely going to save up to purchase some!",2015-12-02
P417238,3,"I have heard lots of great things about this product but I will not be purchasing due to it containing polyethylene. If you are purchasing this under the impression that it is a clean product, be aware polyethylene is a micro plastic. I would totally purchase this product if this was not the case.",2020-05-04
P411540,5,I really like this product. It is a great mix between a natural and matte finish so it’s perfect. Also I would say do not fear about the orange. When I tried it I on my hand I had a panic buy when applied to my face it blends out beautifully and I am pretty fair skinned Also watch videos. It is recommended you warm up the product in the your hands and pat onto the face.,2022-04-22
P122900,5,"I’ve been searching for a moisturizer to cater to my combo, extremely sensitive, acne prone skin for such a long time and I have found it! This moisturizer is light weight, doesn’t leave a film(like with aloe vera gel or other “gel“ moisturizers i’ve tried), and scent free. It’s perfect for the summer and winter! I’ve noticed a dramatic difference in the quality of my skin after using this and I highly recommended it to others who have annoying skin - like me :D",2016-07-22
P427417,5,Awesome product. Have only been using it for over a week now - but it already shows improvement in my skin. Got it for some forehead acne and blemishes. Would surely recommend it!!,2020-05-03
P248407,5,"Eucerin ❌, Vaseline ❌, Mustela ❌, Wedela ❌, Aveeno ❌, Nivea ❌, Aquaphor ❌, Dr Rx ❌, CeraVe ❌, Cetaphil ❌ Absolutely nothing has helped my extreme pain, dryness and itch to go away or be soothed like FAB Ultra Repair Cream. This is magic and it’s exactly what my hands have needed. I actually bought the mango and grapefruit a while back and I didn’t care for it on my face so I left it in my cabinet. I recently decided to give it a try on my hands and it’s just a miracle cream, I bought more last week and my hands are about 80% better, I haven’t felt the burn when I simply wash my hands, my skin isn’t splitting and my hands don’t look old anymore. It can be a bit on the pricier side but it’s so worth it. Please don’t ever discontinue. This works 100%!!!",2022-03-12
P430337,3,"I bought this lotion and serum that went with it. Let me start by saying it smells amazing. I finished it fairly quickly even though I only used it before bed. I found myself hoping to wake up with glowing and bright skin and ran out of the product before seeing any effect really. My skin isn’t any softer, clearer, or more even than it was before.",2020-05-17
P471546,5,wow wow wow! what took me so long to try this? i’m terrible about wearing sunscreen b/c most of the time it breaks me out..but this has changed my mind! this has taken the place of my daily bb cream. it really does color match to your skin and relieves overall redness. amazing product!,2020-04-22
P456207,5,"I actually love this cream on my skin. It feels amazing.. and it doesn’t feel like it dries out my skin at all. I think I’ll be purchasing this in the long run, and will continue to use it on my skin. It keeps my skin pretty smooth and soft the whole day.",2020-03-10
P297524,5,You can see a huge difference immediately after washing off this mask. I have very sensitive skin and it does not irritate or dry my skin. This is the only detoxifying mask I will put on my face!,2019-06-12
P429952,2,"I tried this out for a few days. I was very excited to get my hands on this, however it did not live up to the hype that everyone was talking about. It did not hydrate my skin, which is something I was looking for. It does smell good, peppermint-ish, and it gives a cooling effect that is nice. I don’t think I sill repurchase this.I really wanted to love this product but it did not live up to what it to my expectations.",2020-08-17
P411540,3,Not the best for sensitive skin. I got this as a complimentary influenster gift and was not impressed.,2021-03-04
P427421,3,"This was the first product I ever purchased from the drunk elephant brand. I have combination, sensitive, acne-probe skin and I’m constantly in a battle for balance with my skin. I’ve tried literally every product available. I loved the light-weight texture of this product, the dispenser is state of the art for reducing product exposure to air, which deactivates the active ingredients for which we purchased the product in the first place.  Genius packaging, seriously.  Where this product fell short for me was that it wasn’t moisture from enough for my skin since I use Differin every night. I was just too flaky so I had to try the lala whipped instead. Would be really good as a lightweight daytime moisturizer for someone without my skin issues.",2020-01-23
P480612,4,"I can’t believe how lightweight this cream is and it’s so hydrating. It doesn’t leave your skin feeling sticky and your skin feels amazing the whole day. I have combination skin but mostly oily. I don’t really like the scent of it, it kind of smells like plato. I wouldn’t purchase it because it’s very expensive.",2022-02-01
P269122,5,"I received a sample of this product from PinchMe, and boy am I glad. Dr. Grossman’s chemical peel gave me superb results even though I only had 3 treatments. My Pores shrunk and some of my scars are less noticeable. Definitely worth buying! It will be my next purchae! I’m sure the rest of the line would intensify the results. I looked into getting a professional chemical peel, and paaqaside from being $3000,some of the meds I’m on are not good at mixing with anathesia. And I was advised  I could not go out during the day for at least 2 weeks after the procedure, bc I would have red, raw skin that should not be exposed to sunlight and is quite painful. I’m sure it leaves your skin beautiful once you’ve had one, but I don’t think I’m ready for that drastic step. I’m quite content to keep using this product to hasten my skin renewal without all those side effects. Of course the payoff isn’t as great as a professional chemical peel but neither are the side effects.",2019-01-11
P411387,5,"I freaking love this cleanser. I was worried that maybe it was all hype but I went into Sephora after mimosas one day and impulse bought anyway. It is sooo pleasant to use!! Has not broken me out at all, and my face feels really clean and soft after rinsing off. I usually use SR ceramic slip and will continue to use that one, but I see myself ordering a refill for this too once it runs out. I’m excited to try other YTTP products now. If you like to indulge on a cleanser this is a good one to try",2021-09-12
P232915,4,This will get rid of dead skin so quickly and make your skin feel so clean and fresh. It’s very expensive for the size you get and that’s the only reason I didn’t give it five stars.,2015-06-26
P394639,3,"Again, I received this product free to test and review. Just like the aloe one, I don’t think this performs any better than other, more budget-friendly, moisturizers. It’s a nice consistency, and feels good going on, but this one has an almost medicated scent to it??? It doesn’t last long, but it is a little weird. Regardless, it’s not a bad product, but it’s not life-changing. I’ll pass on this one.",2020-05-24
P460779,5,"bareMinerals created Skinlongevity Long Life Herb Anti-Aging Face Serum and I just love it! This serum is not too heavy on your skin, a little goes a long way! My skin immediately felt hydrated and soft after applying. I used daily and saw results fairly soon! My skin tone evened out and my fine wrinkles around my eyes improved! This is a great product and great value!",2021-02-27
P309308,4,I use this on top of the Sunday Riley luna night oil and get amazing results!! My skin is clear and feels so smooth,2021-01-14
P481817,4,"Surely refreshing, cooling, even a bit firming for a setting spray. The mist is heaven if you refrigerated it for a while before applying. It puts your makeup together, and brings you that subtle glow to your foundation that can ‘mislead’ people from distance that you have a beautiful skin- not oily, just naturally glowing. And it is oil-controlling, which is why I love it for the first place.However, this is certainly not hydrating. And the glowing won’t last if your skin becomes dehydrated during long hours makeup. That’s when you feel desiccated, which is not great for the winter in the North.",2020-01-17
P453816,3,I like this product for its ingredients but the farmacy one still does a better job at removing makeup...this one just smears waterproof mascara around on my face and doesn’t actually lift it. I find myself using more of this product to actually get all of my makeup off than when I was using the farmacy one. I just wish the farmacy one had these ingredients!!,2021-04-09
P248404,4,"I really like it. My skin decided to go crazy breakout a lot, I needed something new and I tried this. I have sensitive skin and it works great. Probay going to buy the bigger size.",2015-07-06
P269122,5,These pads have literally changed my skin completely ! I struggle with hormonal acne and had scars on my face due to a few cystic pimples ! Within the first week my skin cleared up and the marks are noticeably faded ! They are a bit pricey but It is so worth it to wake up with a clear fair and confidence in the morning ! I’ve read people cutting the wipes in half to save money !,2018-06-17
P417238,5,This balm is fantastic! Apply it to dry face and melts away all makeup. Does not strip my skin and is very hydrating!,2021-03-14
P421275,4,Loved these. Had a huge and painful pimple under my skin. Popped one on on my way to work and the next day it was almost completely better! I took a bunch to the office for my friends to try and no one has complained yet!,2019-06-25
P454794,1,"This product dried my skin out, and I have oily skin! It also was a bit irritating. Then I looked at the ingredients and saw alcohol. This is not a moisturizer if it has alcohol in it. That’s crazy. Not to mention all of the irritants that it contains. Fragrance, and the “gold,” to name a few unnecessary irritants. Gold is a metal, even in the small amount that’s in here, how could it not be irritating to the skin to rub tiny fragments of metal on your skin and not expect irritation or even inflammation. Strange product.",2019-06-09
P12573,5,"Love, love, LOVE this product! Super moisturizing without feeling heavy and the lemon & chamomile smells just right without being overpowering.I was suspicious (how can a lip balm be worth $7?), but I will never go back.",2008-11-18
P443563,3,I think this product is pretty boring. It’s nice and classy but I don’t think it’s anything special also the pear flavor is very subtle.,2019-04-06
P418218,5,"got the cutest looking sample ever. feels so amazing on my face, makes my skin so happy and hydrated :)",2017-08-09
P422905,5,"I have really dry skin, so I apply during the day with my other morning routine products and at night to keep my skin under my eyes hydrated. It has brightened my under eyes a bit and they’re definitely smoother which mom of 2 boys that gets no sleep is amazing! And yes finally a product that doesn’t have a chemically smell when saying they are not scented!",2021-06-19
P126301,5,"I really wanted to buy this, but I thought it was pretty expensive for what it is, considering you can get a huge container of coconut oil for way cheaper. So, when the small version came out for $13 I was excited to try it. I used the smallest amount and it took off full coverage foundation and all my mascara. It’s extremely light weight (unlike coconut oil) and doesn’t clog my pores. I’ve bee using it for 2 weeks and have barely put a dent in the small one, but I went out and got the large one anyways. It is expensive, but will last you forever!",2016-12-28
P417238,5,Amazing at removing makeup or just as a cleanser. It has a clean smell and I’ve also noticed a lot of my redness has been calmed down with this product as well as softer skin.,2020-01-05
P426183,5,Soaks up into the skin very well and makes it feel very fresh and rejuvenated! I highly recommend this and will continue to use it daily!,2021-05-10
P7880,5,"My face has never been in better shape, love this face wash.",2009-11-09
P423688,5,"I have never tried an exfoliant like this. And so I was excited to try it out. It’s super simple to use. You wet your hands then pour some of the powder into your palm, rub your hands together then massage your face. I have to adjust the ratio a bit when I first used it but I figured it out and my skin felt so good. So soft and shiny. I have had no reactions to this product and am so happy to keep using it.",2022-01-08
P421275,5,"Easy apply healing acne dots ! Just leave it overnight , the next morning my zit is dry up , continue to use for better result !! Break out can be annoying . And this is actually help u to drying up the acne , just put the dots on and leave it over night . Thanks to #Influenster who gave me this as a complimentary to try on .",2019-06-07
P42204,5,"Excellent for lips and cuticle, I use it everynight",2010-02-19
P417238,5,I tried using the boscia oil makeup remover but it did not take off my waterproof mascara. I went to exchange it for something stronger and the Sephora worker told me about this. I absolutely love it! It takes off my thick waterproof mascara!,2018-11-07
P456207,4,This is a great everyday moisturizer for my combination skin. The cream absorbs fast and makes my face feel hydrated. It smells good and does not feel greasy or filmy.,2020-04-06
P420652,5,Love this mask. Religious lip balm wearer but this mask makes such a huge difference. I don’t know if I can ever be without it!,2018-02-26
P450271,1,This was my holy grail make up remover until I read the other reviews about polyethylene being an ingredient. So disappointed in this brand. Will not be purchasing again.,2019-11-11
P441101,5,"My 42yo face adores this cream. It is the most moisturizing cream I’ve ever tried, and yet it’s smooth under make-up and doesn’t leave me shiny. I wish it came in a larger tub!",2021-02-06
P394624,5,"By far the best moisturizer I have ever used in my entire life. I have very flaky, dry skin and this is the only product I have found that gets ride of my flakiness and plumps and moisturizes. For everyone saying it’s too greasy, YOURE USING TO MUCH. this can be a heavy mess if you use too much. Works better with a light amount which is good so it lasts longer.",2017-12-05
P443352,5,"I received this product complimentary from Dermalogica in exchange for my honest opinion. It helps leave my skin so soft and smooth. It removes all the dry/ dead skin and helps keeping it bright and rejuvenated. I definitely recommend this product, I love it!",2021-10-19
P453816,5,I wear full face makeup daily.  Waterproof eyes and all.  This stuff is great.  Definitely will repurchase.,2017-02-20
P481817,5,"I really like this product, I use it throughout the day its a great pick me up. Re freshens my complexion i think its a summer must have , the scent can overwhelming for some.",2010-06-20
P409800,5,Very useful I really recommend it to you guys. It cleanses you’re fave very well and hands to I really liked it so I think you guys will to.,2019-09-13
P269122,5,"These things will change your life! (the life of your skin, that is.) I have been using them off and on for about the past 10 years. They are pricey but definitely worth it. They even out skin tone, fade my sun spots and make my skin look radiant. Even though they are “extra strength“ they are gentle enough to use daily. I feel a very mild tingle sensation when I use the first pad, and the second pad feeling very cooling and refreshing. You won’t be disappointed with these.",2020-04-29
P458219,5,I got this product from my #springIntoCleanVoxBox a few days ago and I started using it at night and I like how soft my face is with This also feels  and hydrated. The smell is not very strong and not a lot similar like watermelon but is still very fresh.,2020-05-06
P269122,5,This product really works for your breakouts on your face. Its grat that you can use it in the morning or at night. I do recommend it. Im glad i got to try this product as a sample,2020-05-20
P420652,5,"I love this lip mask. Living in New England, the winters dry out my lips a lot. I used lip balm regularly but my lips would still be cracked and even bleed once in a while. This lip mask was a life saver. Helped my lips and kept them soft and moisturized.",2020-05-05
P417238,5,Actually melts away all my makeup even very stubborn mascara! Love this is a game changer for skincare as a double cleanse step !!,2022-01-12
P456412,5,"This product is great for dehydrated skin. It’s creamy and helps with winter skin. It has a milky texture and after washing doesn’t leave your face feeling squeaky clean but moisturized. It is a lot for a wash but you don’t need a lot. I received my wash to review from influenster and if you are not sure about this, then get a sample from Sephora to test out.",2019-03-28
P302103,4,I have bought this multiple times. Works well but I don’t have overly dry lips. I would say maybe not as effective for places where you have harsher winters. I prefer Bite Agave Lip Mask for those purposes. Wish the price point wasn’t so high.,2019-11-12
P248407,4,I’ve been having issues with keeping my cheeks and chin from drying out and leaving these damaged patches. This repair cream is great for dry skin but for my severely dry skin I still needed other creams (I used face oils and the Sephora instant moisture cream). But I’m very satisfied with this cream overall. Will definitely repurchase!,2014-01-14
P411540,2,"I usually love Dr Jart products but this one wasn’t that great for me. I have a bit of rosacea on my cheeks near my nose and thought this would be great. The product is very thick, almost like a putty, and the color made my skin look weird. I’m not giving up on the Cicarepair completely, though. I’m returning this to get the Cicarepair cream in the tube. I think it may work better for me. I couldn’t decide which to get so I opted for this color correcting cream. I was disappointed.However, just because it didn’t work for me doesn’t mean it won’t work for you. As thick as it is, I don’t think it will break your skin out so it’s worth a try.",2016-10-28
P392246,3,Nice moisturizer. It didn’t irritate my skin,2016-06-07
P441644,1,"I didn’t like it. Way too watery, I felt like I didn’t put anything on my skin. Doesn’t remove makeuo either.",2017-08-04
P417238,5,"I’ve used other cleansing balms/oils but they don’t even compare to this! It melts instantly and you only need a little bit to get a full face of makeup off. I was truly surprised when every bit of my mascara melted right off! It comes right off with water too. No greasy residue and your skin is left soft and supple! I also didn’t experience any eye irritation, which has happened with other makeup removers. Great for travel! I will definitely be repurchasing.",2018-09-14
P218700,4,"Have only used this product for my hair and I love it. I have damaged hair and I apply this after washing my hair and leaves my hair shiny and smooth. Have not tried on my face yet, I have sensitive skin and read reviews about break outs and I already have problems with that :/",2016-11-16
P302103,5,"LOVE THIS! Oh man, do my lips feel soft and plump and hydrated in this! So silky and luxurious! The color is enough of a pale pink tint to make it refreshing and noticeable. It smells lovely, and lasts hours. Will be getting again!",2019-06-10
P218700,5,"I have used this product for years, it is wonderful.",2019-06-13
P441101,2,"I am obsessed with Tatcha, I use Tatcha for almost all of my skincare products, but I didn’t love this moisturizer. I thought it was just O.K. compared to their other moisturizers. It smells kind of off, I didn’t feel it left a dewy finish on my skin, and I also didn’t feel like it was very hydrating. I wouldn’t buy this in the future. But I do love The Water Cream and The Silk Cream from Tatcha!!",2020-08-09
P481817,3,it is just an okay product not a must for skincare,2014-12-18
P232915,5,I can not believe I haven’t reviewed this before! I talk about it all the time when anyone asks for skincare suggestions! This is one of my all time favorite products. I have combo acne prone skin and this really helps to tame it. I use this probably once a week (I have something else I also use once a week) and then I usually use some sort of clay mask afterward and it’s helped my skin a lot. Even when I only use this my skin is so much smoother and brighter and just over all better.,2018-04-07
P453816,5,"I’ve purchases the large tub about three or four times and a little mini size to keep at our vacation home. I refuse to use anything but this balm when taking off my makeup. Mascara literally slides off of your eyelashes, it’s magic.",2018-03-29
P423688,5,This product is different from many exfoliators because it is powder. I prefer beads but the rice powder did the trick as well. I enjoy that so much and also the fact that it really foams up. A little goes a long way with this product. The best part of my first wash is that it left my skin feeling soft just as close as baby’s skin. Ever since I started using this my face has cleared up blemishes. I definitely recommend this product to a family member because it was amazing after I used it.,2020-10-15
P411387,4,"To start with, the packaging was very thoughtful. They put it in a brown box that’s giving the “clean“ vibe. They also provided 2 caps (handy when traveling)! Not to mention the fact that the color and smell is amazing. It does make my face feel tighter, refreshing, and clean- however, I have a dry skin, and this make my skin feel tighter in a dry way afterward (you can see the flakiness below my nose). I would say it’s a bit overprice for its quality. I don’t feel that much different. Another thing is that it doesn’t effectively remove my makeup. Especially, eyeliner. I can see why though. This is a gentle and clean cleanser, so nothing surprising. I found that by using cotton pads to wipe of the foam help removing my makeup (a great way to see if there’s any makeup left or not). If you wear light makeup, you’ll be fine. For anyone wearing waterproof or somewhat lots of makeup, consider purchasing a makeup remover. Overall, it’s a great product! It did what it supposed to do. So that’s why I’m rating it 4 stars. Oh- did I forgot to mention the fact that it’s clean and vegan (+ no fragrance)? I’m in love with how effective it is compares to the other gentle cleansers out there. Just 1 star off for overprice and unable to remove all my makeup :))",2022-09-02
P417238,5,"I used a sample of this to remove a full face of makeup. I scooped enough product out to cover my entire face and just gently rubbed in circles. My makeup came off effortlessly, and I didn’t break out from the product. I did then wash my face with my regular face wash. I will be buying the full size, so I highly recommend this product.",2018-12-23
P471546,5,"Wow I never remember to write reviews but this stuff is amazing. I have been struggling with redness on my chin and forehead, and this perfectly covered and corrected it and made me feel way more confident going out.",2021-08-19
P429952,5,"I am 35, with very little sleep in my life, tons of food allergies and a high needs child— so I always look like the walking dead :) I’ve tried everything from over the counter all natural products to high end “dermatologist created” products and the jet lag mask is BY FAR the best at making my eyes appear more human than rodent in the night. I keep hydrated and eat mostly clean, but nothing seems to help reenergize my eyes, giving the appearance of slept a good 8 hours interrupted except the Jet Lag mask. I can not recommend this enough to friends.",2019-07-03
P420652,5,"WOWZA! My lips have been so dry and cracked with the weather but only using this once, there’s a complete difference!My lips feel softer and fuller! Highly recommend with the oncoming colder months!",2017-09-12
P126301,5,Love this cleansing balm! I wear a lot of mascara and it takes it right off,2021-08-12
P450271,5,I really liked using this. I gave up using wipes & it’s been a great transition thanks to this. My makeup melts right off & I’m so glad I got this! It also didn’t break me out,2020-06-10
P456412,1,I really wanted to like this product and there were things I did like about it. The soft feel when I put it on and the lack of crazy fragrances. Unfortunately the first time I used it I broke out. I switched back to My normal one and it cleared up. I tried again and I broke out again. I did get this product free to review,2019-04-20
P422905,5,"This is perfect for the winter time, especially when you already struggle with dry skin!  I would buy it again, and again!  I bought this in one of the holiday kits, and I loved it so much that I went out and bought a full size of it.",2019-01-09
P248407,5,"I always get red, dry splotchy hands in the winter to the point where they burn. I have tried so many lotions and hand creams and nothing seemed to help until I tried this. I have been using this once or twice a day for about a week, and my hands are softer than they have ever been!",2019-12-18
P427417,5,"Bought this product for my partner and myself 4 months ago and it has been a part of our daily routines since. My partner’s skin (which is oily and acne-prone) has not been this clear in our 5 years together and my skin’s texture is more even! We gently pat the serum into our skin, instead of rubbing, which helps avoid any ’soapy’ texture other reviewers have mentioned.",2021-01-16
P456398,4,"Sunscreen application does not end with the summer. As a girl with dry skin, I love the “greasy” texture of this sunscreen. It does take a bit to absorb, but my skin benefits from the moisture. It does sting a bit around the eyes so be careful. I would give it five stars if it was free of fragrance.",2020-11-28
P418218,3,THIS IS AN OK MOISTURIZER BUT I LIKE THE TATCHA ONE THAT IS THE NEXT STEP UP FROM THIS ONE IN THE WHITE JAR.THE WATER CREAM IS A LITTLE ON THE LIGHT SIDE FOR MY SKIN.THE ONE IN THE WHITE JAR IS JUST RIGHT FOR MY SKIN ITS A LITTLE MORE MOISTURIZING.THE PRICE DIFFERENCE IS MAJOR. I THINK I WILL LIKELY JUST GO BACK TO DIOR TOTALE,2018-01-13
P248407,5,"I have had issues with eczema on my eyelids for 4 yrs now and nothing helped like this cream. Along with the FAB Healing Stick, I am healed. I have tried the cleanser too and I am loving that as well. Great products overall.",2010-07-11
P420652,5,Worth the money! makes my lips so soft and you can tell by just looking at them. My lips would keep getting chapped due to change of the whether and ever since I bought this they haven’t been chapped. Love this product and will forever buy and recommend to everyone.,2020-04-26
P427419,5,I’ve been using this for about 2 months now and it’s honestly one of my favourite serums I’ve ever tried! I have sensitive combination skin and this helps my face feel soft n moisturized without a heavy oily feel. I use it with Niacinamide and my skin feels sooo amazing!,2021-10-14
P443352,5,This stuff has been SUCH a lifesaver for my dry skin! Makes my skin feel absolutely amazing and keeps the flakes to a minimum! Absolutely one of my top skin care products!!,2020-02-12
P456207,5,I received this complimentary in my Vox box. This stuff is so amazing. My skin is extremely dry right now with the weather being out of control and the has been my saving grace. It’s extremely lightweight and makes your skin feel Devine aftwrwards. Highly recommend,2020-03-09
P297524,5,"I love this mask so much, I love Origins products in general they work so well. I have had some clogged pores for a few months now and after using this mask twice a week for 3 weeks my skin is so much clearer. I’ve already repurchased an have noticed that during the pesky time of month I have way less breakouts. I received this complimentary for testing.",2018-05-17
P309308,5,"I was gifted by Sunday Riley this fabulous product and whoa this has made my skin so much brighter, smoother, and clearer! I love how it goes on and makes my skin better each time I use it! Definitely a game changer in my skin routine and I highly recommend if you are aging and want results like I do!",2021-02-04
P427417,5,"A tad skeptical when I first purchased this, I’m certainly now a believer! I have very difficult skin. The worst oily skin you can imagine, acne, redness, unevenness, and sensitivity. I was worried that this product would irritate my skin. After adding this product to my skincare routine, I noticed definite improvements in just a few days! My skin LOVES this stuff! It has certainly earned a permanent spot in my skin care routine!",2019-03-13
P427421,2,"I hoped a lot from this product, bought the full size and did finish it. But, would definitely not purchase again. I have dry skin and have trouble finding products that keep my skin feeling moisturized for more than a few hours. This cream did not moisturize my skin at all, but was very thick (I normally prefer thick formulas) and just sat on the skin without sinking in.",2021-01-06
P218700,5,"This is perfect before a workout, it absorbs quickly and stays on you throughout a good workout!",2011-02-16
P450271,5,"I absolutely love this cleansing balm! I have seen it being recommended on multiple platforms and not sure what took so long for me to give it a try! I used to have Then I Met You duo as my go to, however I always had to use separate eye makeup remover for my waterproof mascara. With Farmacy Green Clean, everything melts away! I always double cleanse, so I still follow up with cleansing gel, but all the makeup easily comes off in first step with this balm. Absolutely will repurchase and recommend!",2020-03-16
P248404,5,"I have just used it twice so far and absolutely love! It’s not often that I try something and love it so quick! It made my face feel clean, not tight and u could see the makeup and other crud wash right off! So glad I was introduced to this!",2015-02-07
P420652,5,Completely obsessed with this! I have a tendency to bite my lips and often am left with my lips feeling cracked and super dry and this mask I use day or night whenever I need and it works wonders!,2019-06-30
P411387,5,This is definitely in my top 5 cleansers. It is so nourishing and like a warm blanket for the face. The texture and bottle are so beautiful. I find the bootle lasts a long time and love the clear bottle to see when It is near empty.,2021-06-30
P427421,1,"I literally created a profile just to review this moisturizer. I got a sample of this from Sephora for my birthday and I was so excited to try it because of all the great things I heard from drunk elephant. This experience has been the most disappointing due to the prestige of the brand, the hype around it, and the price point. I used this on my face in March and right after I got tiny bumps all over my cheeks that were red and blotchy, then got really dry, and took a few days to go away. I thought that these were possibly from my travels or some other factor. I stopped using the product regardless because I didn’t like how it felt on the face, feeling thick and almost mattefying. Two days ago I decided to put this product to use once again but this time for my neck at night time. The next morning, I woke up with my neck all red and slightly itchy with tiny little bumps. Today, one day after, those bumps still prevalent and feel extremely dry. I now know that the previous reaction on my face is the exact same as this one on my neck and is due to this moisturizer. If I was the only one who had this reaction I would say it’s probably my own fault due to my seneisitive skin, but seeing so many other 1 star reviews saying it gave them the exact same reaction, I would say to totally avoid this product!! Something that can trigger a skin irritation like this across the board obviously has some ingredients that are probably not best for the skin, so proceed with caution!!",2019-06-08
P443563,5,"I received this lip balm complimentary in exchange for my honest opinion and I absolutely love it! It has become my new favourite lip gloss. I have been searching for a lip balm I loved for the last couple of years since my last favourite lip balm was discontinued. The things I love best about this lip balm are: that it provides a nice shine, it is very moisturizing, it provides just a tiny of a berry colour, and the taste and scent is absolutely amazing! It has the scent/ flavour of fresh berries, it’s so lovely! I find that the moisture last for many hours and the consistency is very nice and dewy. This lip gloss is nice on its own and it works well as a base with a layer of lip stick over top, for a darker tint. Though I have to say, the soft berry colour is very nice and very natural looking. I typically just wear this on it’s own. This is my new favourite lip gloss and I’m so glad I found it! I will definitely be purchasing this in the future, it is a beautiful gloss on all accounts! #gotitfree #freesample #laneige #laneigeca @laneigeca #ad",2019-06-18
P427421,4,"I absolutely love this and use it every day, but I just ran out this morning. Which was weird because I felt like I hadn’t had it that long. I just looked, the jar only lasted a little over a month. I am torn because $68 a month is way too steep. Love DE and their products, but biggest complaint about the packaging is it’s impossible to know how much is left until you’re out.",2019-07-16
P394639,5,"This little cream gel is truly lovely - it’s light, with a subtle fresh smell and glides on smoothly. A little goes a long way and hydrates wonderfully. This one is a winner!",2021-08-30
P411387,5,THIS is one of the best cleansers I use. I have sensitive skin and this cleanser takes off all of my makeup without irritating my eyes or skin. The smell is amazing and the formula is soothing. Definitely an everyday item.,2018-08-11
P454794,1,I truly do not understand what the hype is with this product. It’s hardly moisturizing and feels like air - and not in a good way. I noticed zero benefit or difference in my skin. An absolute waste of money.,2020-04-23
P232903,5,"Really great spot treatment product. Don’t use every day, or even every week because it’s very strong, but when I really need a blemish to be gone, this does the trick. Great application, intense enough to conquer blemishes quickly, and a good value. My boyfriend actually tried some of mine and has since bought his own. Can’t say enough great things about this product!",2014-03-25
P302103,5,Rose was out of stock and I had to get something so I tried the Advanced Intense Hydration. I am so happy I tried it. I have a few chapsticks in my bag but I always use this one. My dry lips are no longer dry.,2023-02-05
P218700,1,"This oil clogged pores on my face. So i definitely wouldn’t recommend it for acne prone skin. I give it one star only because i still use it on my hair , and it seems to tame frizz, but really not worth the price.",2012-03-07
P297516,5,just bought this about a week ago and so far so great. lightweight but also gets the job done. i love a face wash that lathers and this one definitely does that. just a little bit goes a long way. the texture is so smooth. it also smells like a pack of gum. i have dry skin with a semi oily t-zone so face washes are hard for me to find but this one is so good to me so far.,2019-07-30
P392246,3,I do weekly face scrub so maybe because of that I do not see any difference in using this product at all. It is very fast absorbing and feels very light on the skin. It might just be too mild for my skin.,2019-06-25
P248407,3,"This is an okay cream but it’s definitely not a super-powered moisturizer. It’s definitely not greasy, but it is very thick and I couldn’t wear it during the day.My main gripe is that not all of it sinks into the skin and the excess then pills and comes off in little “balls“, which makes it gross to use as a hand cream if you plan on moving out of the bathroom while it’s on.It’s okay, but I won’t buy it again.",2014-02-12
P427421,4,"If i could give 4.9 stars id do that because the packaging on this isnt the best. I like the hygienic aspect of the pump, but I can’t see how empty the container is. But this product saved my skin! I have combination skin (oily t zone, dry everywhere else) and this stuff feels like heaven on my skin. It smells so fresh and clean and feels so lightweight. It absorbs into my skin within MINUTES and makes an INSTANT difference! It is so so so worth the price tag. I will only be using this moisturizer from now on.",2021-03-19
P411540,5,This product has given me more confidence when I don’t have a full face of makeup. My face is just red all the time but now not as much. A little goes a long way.,2020-04-28
P441101,3,"This is is VERY oily aka dewy. It was great-ish for me during the winter months, but now that it’s spring I had to switch to a lighter facial moisturizer... and I’m glad I did. Here’s why...Even during the winter months, when I’d get SUPER DRY skin without using this moisturizer, this was still too heavy of a moisturizer. So much that I had to alternate every other day to a lighter one. For me, regardless of how I’d incorporate this moisturizer into my previous beauty routine, it really didn’t agree with my combination, hormonal cystic acne prone skin. I trialed an entire 1.7 oz and had daily cystic breakouts throughout the entire time I was trialing this.Now, I’m using CeraVe PM Moisturizer with Niacinamide to fade all my previously earned acne scars and control oil. For me, the CereVe PM works like a dream and I’ve been using it for 3 weeks now with no breakouts!Bottomline, everyone has their own unique skincare needs. This is a very high priced moisturizer. Packaging is beautiful, scent is YUM, but it just wasn’t a good fit for me.",2021-04-26
P470255,5,This sunscreen is super easy to apply and the best part is that it’s clear and invisible unlike many other sunscreens! It doesn’t leave you with chalky white stuff and your face. Highly recommend.,2018-04-18
P409800,2,The wipe itself isn’t too bad. Once you get to the exfoliating side it feels like sandpaper dragging across your skin and i do not have sensitive skin. Pick these up on a whim before a cross country trip.  The scent of the green tea version is nice and not overwhelming. Would only buy again if they changed the exfoliating side to something gentler.,2017-06-21
P470255,5,i loveeee this! i use it everyday before i put on my makeup. i didn’t want to get the glow screen bc i have combo skin,2023-01-17
P309308,5,"The tingle tells you it’s working, no?  I love this stuff. I was without it for two weeks while on vacation and I MISSED it. And my skin showed it. After returning home & using Good Genes every other night again, in no time it was back to good. Too many nights in a row & my skin shows a little dryness and irritation - but do what works for you. I’m on my second bottle now. Yes, it’s pricey - but you won’t be sorry. And when people say “you look so great, what’s your secret?“, you can just shrug your shoulders & say “Good Genes, I guess“.",2017-07-27
P270594,5,"this is my holy grail priming moisterizer. it also smells like a baby scent, and it feels luxourious on the skin. you can use it alone or under makeup.",2021-09-26
P411387,5,This face wash really is super! It’s not drying at all while also removing everything. A small amount really does go far. I like the high quality ingredients and no added perfumes. It’s a very fresh smell! I’m super sensitive to almost all cosmetics and this one does not irritate me at all!,2021-07-28
P392246,5,This stuff seriously is PURE MAGIC! I love it so much. I bought it at christmas time with a set for $98 which was a steal seeing as how this alone is $90! I have noticed a huge difference in my texture on my forehead and my nose. It isn’t fragranced which I love and doesn’t burn my skin either. Just a pump is enough to cover your whole face. Well worth the $$!!,2018-02-02
P232915,4,I received this product as a sample and loved the way it left my skin soft and glowing. I left it on for a minute instead of two as I have sensitive skin. I only gave it four stars because the smell definitely takes some getting used to.,2011-08-26
P427419,5,Great for what it is- immediate hydration that doesn’t break the bank or my skin out!,2020-06-12
P454794,2,"I do not recommend this product. I have been using the water cream for 2 weeks now, I feel this cream clogged my pore instead of “pore-perfecting”. I developed acne using this cream (I have combination skin, with oily t-zone), I don’t have sensitive skin. The water cream did feel moisturized and not oily, however I feel like it just sat on my skin instead of sinking into the skin. I’m glad I bought the smaller one with the cleanser first to try it out.",2019-04-11
P456412,4,This product is so creamy and delicious. It didn’t leave my skin feeling super dry and has a nice scent. Definitely looking forward to using this again. *I received this product as a free sample.*,2019-03-30
P427417,1,"Very disappointed in some recent Ordinary purchases. The Hyaluronic acid dried out my skin horrifically, & so did this. Once my skin recovered from the HA debacle, I was weary about trying this. I applied after some convincing, went to bed & woke up with the same issue I had with the HA. Dry, tight & peeling dry patches all over my face, except this caused breakouts as well. I couldn’t believe it, and chucked this immediately in the trash. 7 days later & tons of honey sheet masks & Aquaphor slathered on my face daily, my skin has recovered thankfully. Unfortunately, I will no longer order products from the Ordinary. I’m bummed because so many people recommend this, and many products work for so many other reviewers. I’m not one to write reviews, but I wanted to share my experience. I can’t even express how dry this made my skin- my skin is oily, & this sucked out any form of moisture. The dry patches where just ridiculous. Be weary before ordering.",2019-11-29
P429952,5,"This product is a STAPLE for my dry, sensitive, eczema-prone skin. I use it day and night as my moisturizer. Definitely keeps my skin soft and supple and I notice a huge difference in the texture of my skin when I use a different moisturizer.",2020-04-11
P467762,4,"After testing this product multiple times, it does leave my face feeling a bit tighter. It is a different texture (thicker) than some of the other toners I’ve used but I think that helps save some product! To me, it doesn’t essentially smell like watermelon like some of the other products in this line but I will definitely consider buying in the future. My face feels smooth after applying, no sticky residue. For the size, i think its worth the price.",2020-06-08
P394639,5,"This was one of my first hydration cream so, I wasn’t sure how good this was. Or I thought this was how all hydration cream is supposed to be like. This is much better than FRESH. Works like a charm and must have in the summer as it really calms and cools my skin while hydrating",2019-09-18
P454380,5,"Harmful sun rays? Don’t know her. White cast? Don’t know her. Greasy feel? Don’t know her. This is the best sunscreen I have ever used, I’m on my 6th repurchase, I won’t ever use another face sunscreen, because this is the best of the best. Can wear it alone, under makeup, in a pandemic, at the beach, at a ball, you name it",2020-09-12
P467762,5,"1. This is the cutest toner ever. I love this pink bottle.2. It makes my skin look hydrated and healthy.3. After couple of days of using it I notice a huge difference in the appearance of my pores. 4. This product has a unique stretchy texture, which I really like. 5. It smells so yummy I was tempting to taste it.6. This is my new fav toner.10/10 recommend.",2022-06-04
P456412,5,I can’t believe how hydrating and gentle this was is!! I have eczema and rosacea on my face and it’s been really hard to find a face wash that doesn’t leave my skin feeling stripped and dry. I think I found my new favorite!!!,2019-10-29
P232915,5,"Try the mini first, it lasts forever! I recently moved up to highest prescription strength tretinoin so my skin is usually peeling and dry. I use it once a week to once every 2 weeks to remove the dead skin, exfoliate and help remove my stubborn blackheads. I used it more often prior to tretinoin and it left my skin feeling soft and looking like I just got a facial. I read that it’s best to use in the shower right before you’re about to get out so your pores are open and I’ve found it’s more effective that way, (just don’t keep it in the shower). Be careful, it’s strong and your skin will tingle but I like it because I feel like it’s working. The smell is great if you like pumpkin!",2020-09-16
P411540,5,"I got a sample of this product and had no expectations. I have very fair skin that is prone to redness, rosacea, and even sometimes eczema. I usually like to just a wear moisturizer, SPF, and a vitamin C serum on my face during the day, but have been using the Hourglass foundation because of my redness/occasional breakouts. This product is a game changer. I am wearing it instead of the foundation stick because it zaps the redness from my face - which is exactly what I use the foundation to do. I find it hard to match my skin color since I’m so fair, so having a moisturizer that doesn’t put another color on and rather just zaps the red pigment from my skin is awesome. I’ll be buying the full size once my sample runs out.",2019-03-22
P420652,1,Not sure what went wrong but this lip mask gave me chapped lips!!!!! Nothing of what the reviews say... I love Laneige masks in general but not this one... def going back and now I need to fix the chapped lips I got using this,2020-05-16
P453816,5,Best cleanser for eye makeup!! Dissolves mascara and eyeliner with ease. I’ve repurchased countless number of times and will continue to do so!,2019-11-12
P394639,1,"I’m used to moisturizers feeling silky, smooth once applied. I felt like I needed to wash my face again and didn’t like the texture on my face. Unfortunately, this moisturizer wasn’t the right one for my skin.",2020-02-08
P456207,4,I like that it have a sticky feeling after applying. Not sure if it really did anything after a week of it but feels nice though.,2020-03-03
P297516,5,I’ve been using this cleanser for 2 years. It is gentle but effective and works fantastically with my Clarisonic. A little bit goes a long way.,2013-11-23
P420652,5,"I absolutely need this in my beauty routine! I gave chronically chapped lips (thanks Alberta winters), and this has saved my life. I tried hundreds of types of Chapsticks, balms, lip masks, and thus works the best! It’s buttery, light scent, and lasts a long time! I also find it slightly plumping, do to the hydrating effects. I bought one pot March 2021, and it lasted me until November, that is even after constant use. My husband also loves it, he runs up to my like a child saying “the cookie lip balm, please!“, he insists that we never leave the house without it loldefinitely a must have if you have dry lips and want to up your lip game!",2021-11-22
P232915,5,"I love how smooth and glowing my face is after using this. Before this I was using Nude Miracle Mask off and on, but I have found my HG. I have never seen results from a product as fast and as easily as I have with ExfoliKate. It’s gentle yet intensive.",2011-11-08
P418218,1,I tried to like this cream considering all the great reviews. Both times I got terrible results after a few days of using it. The lotion itself feels like it is made with cheap ingredients. Do not waste your time with this.,2020-12-16
P456398,5,I thought this sunscreen would be too oily for my oily skin and I’m wrong! Its lotion like and very light and comfortable when applying to my face. I’m acne-prone skin but don’t get breakout after using it for two weeks,2021-01-20
P420652,2,"I know a lot of people really like this product but it was an average lip balm for me. It smells really great and there’s a good amount in the jar...but it was not hydrating enough for me. In fact, I think it may have dried my lips out more...but I have very dry lips so I am probably the exception here.",2020-11-14
P429952,5,I received this product to try complimentary from summer fridays for my honest opinion. I really enjoyed how this made my face feel after use. I applied it left it on for 10 minutes then gently rinsed. My skin looked a little brighter and it was soft. I felt refreshed . I also would say it gave me a little glow.,2021-07-01
P232915,2,"Like other reviewers, I absolutely LOVE how this product makes my skin look and feel, but will be discontinuing my use because of its inclusion of polyethylene in its ingredients. I will gladly come back to this product once the formula is changed, as the actual exfoliator leaves my skin clean, clear, and refreshed, but as of now I find using it to be unconscionable.",2015-06-01
P421275,1,These didn’t really help at all. The pimples would not go away.,2021-11-09
P232915,5,I love this product but be careful don’t use it to often or your face will feel like you got a sunburn. I didn’t think it was doing enough so I used it 3 day in a row and my face felt burned for a day or so...not to bad but won’t do that again. I will buy this again.,2009-04-07
P427417,5,"I don’t have that much acne, but my skin has always been an oil slick, especially in my T zone. It’s gotten a little less oily as I’ve aged (I’m 28) but still made me self conscious. I have been using this for 4 days and have already noticed about a 50% reduction in my sebum production! Ive been using a tiny amount of this in the morning (only on my oily zones, as it kind of dried out  the other areas when I first used it like on my chin) before moisturizing and using the Hyaluronic acid from the ordinary at night, and it’s already made my skin so soft and dewy, but not shiny! Will definitely buy again.",2021-11-09
P411387,5,"This cleanser is INCREDIBLE! I love how it makes my skin feel after using it, isn’t drying like some cleansers, smells great, and i love how natural it is. I use a lot of YTTP products and this is definitely one of my faves. I highly recommend it.",2021-02-01
P392246,5,"This product is extremely effective at resurfacing your skin. The serum takes a while to absorb into the skin but once it does, it  makes skin clearer, brighter, and more even.  That said, it remains gentle. I alternate between this and the Lancer caviar lime mask.",2018-03-03
P427419,5,I used to use SkinCeuticals H. A Intensifier but really didn’t like it so one day I decided to try The Ordinary Hyaluronic Acid + B5 and I like The Ordinary version better. Not too mention the huge price difference.,2022-04-04
P430337,4,I’ve had the product for about a two months and I love it ... I have acne scars and after a month of using this product my dark spots are slowly becoming lighter and it leaves my skin  glowing.,2018-07-13
P427417,5,I recommend using this if you have oily w/ acne prone skin because it minimized my blemishes a ton in less than a week. I would try applying it after your face washes/or toners too. A little goes a long way and it’s best to keep this serum in your skincare fridge to keep it out of sunlight :),2021-12-19
P478030,5,So easy to do and definitely worth the price. Leave face clean and fresh,2022-06-01
P421275,1,this product just wasn’t it for me.. and I was really hoping that it would be! I tried these multiple times,2019-01-15
P270594,5,I absolutely love this product! It applies so smoothly and leaves the skin feeling super hydrated and satiny at the same time. I first used it alone as a moisturizer and was impressed. The next day I applied it before my makeup as a primer and WOW it worked wonders. I highly reccomend this product. It will now be a part of my daily beauty routine. I recieved this product for free for testing purposes.,2019-09-09
P375849,4,"I absolutely hate to say it because of the price, but this essence actually lives up to the hype. I’ve been using it for about four weeks now in the mornings and evenings as the first step in my routine, and there is a noticeable reduction in my hyperpigmentation and increased smoothness of skin texture. For the first couple of weeks, I couldn’t really tell if anything was happening, and any improvements were so small that I couldn’t be sure if I was just imagining things. However, towards the end of the third week, I woke up one morning and was literally AMAZED when I saw my skin in the mirror. It’s like all the benefits had slowly been accumulating and overloaded out of nowhere. This wasn’t the kind of difference where I had to question whether or not I was actually seeing something. This was obvious, clear improvement of my skin. I will most definitely be repurchasing this in the future because I’m a believer. I can’t bring myself to give it a full five stars though, because regardless of how good it is, it’s still ridiculously expensive. There has to be like a 100000% markup in price for this product. SK-II would still make tons of money if they made the price reasonable.",2021-12-15
P302103,5,I just keep buying this.,2015-09-19
P429952,5,"I bought this product when my skin was just not doing its best due to summer sun and it completely changed it for the better!! I’ve never had a product that moisturized my skin as well as the jet lag mask. I use it as a mask, moisturizer, and eye cream. I’ve even purchased the other 2 summer Friday’s masks!!",2019-07-02
P460779,4,"I’ve always loved the Bareminerals brand for as long as I can remember.  They make great quality products that I use everyday. I was excited to try the Skinlongevity long life Herb serum from them. I’m getting up there in age, so I recently have been trying out more anti aging products in my routine. So this serum defintley peaked my interest. Unfortunately I only got to try a small sample amount , so I honestly cant tell you what the long term results would be. I didn’t notice any difference after the one time use but I did like the way my skin felt after. It gave my skin a natural glow and made it feel silky smooth. The serum was light and melted into my skin in no time. It didnt make my face greasy or leave any sticky residue. Im sure it would be a great serum. Hopefully I can buy the serum soon and  give it a true test.",2020-11-12
P454794,5,"I’ve been using the water cream for over a month now and my skin looks better than ever! My skin is oily and can get dehydrated. Even though its oily, I avoid anything mattifying, my skin will produce more oils. This moisturizer has helped to keep my skin hydrated and from over producing oils. My skin has gotten smoother and my pores have been minimized. I’ve also noticed that I’m not breaking out. As a Sephora cast member I give this 5 stars and I will definitely be purchasing for now on. A LITTLE GOES A LONG WAY! Like anything else you don’t want to over apply.",2017-07-09
P7880,3,"I really wanted to love this. It is gentle and smells lovely. However, like many other reviewers have stated, I broke out in tiny bumps after I started using this. Make sure you get a sample before you buy.",2017-07-20
P480630,5,"Tried this product once and my skin instantly felt like it got a full drink of water. Such a moisturizer mask. I live in the Midwest and just had a baby, so my skin is kind of all over the place but it has been so dry! I used this once and it felt so soft and healthy again! I 100% recommend this product!",2019-10-23
P7880,3,"Tried this as a sample and really enjoyed it.  A single use makes it difficult to tell if my skin will react negatively, but so there has been no issues.  I liked how gentle it was and didn’t cause major discomfort when I accidentally got some in my eyes.  It didn’t leave my face feeling stripped and uncomfortably dry or tight like some other cleansers that I’ve tried before.  I’d definitely be willing to try this product again in a full size and will be adding it to my Wishlist for my next purchase.",2022-08-19
P392246,5,"OH MY GOSH- WHERE DO I START?!? This product has been more effective than any other serum I’ve ever used. I’m a D.E. loyalist and this night serum was what started it all for me. I suffer from some hyperpigmentation, uneven texture and some fine lines. I saw improvement in all those areas within a few uses (Maybe 3 days?) and it continues to impress. For reference, I also use the Babyfacial, the Marula Oil and the LaLa Retro Whipped Cream as well. If you’re on the fence, try the $28.00 NightBright set- that’s what got me hooked!",2017-10-24
P248404,4,"I love this cleanser because it unclog my pores and doesn’t leave my face dried out. I have very tricky combination skin; after washing, it usually is too dry, but an hour later it will be a grease pit. This cleanser keeps me oil-free for a very good amount of time. I even use the moisturizer that goes with it some of the time, and my face doesn’t get oily any faster, which is amazing!",2017-06-16
P427417,5,"When I first purchased this I used it for about a week then stopped because my skin was drying out like crazy. When I started using it a couple months later I realized I’d been doing it wrong before. Now I figured out how to use it for my skin and my skin is brighter and I break out way less. After cleansing and drying my face, I squirt some into my palms, spread it over my face and press/pat it into my skin. Then I wait a few minutes for it to absorb and apply moisturizer (cerave pm lotion).",2020-06-12
P420652,4,I love this product! Makes my lips feel super soft in the morning after applying this after a shower the night before. I love how thick the consistency is. It helps my lips stay moisturized all day! I would 100% recommended,2022-06-28
P394624,5,"Loving this product. It smells great, doesn’t feel heavy on the skin, very light weight. Leaves your skin feeling soft all day.",2020-12-21
P454380,4,"The Unseen Sunscreen is my new favourite sunscreen. Got a free sample in-store, fell in love and had to buy a full size. I have tried the ZincScreen and the SheerScreen but this one tops them both. It glides over the skin nicely and leaves my skin soft without feeling or looking greasy. I have found this product works well as a primer if you wear foundation. Definitely recommend this sunscreen if you want a natural finish.",2022-06-23
P427419,5,I love this Hyaluronic acid. It hydrated my skin and has helped my dry patches to go away.,2019-06-17
P422905,5,Très hydratant.... longue durée.... J’ADORE ♡ je vous le recorecommande vivement,2020-04-18
P394639,1,I bought this product since it had great reviews but I honeslty regret ever buying this product.It broke me up horribly like no other product has ever done so. I wont use this product ever again.,2017-05-29
P454794,4,"I’ve been using this product for months now. I’m very happy with it. It’s light, smells great without being overbearing, and absorbs into the skin well. I have combo skin (Oily t-zone and dry cheeks). It doesn’t quite mattify those oily zones, but instead effectively hydrates so that they don’t become so oily in the first place. You’re left with a luminous look which I love. A little bit goes a long way, but the price is still tough for the amount you get and for that reason I’m holding back on 5 stars.",2020-04-08
P470255,5,I have to say I was skeptical because I have tried so many SPFs spent big bucks and by end of day I would feel greasy. When u are at work you cannot stop and go wash ur face to feel clean. Who has time for that but I bought the trial size and I have to say I’m in love with this brand. I’m really oily and by end of day using this SPF I’m okay and I love this particular one from Supergoop!!!,2019-08-13
P411387,3,Works well. Definitely deep cleans pores but left my skin a little dry.,2021-01-11
P417238,5,"I got this as a sample and will be buying more when I run out. It works great! Is very light, smells good, and is great for sensitive skin. It removes all of my makeup and leaves my skin feeling very clean and smooth. I just love it, you will too!!",2017-07-28
P302103,4,"This is a very nice balm; it stays put and feels heavier than some, but not thick or sticky. There is no odor, and a mild, pleasant taste; slightly sweet (duh, SUGAR :-)I do find that it is maybe a little TOO soft; be careful not to wind the bullet up too far and then use. It can be squishy! And do not leave this in your car by accident!For the high price, not sure I will re-purchase. I like it, but it’s very expensive and I wouldn’t call it HG.",2012-06-05
P42204,4,"I love everything about this except for the smell. It smells a bit too perfumey, but it does fade fast and I’m even able to ignore it now that I’ve had it a while. If not for the smell, I would have rated it 5 stars. I used to not be able to leave the house without a chapstick. I used to wake up in the middle of the night to apply more chapstick. Since using this, I apply once in the morning, once in the afternoon, and once at night - and a little goes a LONG way. I wear a ton of liquid lipsticks and right now it is a dry, cold, windy winter and this stuff is keeping my lips in amazing shape. I also love the feel of this when I put it on, it makes my lips feel so silky.",2016-01-13
P248407,5,"My #1 choice of moisturizer, I’m so happy it comes in a larger size now because it’s not cheap. Worth it though.",2011-01-04
P456412,4,This cleanser is really gentle for my sensitive skin. It smells great but is not overpowering. The cream texture is really nice but did but with well with my clarisonic brush and did not work great to remove make-up. I received this product for free for testing purposes.,2019-04-28
P411387,5,I received this as sample from the Rewards...omg it is great. som cleaners make my face grease  but this one makes it smooth and leaving my face feel fresh.....I actually bought the bottle for this!!! love it alot,2019-04-15
P248407,5,the winter weather made my knuckles SUPER dry to the point that my dry skin has become darker and cracked. This moisturizer is such a miracle worker! The first time i used this I placed a generous amount on my dry knuckles without spreading it before going to bed and after a few mins i can see the product soaking in my skin and the next morning my knuckles looked 10X better! I tried this on my face but i think its a little bit too much. May spot treat dry spots but i don’t really recommend it for the whole face unless you have extremely dry face.,2016-01-21
P471546,4,"I’ve been using this product for a little over a month now and it definitely helps with my red complexion. like other reviewers have stated make sure to put on moisturizer prior to using or it will not work well without it. I have fair to medium skin tone and it does wash me out slightly, but at the same time has a pretty natural look to it. I would disagree with the other reviewer’s and say it works fine with me liquid foundation.",2017-05-23
P218700,5,"I have heard a lot about this Argan oil but I really didn’t think it could do anything that my current skin and hair products dont already do. Boy was I wrong! I had a Brazilian Blowout 6 months ago and when I put the Argan oil in my damp hair and blow dried it, it looked the same as the day I got my blowout. Im amazed. Its also amazing on my skin. I have oily skin so Im usually against putting more oil on it but its been good so far. My make up goes on better and skin is unbelievably soft. I think Im obsessed!",2011-07-17
P409800,5,"Bought the charcoal ones and I love them so far! I used it before bed and woke up in the morning with clear, smooth skin. The exfoliating side really helped get off all the dry, dead skin on my face. Cant wait to try all the other kinds",2016-07-10
P456412,5,"Nice smell, foams really well and you only need a small amount.",2020-11-25
P480612,4,"I really enjoy the Korres cream.  It’s super soft, creamy, and makes my dry skin feel pampered.  I have really sensitive skin,  and this has not broken me out! It has made me feel radiant. I received this product free from Influencer for my honest review.",2022-01-21
P375849,5,"Will definitely keep as a must have product. i’m using the facial essence, la mer the concentrate and cle de peau lotion. They work perfectly together",2015-03-04
P429952,2,"Its fine for what it is but not worth the money in the slightest. Feels great when you put it on and it absorbs very quickly. I have combination skin so I only applied it to my cheeks where I’m dry and used a lighter night cream for the rest of my face. So far a have noticed no positive change and I think it might be making them redder. I’m not a fan of the smell and I honestly feel that it could be easily removed. The packaging is horrible,  once I opened mine it just came gushing out so you have to be really careful any time you open it. Overall its just not worth it in my opinion.",2019-04-27
P248407,5,"Love this super hydration cream, use it everyday after washing my face and thought the rest of the day my face feels super hydrated.",2016-02-16
P122900,5,"I love the three step system. This product doesn’t feel moisturizing at first, but you definitely feel it later. Skin feels smooth and supple but not greasy or clogged. Very light but it works.",2009-01-13
P417238,5,"The problem with good water proof make up is it’s not easy to remove Especially mascara, I always feel like I’m ripping off lashes ...But this product is so gentle and works wonderfully .. the make up melts and so easy to wash off Love it, recommend it, will repurchase it ^^",2018-04-26
P420652,2,I think this lip mask is extremely overrated. It’s very expensive for the size and the scent is okay but not long lasting. I get the same results with plain Aquaphor ointment or rosebud salve. In fact I would recommend those 2 products over this one for the versatility. I like Laneige but this is nothing special.,2018-11-05
P454380,2,"This sunscreen felt really good on the skin and didn’t leave any white cast, but made me breakout all over. Similar to other reviews, I got white breakouts all around. I have oily, acne-prone skin.",2020-06-05
P453816,5,I’m so happy I splurged on this product. This balm took my makeup off so easily! My mascara melted off and I barely used any product. I’ve experienced no break outs.  Love ❤️,2017-04-26
P394624,5,"I eventually stumbled on this moisturizer by accident when Sephora sent me a wrong order. In it was Belif’s overnight brightening mask (which is awesome btw). I really liked the consistency and quality of the brightening mask so I got a sample of this. This is now probably the only moisturizer I will use. I can’t believe I’ve been using drugstore-brand moisturizers  (here I was, thinking Aveeno, Cetaphil, or Simple would do the job, ugh, gross, lol. Looking back, these American brands feel so heavy and greasy, no matter how “natural“ they claim to be). But with Belif, you get what you pay for. “A little goes a long way.“ I’m now buying into the K beauty skincare hype.",2017-12-17
P126301,5,I love this balm. The balm really breaks down your make-up to make removing it so incredibly easy.,2017-09-03
P42204,5,This is the only lip balm that actually moisturizes my lips. Been using this for years. Good as a hand moisturizer too. A must-have.,2012-01-16
P450271,5,Love this product. I swear the pores on my nose nose shrunk!,2019-02-21
P411387,5,"Before using this, I was so keen on my Farmacy clean b cleaner but now I’m never going back!!!! This cleanser doesn’t not stop my skin down whatsoever! Besides that my skins so soft just after using it!!!! Obsessed! I bought the travel size to try it out but diffidently getting the full size for sure!!!",2020-01-29
P122900,5,I have trouble with both oily and dry skin in different spots. This moisturizer solved my problems! I only need to use a little bit and my skin looks and feels so much better!,2016-06-13
P427421,5,Love this product! Leaves my face feeling soft and moisturized. The cream is very lightweight and not at all greasy - it’s a part of my daily routine both morning and evening.,2021-06-19
P297516,5,I love this product it. I have dry skin and this product works for me really well. It leaves my skin soft and clean. Love it!,2013-10-22
P421275,5,These things work very well... I tried to buy a cheaper version from a popular drugstore brand and it gave me a rash.,2019-08-13
P439061,5,My Melanin Sistas please go get this you hear me. In 3 day 50% fade on my hyperpigmentation. This no joke. Buy no regret I promise this right here is the truth.,2020-06-16
P232915,5,"This was the first enzymatic cleanser I have ever used, and it’s simply the best! I only use it once or twice a week, and it makes my skin SO smooth! It also does not irritate my skin when I have occasional break outs. If I accidentally squeeze too much out, I use the remaining cleanser on the backs of my hands, and they are also super smooth afterward.",2014-11-15
P248407,2,I was visiting one of the stores and asked the salesperson what face moisturizer to use for very dry skin. She showed me this and I took some from the tester and rubbed the top of my hand and fell in love ! Use it EVERYDAY!,2015-12-16
P430337,3,"I really wish I liked this product more! I love the smell of it and it moisturizes my skin very well!! However, once I started using it I notice my skin breaking out and this was the only thing that changed in my skincare routine. I do have very sensitive skin though. I received this product complimentary of Influenster, but all opinions are my own.",2018-04-25
P420652,5,Definitely a good purchase,2018-03-31
P394639,4,"I received this as a sample for my last order seeing how it was recommended for oily skin, and I am OBSESSED! I am the worst kind if person who pretty much hates spending money on skincare (I know >_<) but i will certainly be purchasing a standard size of this moisturizer. Most moisturizer leave my skin with a layer of oil upon waking up the following morning but I never get this with this product. I am normally oily but during the winter my nose will get a little dry and peel-y.",2018-02-13
P455364,5,"Best cleansing balm, it is sooooo goodd in precleansing. Recommend it 100%",2021-03-18
P430337,4,My complexion is more even and my skin is more hydrated just from this one product! I will be looking into more Ole Henriksen products.,2018-05-16
P454380,5,Best sunscreen I’ve ever used. Glides on smoothly and works great as a primer for foundation.,2020-01-29
P456412,5,Really liked this product. It’s super creamy and made my skin feel so soft after.,2019-03-27
P392246,5,In the morning  brand-new skin  smooth and clear,2016-12-06
P443352,5,This was gifted by Dermalogica Sampling. I love this face wash and am super excited it’s gentle enough to use every day. I have been using it for just over five days and have already noticed a more even skin tone and my skin looks brighter too.,2022-08-25
P309308,5,"I really enjoy this product. I’m not quite sure what it does but I always, always wake up with my skin looking better than it did the night before when I put this one. The first several times I used it my skin stung a tiny bit but the sensation went away after a few minutes. This helps my skin to look more radiant, feel smoother and more supple. Love.",2017-06-26
P420652,5,I LOVE THIS!! It smells so amazing and my lips always feel wonderful in the morning when I wake up!!,2018-02-14
P42204,5,"this is the best lip balm, great for cuticles and dry knuckles, this product is a classic necessity.",2010-05-20
P248407,5,The description is accurate - rich but not greasy. And NO perfumey smell!,2013-01-02
P480612,5,I recieved this product free from influenster in exchange for my honest review. I love this product! It leaves my skin feeling moisturized and soothed. This is a product I will definitely purchase for myself and recommend to others! @korres #complimentary @influenster #ThatGreekGlow #influenster,2022-02-16
P420652,5,"Love the product, smells so nice and is super hydrating. I think it is more suitable as a lip balm since it tends to wear off quicker than other lip masks.",2022-02-17
P441644,5,Love this stuff! I use it every morning and it leaves my face feeling clean and refreshed!,2020-06-30
P420652,4,"This stuff is pretty good. It has lasted me for quite some time. Not sure how much better it is than plain old chapstick, but it is still nice.",2021-03-26
P427421,5,"I’ve been using this for 2 months now and I really love it. It truly is unscented, unlike some products that claim to be unscented but have a weird plastic smell. It hasn’t caused any breakouts and isn’t too heavy. I use it morning and night. I love the packaging design as it keeps the product fresh and free from germs. I only use a half pump and this is lasting me a while. It’s pricy but worth it. I will definitely repurchase and will be trying more Drunk Elephant products.",2018-11-06
P394639,5,Stop what you’re doing and buy this.  It smells so good and makes your face feel sooo smooth !,2021-04-07
P443563,5,The best. I have gummy bear and berry both smell amazing. Laneige lip mask at night and this in the day and you’re on your way.,2022-12-08
P42204,5,"I have perpetually really red and chapped lips and this stuff has worked miracles on them! And it smells so good! Lightweight, never sticky or gunky. I have so many expensive lip balms and lip glosses that don’t hold a candle to this.",2012-12-19
P375849,3,"I received this product free from Influenster. I tried it with my Foreo and I didn’t fee the difference. It made my pores a little smaller, but no other changes. For the price of a full size, in my opinion, I dont think it is worth purchasing.",2021-05-17
P218700,5,"I’ve been adding a drop or two to my moisturizer. May eventually give up moisturizers altogether and just add a drop to sunscreen, as this seems to be very moisturizing on its own. Also, I put just a few drops into damp hair. I thought it would be a greasy disaster, but it made my hair so soft and silky. I’m going to buy the full-size bottle next - word of caution, though - be careful not to spill the bottle and waste this pricy stuff. I plan to transfer contents of the large bottle into the small one to avoid the chance of spilling too much.",2009-12-08
P409800,4,"I didn’t notice how rough one side of the cloth was, but it’s actually great on my skin. The smell was great too, and it gets all of my makeup off!",2020-04-18
P456207,4,"I love a handful of Korres products already and this one just adds to the list. I love the gel cream texture and feels very moisturizing and just healthy on my skin. I love the probiotic addition to the formula. I live in the Midwest where it gets extremely cold and my skin suffers from it, this product contains the nourishment that my skin needs this time of the year.",2020-02-26
P7880,5,this one is pretty good,2018-06-28
P471546,4,"This does a pretty good job of covering up the red patches on my face, although I wish there was a bit more coverage. Works well under other makeup of on its own. I received this product for free through Influenster for testing.",2019-08-16
P427417,5,I mix this with the alpha arbutin serum and it has been keeping my face clear. I ran out a few months ago and I started breaking out again.  It was finally in stock again and I finally bought the pair. My face cleared up within a few weeks!,2021-01-21
P411387,5,"LOVE it! I have tried so many different face cleansers and this is my favorite ever. I have bought more than 5 bottles of this product and I can’t get over it. I have very sensitive skin so the product didn’t make my skin tight or oily, it’s just perfect. Also, a big plus is that is vegan!",2018-06-01
P420652,5,"This stuff changed my lips. I tend to bite my lips and irritate them myself. Just a bad habit I have while I’m focused at work or having a high stress day.. it’s even worse in the winter. They get red, dry, cracked, flakey, sensitive... and I don’t even wear liquid lip stick. The only thing I ever put on my lips is chapstick. And even that doesn’t heal them. Just makes them feel better for a moment. But THIS. This product, over night, after using just once, completely healed my dry, cracked lips. I woke up and they were plump, soft, hydrated and 100% healed. Seriously amazing. I’ll buy over and over again.",2018-02-09
P302103,5,This is yet another great lip product from Fresh. I have all their sugar lip colors and decided to try this one as well. It is great at moisturizing my lips and leaving them soft and silky smooth. I usually only have to reapply every 2-3 hours and find my lips are staying moisturized for longer without reapplication. Great product.,2012-12-28
P417238,5,"Amazing balm cleanser! I heard this cleanser is really gentle and clean all the makeup at once. I thought it may not clean well because of the ingredients or formulas. However, it becomes absolutely one of my favorite skin-care routine! So love it and I will buy it again soon!",2019-05-03
P122900,4,"This product works great. I apply it in the morning after washing my face and using a clinique toner. IT doesn’t leave me skin oily OR dry. It’s great for combination skin. I’ve had no break outs and no drying after using this product.My skin has not worsened, it has even gotten a little ’clearer’. I’d recommend it for someone who has a thorough daily facial regimen.",2010-04-29
P422905,5,I loved using this product. It goes on super smooth and absorbs super quickly. The texture of the eye cream is great and I loved the way it smells.,2020-07-29
P309308,5,"Good Genes is an amazing treatment, but definitely not meant to be used every single night. Use 2-3 times a week and your skin will look fantastic. Don’t freak out if you wake up with small whiteheads the first week, because the lactic acid cleans out the top few layers of skin, forcing out toxins that sometimes causing small breakouts. After the first week though, your skin will look amazing and better than ever! Love this product and will definitely check out other Sunday Riley products based on how great Good Genes is.",2015-07-18
P450271,5,My go to pre cleanser whenever I wear makeup. When I am in drier climates I’ll just use this. it doesnt leave my face super oily like you would expect.,2019-04-27
P309308,5,"I was so hesitant to buy this serum, because it was very expensive.  But I’d received a sample to try, and it is simply delightful! I had to get it. The smell is pleasant to me, and not artificially perfumed.  It tingles slightly, but not uncomfortably at all.  The lactic acid smooths the texture of my skin noticeably, and makes my skin look more supple and smooth.  It gives my skin a serious glow, and works well under foundation.  I’ve run out of this for the past few weeks and I miss the glow.  I will be purchasing the larger size.  Go get a sample from Sephora and test it out.  You might just be hooked.",2018-03-07
P471546,5,"I have very pale skin, no pimples, and a lot of redness. I applied this to one side of my face to see if I could tell a difference, and I could! I applied to the rest of my face and spot checked a few spots (cheeks, under nose) and my skin looked great!",2021-03-27
P453816,5,Just great.  It’s not oily and you don’t need a wash cloth to wash it off.,2019-03-10
P454794,5,"I have been using this for about a month & a half. Although the price tag is what frightened me, I gave it a try anyway. Within only a few days, my skin looked noticeably smoother & felt SO soft. My oily skin was more under control - which was shocking. The acne scars on my face have started to fade drastically. My porous skin started to look smooth & a lot more heathy. With twice a day use, I found this moisturizer to be great for me. Will definitely be repurchasing!",2017-06-10
P426183,5,"I got this to try out complimentary, and I’ve always wanted to see what the hype was about. I loved the story of the sake workers and how their hands looking so youthful. Within the first few days I instantly noticed a difference in the tone, texture, brightness, my hormonal cystic acne was at bay and the dark spots had started to fade. I’ve been using this for a few weeks now and even though it’s price tag is incredibly steep, I have NEVER used anything that has worked in all the years. I’m blown away by the results especially teamed up with the wash, clear lotion, and airy moisturizer. It’s a yes for me. If anyone needs a kidney, let me know..whatever is in this is pure gold!",2021-05-30
P7880,5,"I swear by this face wash, it’s the only one that keeps my skin clear and even!",2021-07-30
P270594,5,"This is the most amazing prep and base before makeup! It leaves your face with the most velvety soft skin and so smooth. I love how silky all over my face is after I use this leaving it the perfect canvas for my foundation etc. I especially like how hydrated and moisturized this is as well and quickly absorbed into the skin. Leaves no pilling or residue, the perfect thing!",2023-01-12
P421275,5,"These acne patches are pricey, but they do the trick! I’ve tried some off brand acne patches from Amazon, but they never were really effective and would stick to each other too easily. Whenever I feel a cystic acne start creeping to the surface, I pop one of these on and in no time, the acne problem shrinks. With some larger areas, it normally takes me two attempts to get rid of the acne, but I love how easy these patches are!",2021-09-02
P394624,5,I am on my 5th bottle... just perfect for every day.,2019-06-11
P441644,5,this is my all time favorite face wash for my oily acne prone skin. It makes my face feel clean without drying it out.,2021-03-26
P7880,5,"I love fresh face wash, I think it has improved my skin texture. I known it feels better. It leaves me feeling to clean!!!",2008-09-12
P454380,3,"Meh. . . not impressed.  Soley a personal preference. I actually like a dewey look and this is like a primer. Reminds me of PhotoFinish/SmashBox, but a bit thicker.  I think some may like the feel, but really wasn’t what I was expecting after so many raving reviews.  I’ll stick to Black Girl Sunscreen.",2021-09-05
P458219,5,This amazing products feel hydrating immediately! It does have a faint scent of watermelon but not at all overwhelming. Feels light on the skin and reduces pores. A little bit definitely goes a long way with product. Highly encourage adding this toner as a summer must have!,2022-05-27
P443352,5,product was gifted by dermalogica sampling Love the daily microfoliant1. It is very gentle to use daily 2. Love that it removes dead skin and other things without being so harsh on the skin3.also love that the product isn’t scented 4. Dermalogica never disappoints,2022-08-24
P232903,5,"This is the fastest pimple/blemish treatment I’ve ever used, my pimples would shrink if not fully gone over night. Prefer this wayyy more than the Mario badescu drying lotion !",2019-08-09
P442563,5,Incredible!  It makes my skin glow and rids my skin of blemishes immediately.  So good for the price as well!,2022-06-10
P218700,5,"The only thing I’m comfortable using oil with is over my nails and cuticles when they’re super dry and I’m being cruel to them. I admittingly don’t use this product for hair or face but this is a miracle worker on my cuticles. I put a tiny drop on at night to damaged nails/cuticles and I wake up to soft and healthy nail/cuticles! Some people bite their nails, I pick my cuticles :( I was using a sample size but I’m going to buy a small one just for this purpose.",2014-08-26
P427417,5,This is so great. Really made my skin fabulous in 1 week after using it morning and evening. My blemishes are reduced and i swear my pores are smaller. Plus the price is great and you get A LOT! So happy :),2019-08-29
P443563,5,"I love how natural this product is. I really have been looking for a great balm that doesn’t dry out, and not only does this balm have such great moisture, but doubles as a gloss! I received this product complimentary for testing purposes.",2019-04-12
P392246,5,This serum is very light weight and hydrating on the skin. I like mixing with their moisturizer at night because it makes a difference in the texture of your skin when you wake up. It is sticky when you first put it on and then it dries but doesn’t dry out your skin. I would definitely recommend trying it out.,2022-07-16
P394639,5,"I probably never would’ve tried this if it hadn’t been a beauty insider reward! I was tempted by the lure of a full size product, and am so glad I went for it. It’s like a tall drink of water for my oily (but dehydrated skin). My skin has been looking and feeling good this winter with this product. It just feels right on my face. I’m not one to repurchase often (always on the lookout for the next best thing), but this will probably be a repurchase for me!",2019-01-19
P471546,2,"I normally love Dr. Jardt  products, but this was a miss for me. I have combination to oily skin, and I didn’t find this particularly moisturizing and would not recommend alone as a moisturizer. The color blends in well initially but looks cake-y after a few hours. It does not wear well under makeup.",2017-04-19
P420652,5,Don’t limit this to just nightly use! I use this through the day. Makes the lips look nice and plump. Very hydrating and smells great.,2019-08-15
P297524,5,"I got this is the mini size and that has lasted me for probably more than a year now, it’s just about gone, but a little bit of this definitely goes a long way! I’m most likely going to repurchase this, and continue to, because this honestly is the perfect charcoal clay mask in my opinion, it really cleans my skin and makes my pores feel and look clearer. Because it is like a clay mask it’s a little hard to get off, but a warm wash cloth should take it right off with ease. I use this maybe once a week or so and it really helps to keep my pores clean and unclogged. This can be a bit drying after it’s been washed off, but like with any mask that involves washing it off, I always moisturize right after. Definitely recommend giving this a try if you haven’t and love masks!!",2017-01-10
P248404,5,"I love this stuff! I am on my 5th tube. I’ve never repurchased a face cleanser before. I usually shy away from cream cleansers, as I feel they leave a film/residue, but that’s not the case with this one. I use it with my Clarisonic (& sometimes without...if I’m feeling lazy), and it leaves my skin clean, soft, supple, well-balanced, and it doesn’t break me out! Love love love! Plus it is “natural“...that’s a huge plus!",2012-10-14
P122900,4,This was great for my skin. I have combo/oily skin so when I first used it I thought it was going to make me more oily than I am. But it didn’t. It gave off a semi matte finish on my face with I like in a moisturizer because sometimes moisturizer sometimes make me oily and sticky.,2015-12-21
P126301,5,"This has made my makeup removing process so much quicker and less harsh on my skin. I used to use only makeup removing wipes, which involves a lot of pulling and tugging on my part. This gently dissolves the makeup on my face, so I no longer have to pull or tug on my skin.",2017-10-29
P422905,1,"I was excited to try this product because I’ve always neglected my eye area. I really thought the product would work. However, I have tried to use this product 3 times and each time it did the exact opposite of what it claims. My eyes ended up being dryer, itchy and scaly. My skin was so tight around my area that if I squinted it would burn and tear my skin.",2018-04-16
P218700,5,"Best moisturizer I’ve ever used, and I am a skincare junkie! I’d love to try some other face oils but I’m too scared to stray away!",2014-06-14
P426183,5,"I was hoping this was hype and not truly a miracle one step product. Buttt it is. I got a small bottle sample in the Sephora Play Pack and am now addicted. I didn’t used to wash my face day and night but now I do simply so I can use this product. Makes my face baby smooth with the perfect glow. It has helped my hyper pigmentation from hormones (Retinal serums made my skin red and irritated but not this) so many benefits that I wasn’t expecting. Unfortunately, it does cost a lot of money but even the small bottle I have has gone a LONG way so I am confident purchasing the large bottle will be worth the investment.",2019-10-21
P375849,4,"I am rating this a 4 because I find this to be expensive for the product. I like the fragrance. The essence itself feels very nice on the skin and a little goes a long way. I haven’t seen any noticeable changes. Just that my skin feels more hydrated than normal. The packaging is simple and chic, which I like.",2021-05-10
P411540,4,"I was gifted this product via Influenster, but have found it a great addition to my work-from-home routine this past week. I have fair skin with mild/moderate rosacea and this was such an easy product to quickly apply to skin to even out my skin and mitigate some redness. I try to avoid caking on makeup during WFH so loved the quick & easy application, SPF benefits and obviously the confidence I regained after applying and seeing a more even skin tone!My knock down to 4 stars is mainly driven by the fragrance — would love if Dr. Jart came out with a fragrance free version!",2021-02-03
P232903,5,"I have super sensitive skin, and this is the only acne treatment that’s been both effective at clearing my acne and hasn’t irritated my skin. It really calms redness and makes the pimples disappear.",2015-08-30
P12573,5,Best lip balm you can get,2018-02-14
P218700,5,"I had been using Tarte’s Moroccan oil for a couple years and I would cocktail it with a drugstore moisturizer, but a month ago one of the employees at Sephora recommended this to me because I had been breaking out for the past few months and I needed a new moisturizer. I am sooooo glad I hopped onboard with the hype and tried this because I am in love! It soothes my skin and it hydrates it so much better than any other moisturizer ever did. And it doesn’t make me break out. My skin has cleared significantly and I will definitely keep this as part of my skincare routine!",2016-10-17
P480612,3,I really liked this when I originally put it on my skin but as the day went on my skin was very irritated and breaking out,2022-01-23
P441644,5,"Me and my husband both use this face wash a love it! We both have said how we have feel how clean our pores are!!! We both have super sensitive skin and this wash doesn’t not itch, burn, dry out, make us break out, none of that. It really gets in there and cleans your skin!!! Love it!!",2022-09-02
P297516,1,I am a big fan of origins but was disappointed when I bought this product. It stripped my skin and made it extremely dry! I don’t recommend it for people with dry-combination skin.,2015-09-04
P232903,3,"I was ready for this to truly smell like sulfur - but the reality of it was hard to deal with it. I wanted to use this as a night time treatment, since it will leave red spots after applying. However the smell was too intense to sleep with. The actual effects were alright, nothing life changing for me. Just a warning to those with sensitive noses!",2016-05-11
P417238,5,This product works wonders. It removes ALL of my makeup with ease while leaving my skin super soft and hydrated. It’s not drying at all. I’ve already gone through 2 jars and I can’t live without it. LOVE IT !!,2020-05-13
P218700,5,"So lightweight and moisturizing! I started out trying the travel size and I loved this product so much, I just upgraded to the larger size.The only thing negative thing I have to say is that I wish it was a pump instead of a dropper.",2011-03-29
P423688,5,"I received this product was gifted by Dermalogica Sampling in exchange for my honest opinion. I really appreciate the scent.  It’s not overwhelming, and doesn’t smell bad. The texture is so soothing and you can feel it working. After using it for 7 days, I noticed a few problem spots are gone and I have a more youthful glow! I highly recommend this product!",2022-08-26
P427421,1,I love the product however the packaging is SO wasteful! you don’t even get 2 ounces of product but  the container and dispenser is so much plastic. No more product was dispensing so I wanted to make sure I used it all so I got it open and was shocked how much plastic and parts there were. Very disappointing. I want to buy this moisturizer again but don’t think I will unless packaging changes,2020-03-08
P122900,5,I have been using this moisturizing gel for at least five years now. It’s light weight so it’s perfect to use under makeup. I recommend it to everyone who has oily skin.,2019-04-24
P417238,5,"I’m a huge Sephora shopper and I have never left a product review. This makeup remover is everything. I’ve tried Goop, Tatcha, Clinique, and many more but wasn’t that impressed. This product removes all your makeup (heavy eyeliner and mascara included), without leaving a residue on your face. Also, it doesn’t take a ton of product to do so, so it seems as though it will last a long time. Very happy with this purchase!",2020-02-02
P467762,5,The pores on my nose are visibly smaller than before I started using this product! Does not sting or make my skin feel sensitive. Leaves my skin feeling moisturized and glowy,2022-06-05
P460779,4,bareminerals Skinlongevity Long Life Herb Serum was good. It didn’t burn my sensitive skin and it smelled good. It was a little sticky to put on initially.,2020-12-08
P421275,5,"Bought these on a whim, and I’m super impressed with the results!!!",2021-09-04
P433520,5,This is a great moisturizer to prep the skin prior to applying makeup. A little bit goes a long way - I also like to use with without makeup in the winter.,2020-05-30
P394624,5,"I absolutely love this product! For all my combo/oily skin types, this is great for a night time moisturizer. I will say it is a little to heavy for a daytime. This moisturizer really does keep your skin hydrated. Also a little goes a long way.",2020-03-06
P375849,4,"I love this so much! But way way to expensive! I got this in a Sephora play and loved it, But this is crazy expensive!",2017-11-28
P248404,5,I got this for my boyfriend and he loves it more on his skin than the Kiehls face wash. it is creamy and gentle on your skin and cleans without feeling like it has stripped off your entire skin. will keep purchasing this for him!,2022-04-06
P443563,5,"Perfect sheer and easy to apply lip balm.  The scent is light and yummy, and formula wears for hours.  Silky and thick without being sticky.  The perfect medium shine with light tint.  Highly recommend.",2022-03-09
P456412,5,"Everything about this cleanser is amazing. I have normal leaning towards dry skin and usually anything that foams is too drying for my face. This here is the gentlest, creamiest, most soothing and affective face wash I have ever graced my face with in my 30 years of life.  Did I mention the scent is to die for? It has a clean, pretty scent that puts me in a good mood every time I wash my face. It’s a great value for the price too, very fairly priced for a higher end cleanser. It foams just enough, but not the thin bubbly kind of foam that some lesser quality cleansers do. It’s a rich, creamy lather. It’s going to last me ages because the smallest bit goes a crazy long way! It checks every mark for me and now I really have no desire to venture out trying new cleansers. Why bother when this is the one?",2017-08-05
P453816,4,"I’d like the price point to go down a bit considering I need to use a nickle amount each time I cleanse.  Any less and I don’t find it removes my sunscreen and eye makeup effectively.  It is however, something that I’ve repurchased numerous times and I’m always happy to have it and sad when I run out.  My favorite feature is the ability to use it on my eyes without any irritation or oily residue after washing off.  It was wash off without a face cloth as well!",2022-10-06
P481817,5,This smells really good and makes your skin feel very refreshed,2009-11-03
P420652,5,Love love love this stuff!! Just tried for the first time and I’m so mad I didn’t try this stuff sooner!!! My lips have been dry due to the weather and after applying this mask my lips feel so soft. I use this more as a glass than a mask. Not sticky at all and easy to apply! 10/10 would recommend,2019-12-06
P427417,5,Love this! It made a huge difference since I’ve gotten it and has improved my skin’s texture and acne scars in combination with REN’s moisturizer. Absolutely glad I got this!,2020-07-03
P433520,5,Moisturizing but not greasy. Soaks in well and makes for a good makeup primer. My skin is sensitive and this is soothing.,2021-04-16
P420652,5,"This thing works! My lips have been dry and breaking as of late and it’s amazing how using this for a week, it’s totally turned around. My lips feel soft  - so happy about the results i figured i just write a review. Putting everyone on...No more L’s on lip care!",2019-04-22
P392246,5,I love this stuff. It made my face feel nice and clear and helped shrink my pores. I’ve been using it for about 3 weeks now and I’m in love with it.,2019-12-27
P302103,3,Upon initial application this is so soft and buttery. I loved the way it felt. 2 things I didn’t like.. it’s not long lasting at all.. I would need to reapply within an hour. And it comes off a bit ashy on my deep skin tone.,2019-02-01
P218700,5,"I need an endless supply of Josie Maran’s Argan Oil! Bought the smaller bottle to test it, and I cannot get enough of it. Had my husband try it and he loves it too! My skin is normal and I use it twice a day. I love to mix it in the morning with my sunscreen to create a really good dewey effect.LOVE LOVE",2017-09-13
P394624,5,My all time favorite. I have combination skin with acne problems but after starting Belif moisturizing bomb my skin is glowing and hydrated. Love it.,2019-04-06
P248407,1,"I used it as a body lotion, and it does not moisturize my skin at all. I also found it hard to absorb. It leaves this sticky feeling after application.",2013-05-30
P442563,5,"I am 36, and have only used this product 1 time so far.  I have oily/combo skin with awful texture, and I’ve been really upping my skincare routine over the last 2 yrs.  I used it for all 10 minutes and had no sensitivity issues.  My skin was soft and smooth after this initial use.",2019-05-13
P480630,4,"Absorbs quickly and works wonderfully both as a mask and under makeup as a primer! My only qualm with it is that it does leave my skin red for about 10-15 min. It has a slightly minty scent, so that could be it. It’s very refreshing though and I do recommend it.",2020-01-31
P456398,2,"If you don’t mind putting fragrance on your face, then this may be a really good option for you. It feels light, and it’s nice that it is water resistant for 80 min. However, I am unwilling to slather my face in fragrance. It has an intense perfume smell. And the bottom line is my skin reacts poorly to fragrance. If I used this, I’d basically be throwing away all the good work I do with my skincare routine. No thanks.",2021-04-15
P42204,1,I’ve can’t understand the great reviews of this.  It’s basically vaseline with a scent.  Just buy a tub at the drugstore.,2020-01-31
P270594,5,"I had originally purchased this to use as a primer (which it really works well for) but let me tell you, the hype around this is REAL and for good reason! I have dry skin, that can get oily if it’s really humid or hot outside. This truly makes my skin feel so smooth and fresh, and is now the first step of my makeup routine. Always. The price tag is definitely higher, but a little truly goes a long way. It also has a strong(ish) floral smell to it, that I personally find lovely and a Non-issue. If you are super sensitive to smell, I would maybe check it out in the store first before committing to it. But for someone like me, who does have sensitive skin, especially when it comes to fragrances, it doesn’t irritate in anyway. It also doesn’t affect the way my foundation applies (I use the Fenty pro filtr). I recently bought the Hourglass mineral oil primer, that I’m going to use after applying the Bobbi Brown moisturizer. So we will see how the two work together! But all in all, I have no negative feedback about this product. Would definitely recommend!",2018-09-06
P394639,5,"Smells great and applies like a dream. I love gel moisturizers for the summer but couldn’t find out that hydrated my dry skin enough until I found this one. A little goes on a long way and it make my skin look dewy and absorbs well to keep my face hydrated during the day or night. If you want something lightweight that packs a punch, I recommend this.",2021-05-31
P456398,5,I love how easy this goes on and stays on. No oily feel or look.,2020-12-21
P478030,3,"At first it was great, but then the formula became compromised within a week despite being stored in a cool, dark place which was very disappointing. I’m not sure if I would repurchase if it’s only going to be enjoyable for a week and then go bad, but maybe I just got a defective one.",2022-05-20
P126301,5,"I have been using this makeup remover for a few years now. It removes all layers of makeup! My face isn’t clean unless I use this before I wash. Must have product, I will use this till I die. Don’t stop making it. (you need this. Just get it!)",2015-11-08
P454794,5,I have always had trouble with moisturizers making me break out. This stuff is amazing and blends right into the skin with little to no scent. I already finished one of these bottles and will be purchasing another. I use it with the la mer serum and honestly my skin has never looked better.,2018-08-27
P420652,5,"Best product ever for full lips, the container should last you a year",2018-02-23
P480630,5,"Love this product! I have very dry skin and this leaves my skin soft and hydrated, I like to use it in the morning and night a little goes a long way. I really recommend this mask it’s a staple must have!",2019-07-02
P426183,3,"I got this when it was a 100 point gift and have been using consistently. I know people rave about it, but I didn’t see any real difference in my skin using this. Glad I did not purchase a full size! It’s an ok product but definitely wouldn’t purchase as it doesn’t seem to do anything for my skin type.",2017-05-14
P471546,5,"This is my new go-to for every single day. Cicapair goes from a thick,sticky green upon application to perfection in a minute or less. It has the perfect amount of hydration for the summer. I love this stuff so much. The physical sunscreen protects my skin very well. (I use prescription retinoids)I have significant redness and very sensitive skin. Love that Sephora carries the mini so I could try it out first.",2021-06-20
P270594,5,I got this product to try from influenster and it is a great primer.  It goes on really smooth and has a citrus smell. I like that it doesn’t feel like paste but more of a moisturizer consistency.  It had my makeup lasting all night in the humidity.,2019-04-12
P309308,4,This was complimentary from Sunday Riley. So I have to say they’re killing it with the new launches. This have to be my favorite serum  I’ve tried so far from this brand. I have combo and sensitive skin and I really like how my skin has reacted to it. Definitely check it out!,2023-01-09
P456412,1,"My face is a mixture between oily and dry. I tried the product one night after leaving the gym and did not like it. Left my skin feeling rough and dull looking, I also noticed some small bumbs on my face afterwards. I tried it another time and got the same results just not for me! I should mention that I received this product for free or complimentary for testing purposes",2019-03-28
P411387,5,Absolutely love this cleanser and one of the best on the market! Have tried so many different cleansers and this one has significantly improved my oily/normal skin not to mention it looks nice on my bathroom counter!,2023-01-22
P7880,5,BEST CLEANSER EVER. This is so worth your money. It doesn’t dry your skin out. I have sensitive skin and I am in my teen years and this works wonders for my skin. I recommend it to all the teens out there and adults.,2019-07-10
P7880,5,"such a great cleanser. your skin really does adapt so well to it. it doesn’t break me out or anything and I feel like it’s actually helped my skin improve my complexione. it’s great for the winter months because it’s a tad moisturizing so I wouldn’t advise using it in the summer because it makes me a little greasy then, unless you’re washing your face in the morning when it’s a tad dry. overall this is a really great cleanser I love it so much!!",2016-10-01
P450271,2,I was surprised at the very strong odor. Has a bunch of irritating fruit oils/essential oils.,2021-12-16
P420652,5,"When used consistently, this product works wonders. I notice such a difference in how soft my lips are when I wake up in the morning after using this the night before. I highly recommend to anyone! Can’t go wrong with any flavor either!",2022-07-14
P392246,5,"I love this product--I have dermatillomania which means I compulsively pick at my skin. Every night I put this on, and wake up to a completely resurfaced face. It’s calms down all the inflammation and pores. I’ve also been breaking out less since I started using it, so I’m really happy with it. One pump covers your entire face and then some, so a little goes a long way.",2019-08-26
P439061,5,Best product !!! I will definitely be buying my second one.,2020-06-05
P420652,5,works really well n leaves lips really soft would def recommend,2022-05-22
P232915,4,"The best beauty discovery. I was very hesitant about being this considering the price, so I bought the travel size which surprisingly lasted a long time. The results was great: smaller pores, less blemishes and dark spots lighter over a significant time. The best thing about this product is that it is great for African American skin which was a bonus considering most products does not work well on our skin. I am a fanatic now. Thanks you Kate!",2012-12-26
P248407,5,"Oh my goodness, this product has given me so much LIFE! I have combination/sensitive skin so it is hard to find a moisturizer that is effective. I have this dry patch on the center on my forehead that, no matter what, will flake. Before this product I religiously used the Glamglow thirsty mud mask every other day along with the Clinique moisture surge intense and the josie maron argan oil (sorry if I just ruined that on spelling :/ ) and I still was dry in that area.Sephora was so nice to let me have a 5 day sample of this and the first day I stopped flaking. After about a month of using this product, it has given my face a slight glow and I use a small bit under my eyes which has taken away some dark circles (YAS! haha) and my neck.Before I fly somewhere, I will use the Glamglow thirsty mud mask then this product and together I am DEWY. This is a fantastic product for me. I am so thrilled I discovered first aid beauty.",2015-05-06
P297524,4,Purifies the skin and leaves it feeling really clear and healthy.,2014-04-23
P458219,5,I love to put it on the palm of my hands and massage it to my whole face. It gives you a matte finish which I love since I have oily skin. Plus the smell of the watermelon it feels sp refreshing.,2020-05-22
P248407,5,"I have the worst combo skin ever, but this works great for me. For years I’ve had to focus on putting heavy cream on my cheeks for eczema, and light cream on my nose to avoid acne. My t-zone is very oily, and this cream doesn’t make it worse, but it also manages to moisturize my crazy eczema cheeks",2012-01-15
P12573,5,This lip balm works great for my dry lip. No complaints!,2015-11-06
P423688,5,"The daily Microfoliant samples that Dermalogica gifted me worked amazing on my skin. I saw a difference in my skins texture and the reducing of my redness as I struggle a lot with that. And I just loved how gentle and easy it was to use! It actually brightened up my skin, I’m definitely going to be buying the whole bottle!",2022-08-28
P450271,5,"Absolutely looovvveee this product! It breaks down makeup in matter of seconds, and does it well! Waterproof mascara, gone in less than a minute! Leaves me skin feeling hydrated and fresh! The smell is fantastic also! Definitely recommend!",2020-08-27
P7880,5,I have used this face wash off and on throughout the years and my skin always reacts very well to it! I love the fresh scent and the texture is very nice. It scrubs without being too harsh. I always purchase this and its a great purchase every time!,2022-01-10
P421275,5,Obsessed with these! They work every time. I will continue to repurchase,2020-03-18
P450271,5,"I looooove this makeup remover! It’s the only one I use, it removes all my makeup and is very gentle and doesn’t dry my skin out after washing it off. Highly recommend!!",2019-06-18
P411540,4,"This does a pretty good job of covering up the red patches on my face, although I wish there was a bit more coverage. Works well under other makeup of on its own. I received this product for free through Influenster for testing.",2019-08-16
P478030,1,Whenever I use this I always double cleanse with another cleanser. This product feels like it’s leaving a layer of oil on my face that won’t come off when I use it.,2022-08-24
P417238,3,"Melts down nicely in the hands and great for removing face make up. When it came to eye liner, mascara, and under the eyes it was not as effective. I found myself having to focus more time on the area which I do not want to pull and rub at my eyes for very long. When I would use it for my eyes, I got a weird cloudy feeling in my eyes and if I opened my eyes it looked cloudy too, so I am not sure if that can be harmful to the eyes. It does not burn, but I would remove contacts before using this as well. The container is also very small for the price. I went through it in about a month using it 3 times a week when I wore makeup. A little pricey for me. I do love that it is made without polyethylene which is known to cause damage to marine wildlife when washed down the drain.",2020-06-11
P270594,5,This product is amazing for me. I have combination skin so oily T zone and normal/dry everywhere else. It has a wonderful scent that I don’t find too much. Moisturizes my skin to the right amount and makes my makeup look good all day.,2019-07-09
P394639,5,Love this as a lightweight moisturizer! I have dry skin and I find that pairing this before a thicker moisturizer really helps in keeping my skin hydrated and soft,2020-05-24
P480630,5,"I originally got this in sample size and I HAD to buy the full size because I love how it makes my skin feel. It can be used as a mask or as a moisturizer, I use it as both, and it leaves my skin extremely hydrated and smooth.",2020-11-03
P302103,4,I love the sweet smell！It’s not too oily but moisturing. The box of the lipstick is matting. Maybe I won’t buy it because of the price.,2017-05-03
P248407,5,absolute love cream.,2018-04-06
P417238,4,"I have now ordered this product 3 times, I can’t get enough! Literally melts away my makeup. I mistakenly used it on a wet face to begin with and almost tossed the product before I realized it’s suppose to be rubbed in before using water. Green Clean is officially part of my daily routine. It does make my vision foggy for a few seconds but only when I rub it in to my eye area a lot. Overall I really like this product.",2023-01-16
P270594,5,I started off with a mini size to see if it was even worth spending $85 on a full size… it’s been 3 months and I refuse to not have it in my routine. My skin feels 1000x better and creates a very smooth base to apply my makeup!,2023-02-14
P420652,5,Leaves my lips feeling hydrated and plump! a must have in the winter,2020-12-21
P443352,3,This is a verrrryyysubtle exfoliant. Ithibk it would be nice for sensitive skin but I don’t know if it’s worth the price. It’s overhyped if you ask me. I don’t want the extra step of having to add this powder to water or another face wash just to exfoliate. I say skip it.,2022-01-11
P427421,2,This is based on the product packaging - this was my second time purchasing this product as I love the Drunk Elephant line.  I went to use this a couple of days ago as my morning routine and the moisturizer wouldn’t dispense. I was in disbelief that I had run out where I had only ordered a little while ago. Out of annoyance I went and ordered a (non-pump) moisturizer from Tatcha which hasn’t arrived yet.  This morning I decided to try to open the product and was able to get the pump off with a pair of scissors to find that I still had about more than half of the product left. They need to find a better pump or container. Really disappointing.,2021-02-08
P481817,5,I saw this in a Sephora video a few years ago with David from the Sephora Pro team and fell in love with the product. It smells amazing and keeps my skin hydrated and glowing.,2017-10-09
P427421,5,"I loveeeee this product i dont have a red face anymore, no bumps, no ance, no zits, the SMOOTHEST skin ever. 10000000/10",2020-05-17
P297516,5,A little goes a very long way!  This cleans and leaves my skin soft & fresh feeling. One of my favorite face washes. Doesn’t dry out my skin.,2018-03-20
P42204,5,"Wonderful for lips and hands, especially in winter. Very light fragrance will not interfere with your other products or fragrance.",2009-05-02
P248407,4,"This product is amazing for healing super dry winter skin. Not only does this do wonders for the skin on my face (without breaking me out I might add) but it also helps with dry patches on my arms. I have been using the 1 oz. size for the past month, and am just halfway done!",2015-03-21
P270594,5,I am a long time fan of this Bobby Brown face cream. It’s literally perfect for any person - no matter the age and skin concerns. The amount of the vitamin C makes anyone looking glowing and skin is visibly brighter. Even my husband steals it from me sometimes because he loves the effects that it gives.,2023-01-03
P480630,5,"A mask that actually has an impact! This mask has a bit of an astringent / retinol feel to it when you apply it. I like to use it before bed so I can let it sink in over night, however I could see using it on a slow morning when I don’t need to put makeup on for work right away. It definitely made my skin seem brighter and more even. The packaging is great and a little goes a long way, so you will get your money’s worth.",2018-07-13
P443352,5,"one of the best scrubs I’ve ever used. does not leave your face looking RED & feeling stripped. must be the good ingredients because this works great as a scrub, but it’s not harsh",2020-07-22
P420652,5,"Love this product, I always used to have dry cracked lips no matter the season but now my lips always feel hydrated",2022-02-08
P269122,5,"This product is very good. It helped me to reduce acne significantly. It didn’t get rid of it completely, but it did help a lot. If used every day, it keeps the acne under control. I have sensitive skin and I use the serum and the moisturizer after from the same brand. I bought it 3 times now and I’m not planning to stop using it soon. Also, my skin is glowing and it minimized the pores as well. Very happy with the product. I highly recommend to use the serum day/ night as well as the moisturizer.",2019-01-16
P375849,5,"Look, it’s pricey but if you can afford the investment dollars we’ll spent. The scent isn’t bad my holy grail in routine. I saw results in 4 days & four months I’m hooked - have the travel size just purchased the 11 oz.",2020-04-26
P471546,4,"This isn’t a cure-all and I do wish that they could extend this range for people of color/people who aren’t on the paler side, but it makes a GREAT replacement foundation on “no-makeup” days. Usually when I use it, I don’t put powder products on top. If anything, I’m only adding concealer on blemishes and it does enough. I appreciate the sun protection and the fact that it gives my skin the “your skin but better” look. I would recommend this to people who are pale and have dissipate redness.",2019-09-21
P427419,5,"I use this Hyaluronic Acid for 3 months already since August, now I am on the second bottle. My skin feels really moist and smooth all the time. Before I always had some dry spots on my face in the fall and winter seasons, but after I used this Hyaluronic Acid, I don’t feel any dry cracks on my face any more. I use this every morning and night after the toner, before essence or serum in my skin routine. I found out if I rub it on my hands first and then tap it to put on my face when the toner is not all the way dry yet, this way my skin can absorb it so much better and won’t feel sticky any more. I hope this review can helps someone to resolve about stickiness issue.",2021-10-26
P441644,5,"This is my favorite cleanser of all time! I have combination skin and this magical elixir keeps my skin balanced, and clean. It is extremely gentle and allows for my skin to retain its natural moisture without making me oily. Also, its natural and VEGAN (yay! no nasty chemicals!) Only con: doesn’t remove makeup easily. (Only a concern during the evening) I usually get around this by whipping my makeup off with a makeup remover wipe before cleansing. 10/10 would recommend!",2018-08-02
P126301,5,"Ok, I was super leery of wanting to try a balm on my oily, acne-prone face, but this stuff is amazing!! It seriously cuts down on my night-time routine. I used to do the whole eye make-up remover plus wipes to remove my foundation, then I’d wash my face.Well, with this stuff all I need is a little bit that I warm up on my fingers apply to my eye area and start massaging into my face. 30 seconds tops and everything is gone. I still wash my face after, but that’s just a personal preference (could get away without it).",2014-04-21
P297524,5,"This mask honestly works so well. You can layer it on as well depending on how much you want on your face. You can really feel it working into your skin and getting into the pores. I use this along with other products for my face routine but as a mask, it works great.",2017-03-26
P478030,5,"I’m really happy with this product. I initially bought this product because I thought that it would help me get off my make up faster after a long night out without a lot of effort as with cleansers I would need micellar water to get off my sub on mascara. However, This product became a blessing in disguise as I found it really helpful for my eczema prone skin.I was also hesitant of purchasing this product as it is on the cheaper side and I thought that the quality would not be as good as compared to more expensive products. But luckily, I was proven wrong by this cleansing balm. It’s affordable and the quality is great. I am already on my second bottle of this and will be re-purchasing this as long as the product is available. It doesn’t strip my skin of it’s natural oils and I like to use this as a face mask sometimes too. It helps calm my eczema patches on my face. I have already recommended this to a lot of my friends. I’m not sure how it would work with someone with oily skin, but i would recommend this to anyone who has extremely dry, combination, or normal skin types as a make up remover and face wash/mask.",2021-09-18
P417238,5,This is my favorite for lazy days. it takes everything off with little effort and then washes off perfectly!,2019-01-15
P426183,5,"I have been using this product for  a month now and I’m really impressed. The product had a very nice light weight texture, it went on very nice and felt amazing on my skin and is very easy to apply.  I noticed a difference in my pores, hyperpigmentation, and the over all texture of my skin. My skin seems to be much more soft and have a nice natural glow to it after using this product. This is a great addition to your skin care routine. I will definitely think of repurchasing it in the future.",2021-06-18
P441644,5,"I fell in the love with this cleanser initially from the natural fragrance which smells clean and free of any toxic, strong-smelling perfumes which is often in other cleansers. Smells kind of like spinach, kale, and celery? It lathers up very nicely and felt light on my skin. I also love how it has a relatively small list of ingredients that I can still pronounce and is “clean“. My skin didn’t feel tight or dry after using (which happens with almost every other cleanser that I’ve tried). I have the sample size that I received with my Sephora points and absolutely loved the recycled packaging that it came with--the glass container was nice since it allows me to get every last drop to use. I’m a huge fan of YTTP and I’m really happy on discovering this natural and healthy-feeling face wash that smells delicious",2020-04-09
P7880,5,"Love this for my sensitive skin! Does not dry it out and I feel like it really cleans my face well and leaves it feeling softer afterwards. I recommend, plus it smells great!",2018-04-08
P218700,4,"Ok - so this stuff has not been the miracle worker for me as it has for other people, but that being said, it is still a good product. I’ve gone through two bottles of this so far, and neither time did mine have any real scent. I applied it at night before bed and in the morning before sunscreen. I noticed my skin tone evened out, my dry patches were gone and my oily patches were gone - it really helped by skin BALANCE out.I’ve seen that other people had it work on their stubborn blackheads as well, but I’ve seen no difference personally in mine. Still there, still annoying.BUT- I have noticed a change in my eyelashes. They are longer and thicker. That is actually the first change I noticed when I began using this stuff. Since noticing, I now make it a point to dab a little bit on my eyelashes directly before bed.For the balance in my skin and eyelash benefits alone, I say it’s worth the price. A little goes a very long way, I typically used two or three drops for each application and then pat it into my skin.",2011-06-29
P460779,4,"I love the bareMinerals brand for makeup so I was excited to try their serum. This serium made my skin feel very smooth, even after I washed it off in the morning. I would buy the full bottle; it would be an investment in my skin.I received a sample from PINCHme for my review.",2020-12-24
P309308,5,"I was really skeptical about buying this product. However, after reading multiple reviews, I decided to get it during the VIB ROUGE sale.  It has helped clear my stubborn acne and has reduced my pigmentation scars from my acne. I’ve also noticed that my smile lines had become smoother. I definitely recommend this product if you have combination skin, acne prone, or even sensitive skin like myself. It does smell pretty nasty, but it’s not to bad.",2017-04-22
P232903,5,this is the best overnight treatment. it dried up the bumps on my forehead. i am also using the kate somerville detox daily cleanser with the clarisonic.,2011-11-04
P458219,5,This toner has made a huge difference in my skin! I started out using it a few times a week and I now use it every morning ! It is gentle enough to be used daily for me ! It has really improved the appearance of my skin and makes my skin look dewy! I would definitely recommend this product !,2021-07-20
P481817,4,"This is a good product I love the smell, but like a lot of these spray toners its a little on the expensive side, In my opinion its an expensive toner. I bought the travel size and after only a week I am half way through it. I did not see in vast difference in my skin, this is going in my purse as a refresher spray. Overall this is just too expensive for me to continue to buy.",2014-01-29
P480630,5,"You need to try this ! It’s my first time trying this brand . This amazing mask was gifted by Summer Friday’s  . My skin feels refreshed , soft and super hydrated .  Worked great on my sensitive skin! Definitely going to buy one more for winter month .",2021-07-02
P443563,5,"I am absolutely in love with this lip balm! I was sent my perfect match, “Berry“, from Topbox to test and review. The applicator is clear, so it’s very easy to control how much product comes out. And I cannot get enough of the yummy berry scent! My lips are glowy, for sure, but not sticky at all, with a tint that perfectly matches my natural lip colour. The shea butter formula is incredibly moisturizing and leaves my lips feeling soft and supple all day!",2019-06-30
P427421,5,I got this as a birthday gift from Sephora and LOVED it. A little on the pricey side but totally worth it. I have oily skin and this is great for under my makeup and as a night cream LOVE !,2021-01-06
P478030,4,This is a true balm in the sense that it’s thick like a lip balm. This is probably due to almond oil being the first ingredient instead of water (water is FAR down on the list). I used this first by following the directions to apply it to damp skin but it’s so thick that it still pulled at my skin and left a gloopy residue. I would suggest emulsifying it with water in your hands first and then apply it to your damp face. This is good for a first step in a double cleanse (because of the residue) but not good on its own as a cleanser. At the price point it’s worth trying out the mini bottle.,2021-11-25
P470255,5,"this is an amazing product. I have sensitive skin and usually break out from sunscreen, but this is great! I can easily apply makeup over it and it is really light and smooth.",2019-03-13
P442563,4,"I purchased this as a dupe for Drunk Elephant’s Baby Facial as a weekly facial peel. It’s not bad! I like that it takes ten minutes to use. The color makes it easy to see where it is applied, a bonus over Drunk Elephant’s peel. It does a decent job at exfoliation but it is harsher than DE’s. It has a bit of a smell but the negatives are so minor compared to the insanely low price.",2020-02-01
P394639,5,"My Combo Skin thanked me for using this, Great if you dry combo skin as this doesn’t clog pores and leaves skin feeling smoother.  its it’s a light weight gel that provides loads of moisturization. Works almost instantly. I prefer the belif aqua bomb over the Neutrogrena Hydroboost for my sensitive part of my skin, and I absolutely love to pair this with a good retinol during bed time.",2021-06-20
P430337,5,"I liked this cream! Light consistency, quickly absorbed, the skin tone becomes fresh.",2018-04-25
P122900,5,This moisturizer is definitely a staple in my skin care regimen now. I put in on every night (since it doesn’t contain SPF for daytime use) and my skin is so soft when I wake up the next morning. Best part is...it doesn’t break me out! Which was a fear I had purchasing it. A lot of product so it will last a while and the price is great!,2016-03-11
P458219,1,I have been testing this out for a while now. I noticed my skin has been getting really dry and dull. I haven’t changed anything else in my skincare routine. Broke me out and dried my skin!! I have dry patches all over my face as well. I do not recommend.,2021-12-22
P411540,3,I really wanted to love this because I’m not a fully foundation make-up look girly but this irritates close to eyes and wipes off so easy - it doesn’t melt absorb in you can wipe it off with a finger,2023-01-29
P478030,2,OILY. Does not seem to cleanse anything. Nice as a nourishing face mask,2021-10-02
P453816,5,"This ish is the real deal. It removes makeup (including mascara!) so well that I consider it one of my “cleanses“ (I have been into double cleansing lately). It does get into your eyes if you use it to remove eye makeup, but it washes out quickly and easily. My face feels incredibly smooth and clear after use. I freaking love this product and will probably use this for years.",2019-05-17
P411387,1,"Broke me out the first time I tried it, it was the only new product in my routine. Tried it again a couple months later to see if it really was this product that breaks me out and sure enough breakout again after using.",2022-05-31
P420652,5,Obsessed with everything about this product! From the yummy gummy bear flavor to the subtle purple tint it leaves the lip and not to mention the outstanding product performance. I suffer from extreme dry lips and this is the only products that works for me. I keep 3 of the original flavor with me at all time but it looks like I’m going to have to stock up on this one,2020-08-26
P427421,3,"I don’t know how to feel about this product. I used the birthday sample about a year ago, and I absolutely loved it; after just a few days my skin looked so radiant, even, plump--just gorgeous. I decided to purchase the full size and not only am I getting little pimples on my cheek and temple despite not being acne-prone, but my pores are also super large, and every time I apply the moisturizer on top of my serum, my skin gets really red and irritated. This is my first time using a full skincare routine, so it’s possible that my skin is reacting like this due to the increase in products.  That’s what I want to believe but the truth is I was using this product on its own for about two weeks before adding all the other products. I REALLY wanted to love this, especially because it’s so expensive but I definitely won’t be buying it again. I recommend buying a mini to try it out and make sure it’s the only product you’re adding to your routine at that time until you know it works for you.",2020-04-26
P297524,5,Honestly one of my favorites great affordable mask. It lifts so much clogged pores and black heads . I love to use after the tria microdermabrasion machine also found here at sephora.com or a get an,2016-05-11
P218700,5,"I use this everyday and I swear it has evened out my skin texture, improved the tone and helped with forehead lines! I wear it under my liquid foundation to keep my skin glowy and crease free, as well as a couple drops into my night cream for additional moisture. Best. Product. Ever.",2016-11-16
P453816,5,"This cleansing balm easily takes off all makeup on my skin and even takes off my waterproof eye makeup with a little extra work.  This has not caused any breakouts or irritation for my acne prone, extremely sensitive skin.",2020-01-10
P297516,5,Best cleanser i have used! Really gentle but removes all my makeup.,2015-03-26
P455364,4,"I might repurchase, I haven’t had any problems with it I’m just not sure if it works for me.",2020-04-24
P297524,5,This is a great product. I use it and my teenage son uses it.,2017-12-22
P7880,5,"It feels just amazing softly on the skin and smells like a cucumber salad, love it so much my skin feels and looks so much better after using it.",2016-05-09
P42204,4,"Smith’s Rosebud Salve was the first product I ever bought in Sephora, and it was a great purchase. I’ve bought many more products at Sephora after this one but this is one that I believe should be a staple or beauty essential to most woman.Let me start off by saying that this little tin brings A LOT of product. It’s been almost a year since I bought this, and I’m still not even close to hitting pan. ( I use it on a regular basis)Second: Smell- Smells like ROSES with a bit of a chemical or waxy undertone (For the most part however, I do not mind it, and i actually enjoy the smell)Third: Uses- This product claims to do alot, and for the most part, it succeeds in its claims. I use it mostly for my lips, and it works perfectly. (Similar to petroleum jelly) . I also use it for dry patches when it’s an emergency and it also works perfectly for that as well.Overall, great product and well worth the money. Everyone should have one of these either in their purse or by their nightstand. You won’t regret the purchase.",2010-11-25
P392246,5,Amazing product! I love that PH is formulated correctly for exfoliation and there are no unnecessary ingredients.  Product has helped immensely with fine lines and pores and overall condition of my skin. Pump Packaging is a huge plus to keep ingredients stable.,2019-12-03
P248407,5,"I have very dry skin (not exima or anything but still very dry) and this is the only lotion that gives me soft skin! I’ve tried various other high end lotions and this is by far the best one! To use it on my face, i use a toner with it and that definitely delivers the best results for me. The smell is a bit weird, kind of minty but not.... but it fades right away so I wouldn’t say that its a big problem at all.",2011-11-07
P269122,1,I used all the pads and was not really impressed. It didn’t make my dark marks any lighter and my acne scars still look the same. I was so excited when a sephora employee recommended these but using all 30 I am super disappointed with the outcome.,2022-06-19
P411387,5,"I’ve been using this product for about a month now and have noticed a difference! My skin feels very clean after using this. My hormonal acne has gotten a lot better as well, as I tend to breakout on my jawline with cystic acne. I love the smell of this product as well!",2023-02-28
P453816,5,"This stuff is amazing! I use it everyday to take my makeup off, followed by my regular skincare routine. It’s incredible. I suspect it almost acts like an oil cleanser in someway too, because my skin has been amazing since I started using it.",2020-02-06
P122900,5,My favorite moisturizer! Absorbs really fast and my skin feels soft and plump after. The best for my oily skin.,2016-11-16
P480612,5,"I love this cream! It’s got a nice thick consistency, but blends seamlessly. My pores instantly disappeared!",2022-02-02
P427417,2,"It could be coincidence, since I tend to reach for this product when I notice a breakout starting, but I felt like it did *the opposite* of what it was supposed to do. Everytime I used it for a couple of days I ended up with more clogged pores and whiteheads. My skin was noticeably better when I didn’t use this and instead used the Ordinary Matrixyl serum (which I love). Obviously wasn’t a fit for my skin/routine. I didn’t finish the bottle and won’t repurchase. Can’t beat the price though, so at least you’re not out a lot of $$ if it doesn’t work for you. Still love The Ordinary, but this product gets a pass from me.",2019-11-18
P455364,4,"I really loved this cleansing balm! I was in the market for a new c.b. as I couldnt justify the price of my Farmacy c.b. anymore. I love that it has zero fragrance and is on the thicker side (before it melts down). It does has a slight gritty/granular texture to it that I feel like could be irritating to sensitive skin but for me it isnt harsh at all. I wouldn’t use this as my only cleanser as it does leave a moisturizing feeling afterwards but because this product is meant to be a first cleanse that doesnt bother me. It does require some pressure to get out of the tube but I have transferred mine into a jar for convenience sake. I actually prefer this one to the Ordinarys Squalane C.B. as I felt that one took much longer to melt down and left thick film over my face even after using a second cleanser. Overall, the price cant be beat and for what it does its really amazing!",2020-11-04
P429952,2,"I heard so many great reviews on this product and was so excited to try it! However, when I use it my skin tends to dry out even more the next day. I have used it for a couple months now, hoping that my skin would get used to it. I tried leaving it on all night, under my primer and as a quick 10 minute mask.",2020-04-04
P460779,3,"I have mixed feelings on this product. Firstly, its appearance. It kinda reminds me of something I dont want on my face.  Secondly alcohol is in the ingredient deck. Now it does have niacinamide and squalene. So it is hydrating. But alcohol is a no go for me. Overall it’s been going well. But I wouldn’t have picked this up on my own. And there’s other brands out there with better ingredients.",2020-08-25
P218700,5,"This product is amazing. Since you don’t need to use a lot at once it really isn’t more expensive than other products. I suffer from extremely dry skin plus I am at the age where occasional breakouts occur . My skin used to be more clear on a usualy basis but with a busy schedule and hormones it has been lacking especially because of loss of sleep. Emmediately after applying this I noticed my skin looking healthier, more luminous and less thirsty. The next day my skin was less dry and my skin tone was more even plus blemishes had shrunk! Awesome. I must admit I was a bit suspicious at first becuase it seems counterintuitive to use oil on your face, but it works.",2010-06-16
P470255,4,"I love it, but it gives me breakouts. It feels lightweight and it’s not greasy, but it just doesn’t work for my skin. Hopefully it works for others.",2019-04-17
P411540,5,"I know that each face is different and totally get that is product might not work for some, but it was totally changed the game for me. I very very rarely leave the house without foundation. I never really get breakouts but because my skin is so fair every scar, irritation, or vein shows up and I love to have a smooth surface. I’ve stopped wearing foundation after buying this product. My expectations were so low because I’ve tried green color correctors before and they were horrible. I like to look a little bronzed/glowy and they totally washed me out I looked like a ghost!!!! But not this one. It leaves you with a smooth, neutral surface. Honestly a must try !!!!!!!!! Definitely one of my favorite products in my beauty/skincare routine",2017-11-02
P394639,5,"Let me start off by saying that I have NEVER felt compelled to write a review in my life. However, I felt like I owed it to this amazing product to tell others how great it is. My skin is extremely combination— breakouts with dry patches that tend to get oily towards the end of the day. It is also very sensitive and dehydrated. This product didn’t break me out, cured my dry patches, minimized my pores, & doesn’t make me feel greasy or oily. I truly feel as if I now have a normal skin type. I look forward to washing my face and putting this on after (I use it day and night). It also looks/works great under my full coverage foundation. I’m so glad I purchased this product & will be purchasing the jumbo-size.",2018-02-26
P442563,5,This is the single product that I recommend to every friend.  It’s a complete game changer and has improved the quality of my skin immensely and my skin always feels baby smooth after using (around 2 times a week but more if necessary) .  I never want to be out of this and keep my alerts set to let me know when it is in stock so I can re-order before I really need to.,2020-07-01
P269122,4,"After trying the Dr. Dennis Gross Alpha Beta Extra Strength Daily Peel, I’ve found my texture greatly reduced. It’s a strong exfoliator but not super irritating.",2019-07-08
P430337,5,I am in love with this product; I have combination type skin and this product allows for just the right amount of moisture for my skin type. The smell of the actual product is very invigorating,2018-05-27
P427417,5,Make sure you use with spf!! But this solution helped with scarring and acne almost instantly. 10/10 recommend,2020-04-19
P394639,5,"This is amazingly mosturizing. I first because a fan of Belif when I received a sample of the Hungarian essence , I love it so much I decided to try other products. This is my new favorite for winter dry skin. I use it daily in my skin regime I like it better than my PTR hyrulonic cream and my Fresh lotus youth preserving cream. I can use this alone or combined with other products when I wake up in the am my skin is so smooth and soft it feels so luxurious going on also and under my makeup keeps the fine lines at bay and keeps your skin smooth all day.",2018-01-14
P480630,5,HOLY GRAIL. Super moisturizing but not heavy when you leave it on all day.,2020-07-15
P248407,4,I was skeptical to buy this moisturizer after trying some products that gives you the same promises. I am glad I gave it a try and very happy on my purchase. I must say this really was a good buy!,2017-01-19
P456412,5,I like the smell. It left my skin feeling soft but it didn’t stripped it from its natural oils. I received this product as a free sample but all opinions are my own.,2019-04-28
P417238,5,Cleans really well. I feel super fresh after using it.,2018-10-11
P218700,5,I put 2 or 3 drops in my foundation/cc cream and (from someone with extremely dry skin) it is soooo hydrating! foundation doesn’t look cakey or dry at all throughout the day. adds moisture without looking too full coverage/matt with a full face. just repurchased for the second time... lasts you forever too!,2017-02-15
P426183,5,"I love this so much! In my opinion it’s like a holy water in a glass container!! This helped me with my pimples on my forehead and now they’re gone. I use this right after I wash my face then apply moisturizer after. At first, it smells kinda weird but you will eventually get used to it.",2016-01-06
P454380,5,Love how this product goes on matte and protects your face. It’s just light and goes on smoothly,2022-04-24
P248407,5,"I had gotten a sample with one of my Flash purchases. My face was so dry from the winter weather, and I was desperate to try anything. Although this isn’t advertised to be specifically for the face, it says you can use it head to toe. I used it on my very dry scaly t-zone one night before bed. The next morning, the dry patches were noticeably less red scaly and dry! I tried it the second night and my one patch in particular was gone. So I have purchased the full size. I also bought two of the 12 oz tubs. My next purchase is to buy the product that is specific for facial use.",2016-01-20
P394624,5,I received this product in a gift set from a family member and fell in love with the creamy texture and the way my skin felt and looked so I purchased a large size so I’m never without it!,2020-03-15
P232915,2,"I had horrible acne growing up and so of course I have scaring! This product works great but if you have any texture at all (acne, black heads, ect) it will completely stuff off skin in those areas.",2016-04-15
P248407,5,"This stuff really works! My thumb has suffered dry and itchy skin from washing dishes at work to the point where little dry bumps started appearing due to chemical contamination. Yeah, sounds gross..actually it was.I tried everything to make the bumps go away but they kept popping back up! So I saw reviews for this and bought this cream to moisturize my face. Once I got it, I thought what the heck, might as well put it on my thumb! I seriously thought it wouldn’t do anything cause I’ve tried products before and the bumps still came back.After TWO days of applying this cream to my thumb area, I’m so amazed at how freakin smooth it is. It’s like I gave birth to a new adult thumb. It’s been a week and a half. No bumps. I love this stuff. Thumbs up!!! :)",2010-09-20
P12573,5,I slather this on at night and my lips feel like new when I wake up in the morning.,2011-12-30
P467762,1,"I don’t normally write reviews but this product was so horrible on my skin. I used it a few times to see if it would get better. I don’t have sensitive skin but this dried my skin out completely, caused little breakouts everywhere and not to mention the packaging is horrible - the product leaks everywhere when you pour it out. It’s also really sticky. Not worth the hype. I’ll go back to using my Thayer’s witch hazel toner.",2021-05-12
P427417,5,"I saw this on TikTok and decided to try it out and it’s amazing!  It does exactly what it’s supposed to do (help with pores, acne, oiliness, congested skin) and I can’t believe it is so inexpensive because it works better than some higher end products!!",2020-07-03
P455364,1,I really like balms as the first step to my double cleansing routine. This balm did a good job but I just couldn’t handle the smell (a cross between new car smell and plastic). The price point is not enough to make me stick with it so I will return the product.,2021-04-09
P439061,1,No change in my pigmentation on my checks and forehead. I did notice that I began to breakout with small whiteheads wherever I applied the toner. Ended up returning.,2019-04-13
P7880,3,"I really like your presentation, it leaves my skin very nice and clean, the only bad thing would be the smell that is something strong and I don’t like it because it gives me a slight allergy .... I want to thank Influenster that allowed me Try these products for FREE",2019-09-28
P450271,5,"This stuff is amazing! It smells so good, not overpowering, melts like butter, doesn’t leave a greasy residue, takes even stubborn makeup off and leaves my skin feeling soft. You only need a little bit. I was skeptical at first because I’ve read mixed reviews but I am in love. Definitely going to try the regular too.",2020-09-13
P12573,5,"not sticky, good smelling, easy to apply. a very good product.",2009-08-21
P297516,5,"I can only say good things about origin, but particularly this product. I do have combination skin, so you do want that frothy or milky face wash to prevent it from drying out. I find that after I use this product, my skin feels rejuvenated and clean without feeling dry like the Sahara desert. This has been my go to for the last year and a half. I love it!",2021-02-26
P450271,5,Smells amazing and removes my makeup so easily.  Need to use a good amount to cover my whole face but works wonders.,2020-10-05
P248407,5,"I always have Ultra Repair Cream on hand. I was introduced to it by a Sephora beauty advisor after I had a tca peel and I wanted something moisturizing and non-comedogenic. I started using the product years ago and it helped facilitate my peel without interrupting the peel’s work! Since then I use it when I need a little extra moisture (heh, I’m in the desert of Las Vegas so that’s pretty often!)plus I use it on my hands every night before I go to sleep to get the moisture benefit from it and of course my hands are lovely in the morning - my skin is soft! I really like this product and I will never be without it!!",2013-06-07
P427419,4,My skin feels so plumpy since I started to use this! Even my boyfriend notice that I had a much glowy face! Will totally repurchase.,2021-01-01
P126301,5,Removes all makeup cleanly. Rinses easily without oily feeling. No makeup residual to come off on your towels or wash clothes.,2019-04-27
P269122,5,I usually am kind of an addict with physical scrubs and recently have been told I should switch to a chemical one instead. Dr. Dennis Gross was suggested to me so I was happy to have had a chance to try it. The Alpha Beta Extra Strength Daily Peel was great. It gave me the results I was looking for after just a few days and I feel like my skin is glowing and I’ve had no irritation. I also feel like maybe it has helped some of my cystic acne which is great.,2019-05-24
P480612,4,My skin felt hydrated but not oily. Nice lightweight formula,2022-01-21
P409800,5,Gentle and takes off all make up easily. By far the best smelling face wipes ever. Face looks glowy after using them.,2018-10-11
P450271,5,"The holy grail of makeup removers... but you already knew that. There’s literally nothing this hasn’t removed. If you’re looking at these reviews because you want to take the leap, this is your message to DO IT. And then thank us all later :P",2020-11-02
P454380,5,"When I first tried this I was so confused with the texture. It made my skin feel very silky and smooth, which is not what I am used to with a sunscreen. This sunscreen texture is actually what makes me excited to use sunscreen everyday. Since using, I have not skipped a day using sunscreen. It also doesn’t make your skin look oily nor does it make it look dry. It’s perfect!",2022-01-16
P458219,5,"I’ve always been skeptical of glow recipe because I thought for the longest time it was just another good marketing and cute packaging type of scheme. Decided to buy the trial size of this toner and wow I’m amazed. Then bought the niacinamide dew drops and it blew my mind even more. I have oily skin, big pores, sometimes acne prone, and these have done wonders for my skin. Can’t wait to finish my trial size to buy the full size! Only complaint is the smell of this one isn’t as pleasing as their other products, very lemony and sour.",2022-05-23
P218700,4,"I have sensitive skin especially when it comes to oil and the oil didn’t feel light enough on my face so I looked at what it can be used for as it is very moisturizing, just too oily for my face. I read that you can use it on your hair and wow, a little goes a long way and it really moisturizes split and dry ends! After one use I noticed a difference.",2011-06-17
P270594,5,"I love this product. It is pretty thick but goes onto skin so smoothly. It is non-greasy and has almost a sticky feeling to it until it sinks in. It is very hydrating and I use it simply as a moisturizer. It also holds makeup on very well. I have combination-oily skin and have had no problem with it. I, however enjoy a slightly natural glow to my skin after my makeup is applied and this helps to give me just that. No complaints!",2014-09-10
P480630,1,I wish I could get the same results as everyone else.It made my skin itch and dry out. I only had it on for 10 minutes.,2019-01-23
P418218,1,"I broke out in horrible cystic acne after a couple of days, too many dimethicone type ingredients for my skin to handle. I cannot recommend this product, it’s just too risky, it’s going to take weeks to get rid of the damage it caused my skin, which is really disappointing because I was so happy with where my skin was at right before I tried this product. This was the only change to my skin care and makeup routine before the breakouts started.",2020-03-02
P427417,5,Its really helped make my skin less “oily“ and helped with hyper pigmentation as well. Recommend this product.,2021-01-23
P454380,1,"I used this product 3 times and each time I had the worst breakout I have ever had, - in areas of my skin that I have never had an breakout before as well as the usual areas.Although I used a small amount (less than the dime sized amount recommended) I found this product to be overly greasy and just sit on my skin.  By the end of the day I looked awful and this was despite blotting my skin on frequent occasions throughout the day.  I doubt there was any sun protection as a result of me having to blot and wipe away continuously.  Despite the expense I have now thrown this product in the trash.  Do not  recommend for acne-prone skin",2019-07-03
P122900,5,The best moisturizer for oily skin.,2010-04-25
P7880,5,Fresh Soy Face Cleanser is the best for any type skin. It’s strong enough to remove waterproof mascara yet gentle on the skin. This is my favorite skin cleanser that guarantees me compliments from my aesthetician.,2010-04-28
P427417,1,"I’ve been using this product for over 6 months and have seen almost no difference in my skin. My pores still look large and my acne is still a problem. I wanted to love this, but there is so many things wrong with it. You cannot layer it with other beauty products like foundation or spf because it will make everything clump together. It looks so bad. I would not suggest this brand of niacinimide. Try the inkey list instead!!",2021-06-10
P456398,3,"Received this complimentary from Influenster.I like that the sunscreen is clear and doesnt leave a white cast so I can use it under my makeup or otherwise and it goes undetected. The subtle scent is nice too. However, I feel it makes my skin look a little oily.The creamy texture is easy to apply and it doesn’t irritate my sensitive skin at all.",2020-11-23
P471546,5,"This product is AMAZING! I cannot even begin to describe how much I love this color corrector. I’ve actually repurchased this product multiple times and always stock up during VIB sale, but received a sample complimentary for review purposes recently. It’s a thick cream that’s green in the jar, perfect for correcting redness in your skin. The cream then changes to match your skin tone! Although I do think if you are on the darker side, it’s definitely going to wash you out and look ashy due to the spf. I don’t mind it, I find that I can apply a loose powder over top and it matches my skin just fine. This is a must have for me due to the spf, and because of the color correction and the slight coverage you get from it blending and matching your skin tone, I can go days with just this and no foundation and still feel confident. I cannot recommend this product enough!",2019-09-03
P456207,4,I actually really like this cream.  It’s a great blend of moisture without being greasy.  My face just feels clean and firm after applying. The smell isn’t great but not off putting and it wouldn’t deter me from purchasing. I actually ended up getting a the same brand face wash because I enjoyed it so much.  I would recommend !!,2020-03-09
P467762,4,"I got this product free from Influenster, the package is cute the smell is nice , texture through me off . I’ve only used it once so I can’t say so far if I feel like it does miracles but my skin felt fresh and nice",2020-05-15
P232915,5,"I’ve been looking for an exfoliant or that dissolves rather than scrubs away flaky skin. Every time I find one its doscontinued. This seems to do both, it’s a gentle scrub but also melts away flakes, smells luscious. I use it about every 2 weeks..",2013-04-28
P456412,5,"This is one of the best facewashes I have ever used. I love the cream to foam texture, at first i thought it was weird because I’m used to jellies, but I could feel the difference in a good way. The foam was light, not gloppy, I wasn’t afraid to get it in my eyes.  It left my oily face super moisturizer and soft, but not oily at all! I had the best soft glow and felt clean even until the next morning. A great product and I’ll definitely be checking out this brand more in the future. I received a sample for free to review, and it was actually a good size. I was able to test it out for a little over a week, so i really got a feel for it.",2019-04-21
P443563,4,I always have dry lips and this really helped keep them moisturized. It also has a really nice tint to it. I didn’t give 5 stars because the packaging it came in was this huge box just for this little lip balm. Seemed like a lot of waste for the packaging. Product was great but I will buy in store so they don’t have to ship.,2019-04-22
P454794,1,"i’ve been trying this moisturizer for awhile i was wondering if this was breaking me out or my makeup, i decided to try this in the morning and wear makeup over it, after i washed my face at night i had so many pimples that came out of no where, it’s definitely not my makeup that’s breaking me out bc i’ve worn my makeup without the moisturizer and it was just fine.. i have so many bumps on my face now, i will not be repurchasing again.",2019-05-22
P418218,4,"This is a great moisturizer for oily skin or when you want a lighter cream.  It didn’t have much of a scent, absorbed quickly into my (combo) skin, and left me feeling hydrated but not greasy for hours.  It’s not quite rich enough for my eyes, but I’m very happy with how soothing it is without impacting my makeup application or making me feel greasy.",2017-12-11
P450271,5,Most amazing making removing balm! Takes everything off with a drop size amount! I love this way more then the oil to foam makeup removing cleansers.,2019-08-12
P418218,5,"Wow! I absolutely love this moisturizer! It’s so light and feels amazing on the skin. I have super oily skin and I feel like this helps control it. It smells amazing and I love the packaging. The only downside is I wish there was more product in here for the price I pay, but I will definitely repurchase!!!",2018-01-06
P427421,1,Everyone always talks about how amazing and life changing this is. No clue why. I tried it and it did absolutely nothing for my skin. Moisturized a little bit but I didn’t notice the life altering experience everyone else had. Wouldn’t recommend,2019-06-16
P232915,5,"You cannot find a better facial exfoliater. it is expensive, yes, but you need only a little bit each time you use it.",2013-02-03
P420652,5,"I use this as my everyday lip balm rather than an overnight mask. This product totally saved my lips from severe dryness and cracking. I only use it three times a day, which compared to other lip balms/chap sticks that i’d apply all day, is great.",2020-07-28
P441644,5,"I had the pleasure of having a skin consultation with Danielle. Since high school I was under the assumption that my skin was combination; oily t-zone and normal/dry cheeks. It has always been my diagnosis when I talk to someone about my skin. However, after I told her about my daily skincare routine I learned that as we age our skin changes and with that the nourishment our skin needs changes as well. I had been drying my skin to the bone. So much so that it was thirst for moisture. I purchased this cleanser through her recommendation to use something more hydrating and less stripping of the nourishment my skin needs. I have been using this cleaner for a week and I feel less tightness in my skin and feel more hydrated. Thanks Danielle for taking the extra time to explain things to me and for the recommendation.",2019-03-24
P454794,5,The best moisturizer ever! So luxurious yet hydrating at the same time!,2019-04-15
P409800,5,Great cleansing wipes! Takes everything off with just one towel. Use it in store with all our clients,2019-12-07
P429952,5,"The term “mask” threw me off for a while, you don’t have to wash it off like a typical mask, I use it as an everyday moisturizer. It rubs in just like a lotion and can be worn under makeup. Extremely moisturizing and hasn’t personally caused any breakouts or oiliness. I used to use Vasoline to save my extremely dry skin but it would leave my fave slick and breakout prone. This miracle product solves all those problems. I’m obsessed and would recommend this to anyone.",2020-08-15
P426183,5,This is a staple in my skincare routine. I apply this directly onto my skin after cleansing my face and before applying my serums and moisturizers. It works wonders and I absolutely love it!,2018-09-06
P7880,5,"Absolutely obsessed with this cleanser. Check out the gorgeous new packaging too!!! Not only will your face get a deep cleanse, it will not feel dry, stretched out instead its left baby soft and nourished. Absolutely recommend",2021-03-05
P467762,5,Okay this toner is incredible. Not only it’s super hydrating and very lightweight but the scent is delicious! It smells like a watermelon lollipop and it’s not overwhelming.  The texture is also amazing since it’s thin but feels a bit viscous and it doesn’t leave my skin sticky.,2022-05-24
P218700,5,"I couldn’t figure out what all the fuss was about with this stuff. I saw the small travel size for $14 near the checkout and decided to give it a try. WOW! I now keep one in my bathroom, on my nightstand, in my purse... I have combo skin, but this Winter has just dried me out, I use this on my face, my nails and cuticles, in my hair, anywhere that is dry and/or needs a boost. Its an excellent night moisturizer, works wonders around my eyes too.On the go its all I need, one little bottle in my purse has replaced a pile of products...fly-away hair? checkdry ends? checkicky cuticles? checkforget to moisturize your legs, elbows, etc? checkchapped red skin around your nose/mouth? checkDo what I did and try the little bottle, I bet you love it! and for $14 bucks? Seriously, buy it NOW!",2011-01-09
P418218,2,"I have extremely dry skin (not sensitive, just dry), and this cream does not begin to hydrate (it leaves my cheeks in need of more hydration). I even purchased it in conjunction with the cleansing oil for the added hydration. I would say maybe if you have oily or even normal skin types, this would be a good daily cream, but not for dry. I gave this product 2 stars because I do like the packaging and the way it smell. I think Tatcha is a good brand, just make sure you buy the proper product for your skin type!",2019-01-06
P454380,4,Fair product. Has a weird texture but is truly is unseen. Blends well.,2021-11-20
P427417,5,Love this stuff. I notice a big difference in my pores since I have been using this. It also seems to take some of the redness away.,2018-01-31
P309308,5,"This product was gifted to me from Sunday Riley. This serum is amazing! One of my skin concerns is large pores, and I have seen a huge reduction of them ever since I’ve started using this product. My skin looks much clearer and my skin feels soft and smooth after using. Amazing product!",2021-02-05
P427419,4,Love the product use it everyday and I have really dry skin especially in the winter and it works like a charm. Loses a star because sometimes it pils off if you don’t let it dry long enough or if another product doesn’t match well with is,2023-01-28
P453816,2,"I really wanted to love this product, but it was difficult for me to do so for a few reasons. My first reason being that it says it is for “all skin types“. This made me hopeful, as I have struggled with acne/combo skin in the past. Unfortunately, this product did feel as if it took my makeup off but my enlarged pores and new pimples that emerged within the month of usage were showing me otherwise. On a positive note, this does do a great job at removing mascara. I would recommend this to people who don’t struggle with acne and maybe wear bb creams or tinted moisturizers rather than foundations.",2018-03-09
P411540,5,This stuff is amazing! It completely neutralizes redness without leaving any green tint or greasiness. It helps give me a smooth and even surface to apply my makeup. LOVE.,2019-12-13
P423688,5,"This is the first Dermalogica product I have ever tried and to be honest I was so amazed. At first I was doubtful as it is a powder based exfoliant and I wasn’t sure what to expect but after the 1st couple of times of using it, I was in love with the product. You don’t need alot of powder just about a teaspoon would be enough and you mix it with water until you get a creamy consistency. Then you rub it in circular motions on your face for about a minute. After exfoliating with this product, my face felt so smooth and refreshed. I highly recommend this product!I received this product for free or complimentary for testing purposes.",2019-04-17
P375849,5,"The only slight con I would say, besides its hefty price tag, is the smell. It’s not perfumed which is nice, but I guess the ingredients involved naturally create this scent that isn’t my favorite.BUT besides those two things, this is amazing. The facial treatment essence is the most important in my skincare routine, just because I can instantly feel the result of soft, youthful-feeling skin after application. If I was only allowed one item to bring with me out of all my skincare items, it would be this one. I feel that despite the big $$$ involved, it is definitely worth it. I use it often and still haven’t finished my first bottle (hitting near 9 months of having this and I use it almost every day). Skin is something you’ll have forever and I think it’s definitely worth investing in. This product is a game-changer in my skincare routine and I’m glad I bit the bullet on trying this out.",2017-08-10
P302103,5,"This stuff is amazing. I put it on my lips every night, and every morning they feel velvety smooth. I love this stuff.",2015-06-25
P456398,5,"This brand I received for free from Influenster. Wearing sunscreen every day it’s so important. The texture is light and it’s smell so good! It perfect for my skin, I been using it under my makeup. Shiseido definitely has the best sunscreen.",2021-01-19
P427421,3,"I got a sample pot of this but usually I’ll just use this when I need to go back to my baseline. It’s has a nice texture and is unscented but leaves something to be desired. I’ll usually mix in another oil or something with this to give it the moisture I need, and I don’t have dry skin. I wouldn’t recommend this for anything other than oily or sensitive skin.",2019-10-04
P7880,5,i love FRESH product. it’s not harsh at all. i have very sensitive skin. its perfect for me. I got this for my birthday sample. but then i bought full size.,2018-06-12
P456412,4,"Great face wash when paired with a Clarisonic, especially in the winter time. It’s gentle enough so that it doesn’t dry out my skin, but still foams up and also removes makeup.",2018-02-15
P443352,5,I received this complimentary from dermalogica to test out and I have to say this microfoliant is amazing and leaves my skin feeling very soft. It is not too rough on the skin and does not irritate. I would recommend this to everyone. I think it is suitable for all skin types and will help.,2022-08-28
P454794,1,I really wanted to like this since I’ve heard such good things but I’m afraid I didn’t at all. It made me even oilier than usual and I kept breaking out. I tried it for 2 weeks but had to give up. Hopefully it will work better for you!,2020-05-28
P458219,5,"I’m lovin ’it! It is an incredible tonic and exfoliator! theskin on my face gave an incredible change, especially with the decrease in pores. has good texture and smells nice",2021-12-14
P420652,5,Amazing I have really bad dry lips and this is one product that stays put and doesn’t dry away right away like other products do. Smells amazing. Will be buying again.,2018-02-26
P458219,4,Smells so good! Feels refreshing on the face and I really enjoy it! The only thing is I prefer the moisturizer over this but it’s really good! Btw I received this product from Influenster for free for testing purposes.,2020-06-22
P394639,1,I purchased this and it reacted so badly with my skin. I have sensitive acne prone skin. Just wanted to write my experience- had a horrible skin rash from this and had to get special cream from the doctor to fix it. Will be returning ASAP.,2019-11-18
P232915,5,"This is magic!  So many compliments from my spouse.  Kate is not kidding when she says it makes your skin feel like a baby’s.  It is a great product, and I am a convert!",2018-02-04
P441644,5,"I got this as a gift and I’m in love! It doesn’t dry my skin out, smells amazing, and I love that it is a gel. I will definitely be purchasing this once I run out. My boyfriend has been using it daily as well and he loves how soft and clean it makes his skin, and even his facial hair! He’s normally picky about smells but loves this one. Great for couples that share a face wash!",2018-07-07
P411387,5,I’m absolutely in love with this cleanser.  My skin feels so clean!!  I do have dry skin and I can tell if I’ve forgotten to moisturize after using it.  I don’t feel this is an issue as you should always moisturize after cleansing anyways.  Couldn’t recommend this enough.,2021-05-07
P453816,5,"Wow totally worth the hype. Smells good, works well, and lasts forever.",2018-03-07
P248407,4,"Okay okay so prior to using this product I was stuck on Sunday Riley’s Tidal and oils... However, realizing how EXPENSIVE these products are, I started looking for something more cost-efficient but still able to address my extremely fickle and dry skin. This does the job. It’s not fancy, and smells basic. But $30 for a huge tub? I think yes.",2016-09-29
P443563,5,I’ve really been enjoying this balm. I love the grapefruit scent and I can’t wait to try the other three. It’s so smooth and not at all sticky. I feel that it lasts a good amount of time as well. I even like the packaging!,2019-12-16
P455364,5,"Many don’t understand how to actually use this product. It is amazing as a first cleanse, but must be followed by a normal water based cleanser. That will leave your skin looking like you just got a facial so soft. Not meant to be used alone or else it’ll leave a bit of a balmy residue",2022-07-27
P392246,1,I was not impressed at all by anything in this skincare line.,2019-09-12
P454380,5,This is my third repurchase! I have yet to be sunburnt on my face this summer because of this product! It sinks into the skin very nice and overall is a 10/10 in my book and my moms!,2022-09-09
P441101,5,"I purchase this moisturizer every winter . Only one that helps. I’m in my thirties ,olive skin",2021-07-13
P471546,5,I really love this product!! I can actually wear alone without any other makeup and it covers my skin beautifully while covering redness on my cheeks and any other imperfections I may have going on. Plus it has 30spf !!! If you have redness I definitely recommend all Dr Jart products! I’ve tried them all and feel they work the best for my redness issues.,2019-04-19
P411387,5,"The most AMAZING cleanser ever, I buy it time and time again. It leaves your skin feeling clean and refreshed without feeling dry. Manages to keep the oil of the face away all day. The best cleaner I have ever used by far.",2022-02-08
P394639,5,This moisturizer feels amazing on my skin. It’s so lightweight yet feels so hydrating. Love the fresh feeling it gives me. Doesn’t have a strong scent which is great. I’d recommend this product.,2021-04-14
P450271,5,This is my second jar and so far it’s my top cleansing balm. It melts away my makeup even waterproof mascara instantly and what I love is it doesn’t sting my eyes and my skin doesn’t feel dry afterwards. A holy grail in my vanity indeed!,2021-10-24
P409800,1,SMELLS REALLY BAD AND I LOVE COCONUT ! It’s also very dry...and not moist at all,2016-12-06
P126301,5,Does what it says. If you’re on the fence just buy it!!!!!!!!,2020-08-03
P411540,5,My skin gets really red all the time and this stuff is amazing for keeping that flush down! Amazing product and I don’t even need to use concealer after this just a light layer of foundation! I received this as a sample to try out,2019-09-19
P420652,5,Do yourself a favor and purchase this. A little goes a long way and you’ll wake up with the best feeling lips. It also smells great!,2018-09-06
P429952,5,I love the texture of this mask and that it is a multitasking product. It can be left on overnight as a sleeping mask or washed off after 15 to 20 minutes. It left my face with a noticeable glow and smoothness. I would purchase this product again,2021-07-12
P427421,5,Love this moisturizer.  It has been perfect for my skin.  I use it twice a day.  I also like that it is a pump container and that the cream cannot get contaminated by germs.,2019-04-11
P426183,5,This is a great essence. It I left my skin soft and hydrated.,2021-05-15
P427417,5,"This product is AMAZING!  I have acne-prone, combination skin that got treated with Accutane, but I do get the occasional small breakouts every now and then.  This product right here helped to deal with my acne and reduced how oily my skin would get throughout the day.   Now a warning, this product can/will cause your skin to go through a purge in the beginning when you first start using it, but it does go away.",2021-08-21
P481817,5,"I was looking for rosewater, but someone directed me towards this beauty elixir. I really love the refreshing scent, and it really helps my skin have a natural glow that moisturizer can’t do alone. I also love that I can put it on after I have my makeup on, and it makes me look refreshed and natural. I’ve suggested this to everyone I know!",2011-09-18
P232915,5,I cannot say enough goo about the miracle product. My skin feels like a babies bottom. Sold for life!,2012-09-13
P427421,3,"I got a sample first and loved it. Then I bought the larger, full size. At first this product definitely worked; my skin was softer, fine lines were smoother, and it moisturized well. But over time as I continued to use it I no longer saw the same results. It’s a great product but I think the formula breaks down before you can get through a whole bottle.",2019-08-21
P441644,5,This is a great antioxidant cleanser . Love it and bought one for my sister who is super sensitive as am I to products!!,2019-04-26
P420652,4,"I received this product complimentary from influenster for reviewing purposes.It smells so good! It leaves my lips feeling moisturized the morning after, although I find that I have to apply it generously for the product to actually work",2019-06-20
P7880,4,"I love this cleanser, my skin has cleared up quite a bit since I’ve started using it regularly. I have dry, sensitive skin and it can be a bit drying if it’s used twice a day, so I personally prefer to use it once a day or once every 2 days. I find best results from massaging into dry skin then adding a bit of water to lather. You don’t need much.",2017-12-21
P460779,5,Loved the serum. Made my skin feel soft and smooth and didn’t remain sticky. Got from a pinchme sample and enjoyed the few uses it came with. Will be buying more.,2021-01-07
P248404,4,"I’m just grateful that this face cleanser is not causing me to break out or develop dry patches around my cheeks and chin.It feels so gentle and pleasant, but overall it’s okay. Good for those with sensitive skin. I’m not sure if I’m going to continue with this after I’m done with this tube though .... However, that’s not going to be for quite awhile because you only need a little bit to wash your face.",2011-01-09
P454794,2,Unfortunately this product just did not work for me. I have extremely dry skin and live in a very dry climate and when I applied this it honestly felt like I was putting nothing on my face. My makeup looked dull and dehydrated on top of it and after 6 hours I would see dry patches peeking through my foundation. It ended up actually breaking me out on the center of my forehead and cheeks which I was surprised by. Once I stopped using it the breakouts cleared right up. Absolutely gorgeous packaging and smelt amazing but it wasn’t for me or my dehydrated skin.,2019-01-27
P297516,5,"Since I have normal skin with an oil t zone and ocasional dry patches - this really does “check and balance“ your skin. My skin is all over the place and I love this cleanser because it leaves my skin feeling normal - not tight or greasy, just normal. Love it!",2018-03-13
P421275,5,These are perfect for the start of a pimple! I just put one on the spot i see it coming and by the morning it’s either completely gone or completely calmed down! These work and I’ll be purchasing more!!,2019-07-10
P12573,5,"I’m obsessed with this lip balm! It’s so hydrating, and gentle. I love to lather my lips before I go to sleep, to wake up with hydrated, luscious lips!",2020-05-28
P427417,4,I bought this bc hyram recommended this and yes it improves acne (coming from a person who had accutane 2x bc of severe acne). it helps w scarring a lot but the dry down is kind of hard to work with bc it pills when I apply my moisturizer on top. I would recommend this for anyone dealing with acne scars rather than active acne.,2021-04-01
P460779,5,"I’ve only been using this for about one week, thanks to receiving not for free in exchange for my honest review.  First, I love that it pumps and the frosted glass container helps to allow to see how much product is inside. The cap is useless as it will probably get lost.the serum goes on easily and it’s silky smooth. It has a fresh, light scent. It absorbs into the skin quickly and doesn’t leave a sticky feeling. Applying makeup over the top it easy. It doesn’t peal. It seems to help my skin with hydration, which I’m not sure if it’s meant to or not.",2020-07-22
P12573,5,"i love this stuff. i buy tons of it at a time and give it to friends and family when i see their lips dry and cracking in the winter. they are all getting hooked on it too. no other balm even comes close; the lemon & chamomile variety is my favorite, though all jack black lip balm works equally wonderfully.",2010-02-28
P441644,5,I am so glad I got a sample to try. I wasn’t sure if the smell would be off-putting and it definitely wasn’t. I really enjoyed the natural scent and cleansing foam. My face felt clean but not dry/stripped. I’ll definitely order the full size.,2021-01-14
P378852,5,This is by far one of my favorite moisturizers I have ever used. It leaves my face feeling refreshed but not sticky and oily. I am in love!,2017-08-26
P456412,5,Great product! It smells great and makes skin feel soft. I like how it lathers with bubbles. Price is good. I have tried multiple different kinds of face wash and I think this is my favorite. A must try!,2020-06-12
P126301,5,"I really like Clinique’s Take the Day Off Cleansing Balm!  The texture is perfect - It isn’t super thick or greasy like cocoa butter as some other cleansing balms are - instead it is lightweight, yet still buttery and easy to apply.  It does exactly what it promises and removes all my makeup - It also leaves my skin feeling slightly moisturized, which is a nice bonus!",2018-07-17
P433520,5,"I’m so happy I got to try this. I noticed great changes in just days, my skin feels so soft now and with a natural glow. I would recommend this for sure, specially for womens in their late 20s starting 30s.",2022-04-13
P378852,5,One of the best moisturizer I have ever usedvery light texture and permeate well,2015-04-19
P478030,5,I loved using this product it was my first time using a balm it took off all my make up and left my skin feeling refreshed and bright it did its job and I loved it.,2023-03-18
P297524,3,"It does everything it claims to do, if you use it as directed and regularly.",2014-03-03
P297524,5,I’ve tried many different brand charcoal marks and Origins is by far my favorite and the only one I’ve repeatedly purchased! I have very oily skin with blackheads and this mask is great at removing them leaving my skin clear. I recommend using a nose strip after because it grabs all the blackheads brought to the surface by the mask for extra smooth and clear skin!,2018-04-18
P248407,5,"Got this for the husband who is a diabetic and wears the insulin pump. After removing the pump it leaves his skin very irritated. We have tries lots o lotions, even rxs. This is his fave.",2014-05-19
P417238,5,"I have been having trouble finding a makeup remover/cleanser that will take off my beloved DiorShow waterproof mascara. After purchasing multiple products with disappointing results, this clean balm did the trick. No more raccoon eyes in the AM or scrubbing my eyes to remove every bit of mascara.",2018-08-19
P302103,5,"I hate how much I love this. It’s expensive, yes. But every time I use this, whether nightly or when my lips are in serious need, it works better than any lip product I’ve tried. I can’t believe I drop 24 bucks a year on a lip balm, but I do because it’s THAT good. If you’re skeptical try one of the little holiday gift sets and try it out for yourself.",2017-11-06
P481817,4,"I was pleasantly surprised with Caudalle’s Elixir, after making the purchase quickly in the Burlington Mall, I was looking for a quick, refreshing pick-me-up scent but not a perfume. The store clerk was VERY helpful, and assessed my needs so well and pointed me to this brand and product. I love the scent, as it is fresh and unusual. Great price, for this product, although other products are higher priced. I am considering getting some other products in this line because I have been so pleased with this one. I happened to get a sample of their clu cream, and really loved it. Wish it were half the price, but it may just be the magic I need.",2010-12-22
P443352,5,"I normally don’t write reviews. But this product is amazing. I have eczema, so my skin is very sensitive, oily and prone to breakouts. Odd combination but this product is heavenly. I use it every morning. It leaves my skin fresh, has helped with my acne and reduce my redness. And it’s gentle enough that my eczema doesn’t flare up. I highly recommend this product if you have sensitive, oily and acne prone skin like mine.",2019-10-05
P443563,5,I love this product its shimmery without being sticky,2019-10-14
P420652,1,I really wanted to love this product after reading so many positive reviews but it didn’t work for me. I used it for a week. I applied a thin layer at night and my lips were really chapped next morning. They were like right and painful like some kinda bad reaction. Please try it before you decide to buy the full size.,2020-07-14
P269122,5,"I am absolutely in love with these. I have been using them for about 5 months now and they work so incredibly well.They’re pretty pricey, so i use them every other day or so. But they have not only reduced my fine lines that have been appearing on my paper thin skin, but they also keep my skin so clear. I even have old depressed acne scars which these have really helped to even out.They also aren’t too drying which you might expect. I have generally dry skin and haven’t noticed any difference on that front since I began using them.For the first time in my life people compliment me on how nice my skin looks.I recommend these to all of my friends!",2015-10-29
P427417,2,"I was expecting great things from reading the review but this feels very heavy, made my face feel sticky, gave me break outs (small white heads) and lots of small bumps after three uses. I have been working on the texture of my skin for a while and it was doing great but adding this to my routine ruined it. I have acne-prone, combination skin thats not super sensitive.",2019-02-24
P309308,5,"Sunday Riley Good Genes All-in-One Lactic Acid Treatment comes in a pump bottle and the directions say only 1-2 pumps is needed. I usually need more than the stated amount, but 1 pump gives plenty of product to apply to my whole face. I can’t say that I noticed a difference in 3 minutes, but after continued use I have seen improvements to my skin texture and pores. My fine lines are diminished and I have an overall improved look to my skin. I like that this is a gentle exfoliator because I have dry skin. The directions state moisturizer can be used after applying and this combination is working out well for me. I received a free product in exchange for my honest review.",2021-02-12
P427421,5,"At first I thought this moisturizer would be too much for my oily and acne prone skin. However, it turned out to be amazing. It feels luxurious on my skin and moisturizes like a dream. I don’t even use a full pump on my skin due to my oily ness. I’ve tried mixing it with other drunk elephant products as some suggest, but I feel that it results in too much product. In turn, I use other D.E. products separately and they do wonders. Overall, I feel the drunk elephant products are great for any skin type and can help balance out any issues. Protini hasn’t made me breakout or react. It makes my skin feel soft and plump and helps combat the drying effects of my retinoid cream.",2019-02-12
P417238,5,"I do love this product. It removes everything on my face, I feel it.",2021-05-26
P426183,4,"Leaves my skin feeling soft and clean with no residue, decent ingredients, and beautiful packaging.",2021-06-26
P126301,5,A great product for double-cleansing. It gets rid of oil and sunscreen very effectively. I would give it 100 stars honestly!,2020-04-29
P427419,5,"I love this stuff, I’m on my fourth bottle! It’s one of the only products that is hydrating enough to combat my drying acne cream without clogging my pores.",2021-11-30
P7880,4,"Love how gentle yet effective this is as a daily cleanser. It feels good, smells natural and adds moisture. I used to use Philosophy Purity, but my skin was feeling a little dry especially if I used my clairesonic brush.  This is much more moisturizing, but will not remove every trace of makeup especially long-wearing makeup.  This is part of why I gave only 4 stars plus I think the cost is too high. Quality for sure, but who can afford $40 to wash your face?!  I’m happy to say a little goes a long way so splurge on the big tube and try to use very little. It will last a long time and may even end up costing the same as a cheaper/less concentrated product.",2018-06-12
P455364,4,"This was the first oil-based/balm cleanser and I decided to incorporate it as a first cleanse before my water-based cleanser for two reasons: 1) the sunscreen I switched to is a little trickier to get off with just the single cleanser, and 2) I do get some dryness and redness on my cheeks (borderline rosacea I think) and thought this might help. The first time I used it, I followed the directions and used it on a damp face, however, I found I didn’t love cleansing my face with it because it emulsifies and becomes milky when mixed with water (typical of oil cleansers). So I started just using it on dry skin and it works much better. It will be an oily experience, because of the nature of the product, but I found it very soothing and a lovely process to just massage it in for a minute or two before rinsing it off.It might be because of how I start on dry skin, but I do find it leaves a bit of an film even after emulsifying with water and rinsing it off. However, since this is the first of two cleanses, I don’t really mind because my second cleanser (CeraVe Hydrating Cream-to-Foaming) takes any residue right off. I love that it calms my redness, its a nice experience, and the price is great. I was a little worried about the oat kernel pieces some people have mentioned in other reviews, since I almost exclusively chemically exfoliate and didn’t want to be over exfoliating, but I really don’t think the pieces are big enough to cause issue - in fact I enjoy the very, very slight gritty texture.I will say, I keep all of my skincare in the bathroom cabinet, and find sometimes after a particularly hot shower, the product can come out a little melted, with the more solid oil liquified, but this isn’t a big deal for me, just rub it between your hands to get the rest of the product to a similar consistency, the separation doesn’t really cause me concern.I think it has helped my dry skin and redness tremendously and will be repurchasing!",2021-05-05
P411540,5,I have light medium skin and there aren’t many options for my skin tone but tons for very light skin. This works perfectly and blurs my redness too!,2022-04-22
P427419,4,"I like to mix this in my moisturizer or on a damp face, it works really well and helps my skin retain moisture. It is sticky for sure but drys down and makes my skin smooth. My oily combo skin loves it and the price is fair. I notice as I get older my skin gets more dry spots so this is a must in the winter for me.",2021-11-26
P248407,3,I love all of the F.A.B products but the ultra repair cream makes my face very oily. And stays oily throughout the day,2017-08-15
P456207,4,This cream nourishes without making your skin oily or greasy. It is lightweight and leaves your skin feeling soft and nourished.,2020-02-18
P478030,5,I use this straight as a balm to remove my makeup and it melts everything away! I follow up with my regular cleanser and it works perfectly. Definitely recommend if you’re looking for an inexpensive makeup melter!,2020-11-23
P480630,5,This mask is amazing! It has so many different uses and it’s very moisturizing! It’s great as an overnight mask and absorbs quickly into the skin. It’s thick and creamy and not greasy at all. It feels very smooth and hydrating on with no fragrance which is perfect for sensitive skin.,2021-07-02
P269122,5,"I recently had the worse case of hormonal acne I had every experienced and am currently dealing with the aftermath of scars. This product is the only thing that has helped my skin tremendously. I could see the difference signifcantly after a week of use, I am currently on week two. Would highly highly recommend.",2018-12-13
P455364,5,"Honestly an amazing cleansing balm, has never broken me out and I will be repurchasing a full size very soon. I’ve used it as both a cleanser and a face mask for some extra hydration and honestly I’ve loved both! Just one thing is that if you’re a waterproof mascara wearer, it will not do the job and take all of it off, you’ll have to use whatever you use to remove your water proof mascara and then go in with this cleanser. If you typically wear regular mascara this is 10/10 it easily melts away makeup and is a really nice addition to my PM double cleanser routine.",2022-01-27
P456412,5,"I love this cleanser. It feel very gentle on my skin. It smells nice. I used it after my face cleansing oil as my second cleanser. It did not foam up as much as I had thought it would but that’s fine because most foaming products strip the skin of its natural oils which will dry out the skin. However, this cleanser is fantastic. It felt very hydrating which is key for my dry skin. I would definitely recommend it.I recieved this cleanser as a free sample for my honest review.",2019-04-20
P411540,3,I love that it could be used as a primer but I dont like how it feels on my skin. It felt a bit sticky everyone’s skin reacts differently. I have  a combination of skin but I would still use this from time to time. . It is still a good product.,2021-02-17
P471546,5,"I don’t like to wear a lot of makeup, so I have been on the hunt for the right bb cream/ lightweight foundation to even my skin tone and reduce my rosy cheeks and chin. Turns out I can stop my search because this MOISTURIZER can do it all! I feel so good knowing my skin looks great while hydrated and protected from the sun with SPF 30. This product is the start and possibly the finish to a perfect glow.",2018-01-11
P232915,5,This green gunk keeps takes all of the gunk and build up off my face. Love!,2013-03-27
P454380,5,"As a pale Irish-American with a family history of skin cancer and a proclivity for sunburns if I so much as think about the sun’s existence, I have run the gamut of cult favorite sunscreens. I’ve tried dozens of formulas from drugstore to the most high-end, the highly touted K and J beauty products, local brands, you name it. They were all okay, some certainly were better than others. The issue is that not a single one of these formulas made me want to apply sunscreen every day. It felt like a chore that got in the way of the rest of my routine. That’s where this sunscreen comes in. I knew when I tried it that it wouldn’t leave a white cast, but I wasn’t prepared for how nicely it would absorb into my skin. It feels more like a primer than a sunscreen. It isn’t greasy, nor is it drying. The ingredients are wonderful - nothing that would cause my sensitive skin to break out. I am actually excited to apply sunscreen every morning now - and while this sunscreen is a little pricey, it’s honestly not bad considering the quality you’re paying for. I’m on a mission to get my family and friends to care about applying SPF every day, and I’m so glad sunscreens like this exist to make people feel excited and good about protecting their skin.(Also - the packaging is incredibly cute. What more could you ask for?)",2019-06-17
P248404,5,"First off, I LOVE!I have really dry skin and suffer from dry patches and mild acne. I have tried SO MANY different cleansers ranging from high end to drugstore, this by far is the best of the best! Not only does it remove leftover makeup, it doesn’t have a scent so it’s safe for sensitive skin. It leaves my face feeling squeaky clean but not dry. This will be my forever cleanser!",2018-07-22
P309308,5,I love this product. My skin is looking significantly better since I started using this line of products.,2017-07-11
P269122,1,I was very excited to try this after reading the reviews! I was very disappointed:( when I applied it I felt like it was working because of the slight tingly/burn I felt. The sales associate told me I would notice a difference after one treatment but after using them for over a week I still can’t any difference. I felt like it was too expensive for what the product provides.,2014-08-09
P454794,2,Not for oily acne prone skin.  Oil-Free doesn’t mean non-comedogenic. Wanted to love it but did not play nice with my skin.,2021-05-30
P427421,4,"I love Drunk Elephant products and I really like this moisturizer. I have rosacea, so my skin is sensitive, but does great with #Protini Polypeptide Moisturizer. It sinks into my skin well and leaves it feeling so soft. I was excited I could buy it in a larger air tight container. Unfortunately, the container doesn’t work like it should & I have to open it up & scoop out some out, which defeats the purpose.",2021-04-21
P454380,1,"I bought this sunscreen after reading so many good reviews. It has similar texture to the smashbox photo finish primer and is not sticky at all which made me really excited because I hate that sticky feeling after sunscreen application. I used it for 5-6 times over a period of two months and every time I applied it I got breakouts on my forehead and cheeks the next day, even after double cleanse. I returned it!",2018-10-21
P470255,2,"The idea is great, but sadly it did not work for me.  I found it pilled up over all of my skincare products.  I’ve actually had this same problem with the a coupleother Supergoop products, I should probably take that as a sign and stop trying.  Obviously still worth a try at least because of all the positive reviews.  I will be returning.",2018-03-19
P232915,5,saw visible results after the first two weeks. Use twice a week.,2012-12-03
P427419,5,"I love it. I have been using it all almost a month. My face feels smooth,firm and clear",2020-03-16
P411540,4,"I love this, I have been using this almost everyday for those no makeup makeup looks!",2022-06-17
P7880,5,I love this product. Works great to remove both eye makeup and clean face. And I don’t feel super-dry afterwards.,2013-09-02
P375849,5,"Why is no one talking about the smell? Every time I put it on, my face smells like weird sweat? I can’t even describe the smell. I can imagine the company didn’t want to add artificial perfumes in the product because it could be irritating to the skin.. but the smell still gets me every time. Other than that, this product transformed my skin and I would never buy anything else.",2018-04-22
P454380,5,"Have never reviewed anything until now. This sunscreen is everything I spent the last year looking for. It’s a gel, and there’s no awkward waiting time to wait for it to soak in like other sunscreens. I’ve been wearing for about two weeks and my face is brighter and clearer, even when I walk to work. Love love love!",2018-08-03
P453816,5,This took off my makeup very well. I have acne prone skin and it did not cause more break outs. I use this before my 3-step Acne solutions system. I was pleased with this product.,2012-09-16
P443352,5,This microfoliant works extremely well at exfoliating and brighting the skin . My skin was soft and smooth after use . It gives you a deep cleanse without stripping the skin of moisture. This cleanser is gentle and effective. I was gifted this product Dermalogica Sampling .,2022-08-23
P458219,5,"I loved this product, it smelled great. I am vegan so it was a plus that this product was vegan. I really liked how it tightened my skin and reduced my pores.",2020-06-10
P467762,5,"I noticed a difference right away: I used to have these super awful blackheads (clogged pores?) around the sides of my face near my jawline, but they’ve since disappeared since I’ve started using this :)",2020-08-16
P453816,5,"When it says “take the day off“ they’re not kidding! I use this all over my makeup (and trust me, I like to cake my makeup on!) it takes everything off! Even my 3 layers of mascara! After using it the first time, I just didn’t believe that it could have taken all my stubborn makeup off, so I went over my face throughly with my makeup towel remover. There was literally NOTHING on the towel! All the makeup was off! I highly recommend this to everyone! It’s a must for a makeup obsessed girl like me!",2017-01-12
P7880,5,"This is my everyday cleanser, it doesn’t overstrip your skin it’s really really gentle, I feel clean and fresh after using it, it is pricey but it does it’s Job and lasts forever, it lasted me for 5 months (almost 6) using it at morning and night.",2021-01-11
P394639,5,"I have a normal to dry skin. Living in a cold place, my skin really dries out in winter and I have tried so many moisturizers before. They either dry out my skin even more or break me out. THEN I FOUND THIS. The first gel moisturizer I have loved. Applies evenly. Doesn’t dry out my skin or break me out. The cool texture even calms my irritated skin sometimes. It also gives me this natural glow when I put on makeup. I am on the third bottle now!",2019-06-28
P417238,4,"Gentle and fantastic. Massage it in and wipe it off with a warm cloth and the makeup is gone. Pleasant smell, not super greasy. Removed makeup without scrubbing, love it",2019-05-04
P439061,4,"Influenster sent me this complimentary Glow2OH Dark Spot Toner. I’ve never owned anything by this brand, but have discovered that they are cruelty free! My review isn’t influenced in any way and is my own personal experience. This toner has so far been great. It really does give your skin a healthy glow and even when wearing makeup, you can tell that my skin looks healthy. I personally think it’s smells very lemon-y, but scents don’t bother me so I’m okay with that. My skin is pretty dry and sensitive so it did kind of sting a little bit for the first 2 or 3 nights that I used it, but that went away completely. I do use a heavy moisturizer over top, because my skin is dry and I don’t think any toner helps that. I don’t really have many dark spots other than freckles and the permanent dark circles under my eyes so I can’t accurately say that it helps, but like I said, the rest of my skin just looks so good!",2019-01-26
P456398,5,"This presentation in lotion is liquid with a slight color that when applied is not seen on the skin, (I used it on my face and hands) it also has a very fresh but not annoying fragrance, when using it you can feel that it hydrates and is very absorbed good on the skin and to the touch it feels like very soft non-greasy velvet and does not leave the face shiny. I was able to apply my foundation and it worked great. I recommend it. It is not heavy or greasy.",2021-01-13
P420652,5,"Absolutely fantastic! My lips are insanely dry all year round and this is the one thing that fixes it without a doubt. Love the little silicone tool it comes with-easier and far more sanitary than just issuing your fingers. The scent is lovely, and although the container is small I’ve hardly made a dent and I imagine it’ll last me quite some time!",2017-09-10
P441644,5,This is the third bottle of this stuff that I’ve bought and it’s the perfect cleanser for my oily skin. After washing my face with this my skin doesn’t feel super dried out but it gets all of the sweat and crap out. 100% recommend.,2022-04-16
P454794,5,"I have super dry skin and this product has been a life saver, I love it so much! When you put it on, it’s so thin feeling you don’t think it could work but your skin soaks it right up! I also use the cleanser and it’s just as great!",2018-03-16
P454380,5,"i have really oily skin and have had really bad luck with spf. but this… I LOVE. no white cast, absorbs really nicely and doesn’t make my skin oily! the price hurts a little but i keep coming back.",2022-02-10
P443563,5,"I know this is advertised as the overnight lip mask’s daytime buddy, but imo, this works just as well as that product while being much more wearable/less goopy. I apply it at night too and my lips are so hydrated and soft come morning. The lip mask is fine, it just didn’t blow me away, but this one is worth the hype! Get the pear scent--it smells just like the green apple Jolly Rancher.",2020-07-21
P417238,5,I love this product .... I have sensitive skin and dark spots and this melt my make up no breakouts,2019-06-11
P441644,5,I have sensitive skin and struggle finding products that won’t make my skin sting. This wash is so gentle and refreshing! If you have sensitive and dry skin... 10/10 recommend!,2018-06-20
P423688,4,"I was a bit skeptical as I usually am with a “just add water” product but I was so wrong. I had no questions about the ingredients,  It smells like rice! So I was impressed and relived. Impressed because seldomly can one recognize Individual ingredients by smell and relieved because the scent is super mild. The size of the little grains was a great size to tackle From mild exfoliation to a bit harsher without feeling rough. I started noticing the difference in my skin in about 2 days. It looked brighter and refreshed for much of the day with out looking dry or over treated and tight.",2020-03-12
P418218,4,"I have really dry skin and decided to try this product. It has such a smooth texture that dissolves into your skin. However tiny bumps appeared on my skin after using this. It does a great job of keeping your face moisturized, feeling soft and supple; there’s no need to reapply during the day. I would recommend but be cautious about breaking out; maybe try a sample first because it is costly.",2018-09-29
P248407,5,"If you have really, really dry skin, this is for you! Face, elbows, legs, you name it! Works everywhere. I have very oily, acne prone face so I think it’s TOO hydrating for my face. I applied to a small part of my face and didn’t break out,it left it feeling very smooth. I’m still hesitant to try it on my face but I use this on my body and it absorbs instantly! Use it everyday and your skin is gonna feel healthier by the day.",2016-04-01
P480630,1,I was so excited to try this out for winter after hearing great things about it. I used it once and my face got so itchy and red. I do have sensitive skin but I’m not sure what’s in this product to make my have such a bad reation.,2020-11-25
P297516,5,Got this product recommended to me while I was on accutane and it worked great. Not too drying or harsh on skin. Keeps pimples away even after I finished accutane.,2021-03-18
P232903,5,"Its so good guys! It will dry your pimples so fast! And prevent little ones from growing. The price is not bad at all, i really recommend this product, it will also be perfect for sensitive skin since it doesn’t irritate your skin like the Murad acne spot would.",2015-11-25
P394624,4,"this moisturizer takes a little while to completely absorb, and leaves a little bit of a sticky residue. However, it was effective and soothing for my very dry winter skin.  I am on a hunt for the best winter moisturizer. I like this, but will not immediately repurchase. I am hoping there is something better that isn’t so sticky.",2017-02-20
P467762,3,Good toner it was just too strong for my skin and I didn’t care for the scent.,2023-02-07
P309308,5,This is worth the splurge! When I use it religiously (night and day) I have noticed a difference in my skin. Some of my dark marks from sun damage and acne scarring have faded substantially and my skin tone is overall more even.,2021-06-26
P454794,5,"during winter, my skin is a dry mess. i get irritated, flaky, sahara desert, red skin. i tried everything, from exfoliating, to applying a ton of olay moisturizer, to steaming my face for hours on end, and literally nothing worked. i had come to the conclusion that the only thing i could do is wait, until i finally bought this. when i tell you that this is a godsend for dry skin-- i mean it. my skin doesnt do well with oils, and its super dry. this product sunk into my skin and basically healed it within an hour, and you need like none. ive been using it for a week, and my skin is SO soft, my whole family is complementing me. if you have skin like me, BUY THIS PRODUCT",2019-01-01
P122900,5,"This is my HG moisturizer several months out of the year. The only time I use anything else (reluctantly) is when the weather gets cold and the air and my skin get really dry. During the colder/dryer months, I need something slightly more moisturizing. I hope they never discontinue or change this product as it is the only moisturizer I have tried that doesn’t break me out. Love this stuff!",2013-11-13
P420652,4,Lately it seems my lips are constantly dry,2017-10-20
P442563,5,"Extremely painful to wear, but the results are worth it. When I used the solution for the first time, it cleared the majority of my acne scars. My skin also immediately appeared clearer and brighter every time I used it. I use it about once a week especially right before a formal or ball.",2019-05-18
P480630,5,"I actually don’t use this as a mask. I use it as my daily moisturizer and love it! I have dry skin that is acne prone and this does not break me out. My skin especially gets dry with acne treatments or in the winter and this is a life saver. However I even used this in the summer, you can just apply a light layer if you don’t want heavy hydration. Great for hydrating the eye area too. Really happy with this product. My acne has even calmed down since I started using this, gotta keep your moisture barrier in tact! Going on my third tube.",2019-10-31
P411387,5,BEST PRODUCT EVER. on my 2nd BOTTLE. Makes you feel so clean and refreshed.,2020-05-21
P456207,4,I have dry and sensitive skin so I was excited to try out this product. It feels light but nourishing. I would recommend trying this,2020-03-03
P417238,5,I couldn’t love this more. It effortlessly melts my foundation and eyeliner away and it’s so light. No greasy film left behind. Highly recommend!,2019-08-14
P455364,4,"I was pleasantly surprised by how much I liked this product. It is very thick unlike most cleansers I have used in the past. It removed makeup really well and left my skin feeling clean, soft, and smooth. I have slightly sensitive combination skin and I felt like this cleanser met all my needs.",2020-04-15
P218700,5,I am pregnant and I put this on my stomach to avoid stretch marks. I am 8.5 months and not stretch mark in sight.,2013-04-26
P418218,4,"Where do I start? I purchased this cream thinking it was going to be great on my dry skin! Not knowing the water cream is for Normal to oily skin. Obviously I failed to read the whole description on this cream before I started to use it. So this cream is definitely not for my skin type. It caused me to brake out so bad which made me curious to read the box. After 2 weeks of using and continuing to brake out I finally figured out it was for the oily skin type. Long story short my friend tried it for herself and she loves it. So I give this cream a 4 out of 5 stars only because it caused me to brake out so bad, even though I was at fault lol My friend gives it a 5 star rating. Not sure if Tatcha has a moisturizer for dry skin but I’d definitely love to try it if they do.",2018-01-11
P420652,5,"I battle with extremely dry lips and excessive dead skin. I exfoliate my lips 1-2 times a day. I started leaving this on during the night and my lips are so soft the next morning. I’m obsessed! It doesn’t last all day, but it fixes cracked lips during the night. Warning: Leaves a terrible taste in your mouth the next morning",2019-05-16
P470255,2,"one star because it’s clear sunscreen, half a star because its matte, and another half a star because it doesn’t stink. i also love that it’s spf 40! but other than that, this stuff ain’t it.. at least for me! it peels so much! with or without makeup! it just sits on top of the skin like another layer. ugh! to the back of the skincare cabinet it goes!",2022-05-23
P455364,1,it takes off your makeup completely but it makes your eyes very foggy. i wouldn’t buy it again.,2021-03-13
P394624,3,I have dry/rosacea/acne prone skin and this would sting a bit at certain times. I generally have a very stable form of rosacea but I feel like I noticed a little more redness in my skin when I used this. I didn’t notice any significant moisture improvement but it didn’t break me out so that’s a plus. This stuff definitely smells like the Bobbi Brown vitamin enriched face base primer so keep that in mind if your skin is sensitive to scents or you didn’t like the scent of that product.,2021-03-17
P441644,5,I have been using this for about 6 months now and i love it!! It does not leave a sort of residue and always makes me skin feel fresh and clean. i wish it came with refills so i wouldn’t keep getting more big glass bottles though. Highly recommend!,2022-05-23
P42204,5,"This is amazing! I would buy at a drugstore as they are cheaper than Sephora, but this product is a must! It keeps lips moisturized literally all day. It also makes cuts and blemishes disappear overnight! Highly recommend, I can’t go a day without it!",2013-10-27
P427421,4,"Great product but don’t let the bottle fool you. It’s only a bit over 1.5 oz of product for the price. It’s like, .25 of the white part of the bottle (without lid)",2020-03-01
P441644,1,"Dries out skin. Wanted to like this but unfortunately, it isn’t gentle enough for those of us with sensitive skin.",2020-05-04
P420652,5,"Smells great and I always wake up with smooth, plump lips. And it lasts forever! I’ve had mine for months and I’m not even half way through it, and I use it EVERY night.",2019-01-12
P12573,3,"i got it when i shopping around the men’s section of the Sephora store. I love it. I have been trying to find a good lip balm because my lips get dry really easily. It’s a great product. My lips feel really smooth. But it costs like $7 at ths store. For that much money i would expect more of of it, and it’s in such a small amount. if it was in a bigger container with more in it then I would totally be in a love with it 100%. the Lemon and Chamomile tastes and smells amazing!",2009-02-21
P456398,5,"Just simply wow! Absolutely love this sunscreen. It’s radiating, hydrating and clear! I love the consistency of the lotion and how beautifully it works with makeup on top!",2021-01-14
P411540,5,This product is amazing. I received for free thanks to Influenster and I live it because I have very pigmented and redness skin. When you apply this product on face it gives a kind of very light foundation effect on your face which I love bc I actually dont have any and I look presentable!,2021-02-09
P270594,3,"This priming moisturizer was just okay for me. It goes on smoothly and absorbs quickly. My face felt hydrated and looked bright & fresh after application. I get scent induced headaches and I was worried the scent of this would be too much but it quickly fades away after application. For face makeup, I’ve been really into skin tints and creams and this helped them go on quite smoothly. I definitely give it points for that! It also helped makeup look better on top of dry patches. I wouldn’t say that this helped my makeup last any longer, but for more drying products they didn’t look as cake-y at the end of the day. I have combo skin (on the oilier side) and this did make me look quite oily at the end of the day. Not to where my makeup was sliding/coming off, but my pores were more noticeable and I was incredibly shiny. When I tried to put blotting powder on top it sat oddly because my skin was just so greasy from the primer. I also did have some congested pores after using this product, but when I made sure to double cleanse it didn’t lead to any breakouts. I just wouldn’t spend the high price tag for this primer when there are others I’ve tried that do make my face makeup last longer (and I can use them with my everyday moisturizer for the same nourishing effect). Overall if you have dry skin I think this would be a great option to help your makeup apply & look better. For oily/acne-prone skin I’d try a sample first as it might be too heavy for you.I received this product as a gift in exchange for a 100% honest review.",2019-05-20
P443563,4,Try it! Sephora has an awesome return policy so why not?! I was super skeptical about this because of all the reviews but I gave in and I’m so glad I did. I went ahead and purchased the Berry scent and after trying it for a week I went ahead and purchased the Pear scent and now I want them all! It can be super subtle but if you prefer more of a glossy look you can totally pack it on! It’s glossy but not sticky (unless you really pack it on your lips) the reason I gave it 4 stars is because it is a bit pricy but it’s so worth it I just wish it was more affordable. Go head give it a try you know you want to! (:,2019-08-29
P269122,5,This face peel made my face feel amazing! I could see it just after two uses that my pimples had noticeably cleared up. It felt softer and smoother and gave it a nice glow. I’ll definitely be buying more of these!!,2020-06-01
P443352,5,"I was gifted by Dermalogica Sampling. You only need to use the product once a day. Since I started using it, my face has been so smooth! I know it is expensive, but it is worth it because it has helped clean my face and I have no pimples anymore!The only annoying part is that it’s powder solution, so you have to be careful when pouring it out the bottle so that you don’t get the powder inside the bottle wet.",2022-08-20
P443352,5,"Dermalogica gifted me Daily Microfoliant.I have been using this product for a week.I love how fine the exfoliant beads are,yet it’s extremely gentle on your face.This exfoliant does an amazing job getting rid of dead skin and ridding pores of dirt,makeup, and sebum.I will add this product to my skin care routine.",2022-08-24
P443352,5,"I received this product complimentary from Dermalogica Sampling in exchange for my honest review. Rice-based power exfoliant activates when in contact with water. Papain, salicylic acid and rice enzymes gently exfoliate my sensitive skin. Colloidal oatmeal and allantoin help calm skin so I can use this exfoliant daily. My skin looks more even, smoother and brighter. Vegan. No bad stuff inside. Love it and would recommend it.",2022-08-17
P480612,5,Received this complimentary from Influenster! This cream is lightweight and non oily! Blends really well into the skin! Would recommend!,2022-01-17
P439061,4,"I really enjoyed using this product, it smelled great unlike other toners I’ve used in the past. The reason I’m giving this a 4 star is because it did not manage to get rid of my dark spots in the time frame that I used it ( which was about a month) I received this  complementary item from Influenster and OLE Henriksen. However it did manage to get my dark spots looking lighter!",2019-01-26
P297524,5,I tried this in the store and it quickly cleared out the clogged pores from my nose! My nose has never been smoother after using this mask. I try to use it once a week or every other week. Absolutely worth it!! It keeps my pores clear. I have no issues with the smell or feel of the product. It’s a new staple for my skincare regimen!,2018-03-13
P426183,3,"I received this through Infleunster, and after using this several times, I did not really notice much of a difference in my skin after using this. I don’t think it does enough for the high price point. It didn’t do anything bad to my skin, but nothing good either.",2021-05-27
P480630,4,"This was the first time I tried this brand and product. The product comes in a squeeze-tube style dispenser. It is scentless and suitable for all skin types. I have very dry skin and I found that when I apply this once a day, my skin feels more nourished and hydrated. I also like that you only need a thin layer to reap the benefits. I apply this at night before bed and I wake up to smoother, more even toned skin. My makeup also stays on all day with a glow from within.",2021-07-19
P270594,5,This is my 4th container. I absolutely LOVE this product. It leaves your face hydrated and nourished with a healthy glow. Highly recommend it!,2019-10-23
P218700,4,I mix this with tea tree oil and lavender and put it in my hair. It’s great. I make it to about 5 days before I need to wash my hair. It keeps it healthy and moisturized. I do wish it wasn’t so expensive though...I’m not sure I notice enough of a difference in the oil compared to other argan oils to justify this price...,2018-12-09
P420652,2,"It’s a decent product, I wouldn’t recommend using it everyday though, it started to dry out the corners of my lips and make them crack",2022-12-10
P270594,5,I love the fact that this primer dries down just a little tacky in order to hold my foundation in place. I’m combination skin so I used this in my dry area like under my eyes and loved it,2019-09-12
P417238,5,this works perfectly with my combination skin as my cheeks are drier and are affected by rosacea. tip: massage on face before showering. your skin will thank you,2018-03-09
P409800,5,Great for on the go! Great for my sensitive skin.,2018-08-13
P232915,5,"I often get professional microdermabrasion treatments and didn’t really expect to be impressed by tnhis product when I bought the small trial size. But from the first use I saw results-my pores were refined, my skin had more clarity and even skin tone. I recommend it to everyone I know, unless you have acne or super sensitivity",2012-09-18
P443563,5,"Love this product, have bought again multiple times…. Hey Laniege, you should bring back the pear flavour, my aunt found 4 in her sephora and she lives 1 hour away from me, it was the most popular flavour",2023-01-25
P471546,2,"I hate the texture of this product, it’s so thick and cakes. Spreads terribly. Leaves a light greenish whitecast even though it’s supposed to become skin toned. Annoyed I couldn’t return because I got it in a box set and had used up the tiny sample size of ceramidin in the box set despite touching almost nothing else.",2019-02-13
P378852,5,"I have dry to combination skin and this moisturizer worked wonders!!! My skin is so much softer now! I use it 2 times a day, once in the morning (before makeup) and once in the evening (after removing my makeup). I haven’t found a better moisturizer yet. I’ve been using it for a little under a month and I haven’t had any irritation towards the product. I highly recommend it!!",2017-09-05
P42204,4,"i use this every night before i go to bed, it makes my lips feel nice and smooth. i didn’t give it 5 stars because as it turns to fall and winter i have had to start using a heavier chapstick while i sleep because my lips have been drying out again, but for the summer it’s awesome!",2008-10-15
P453816,5,"This is amazing & refreshing!  It takes everything off & wipes off clean, doesn’t feel oily like wipes.  I had left over wipes, and used one tonight.  Still had mascara & eyeliner on my eyes.  Wipes a little of this over my eyes & it took off so much more I didn’t know was there!  Will keep buying this!",2019-01-10
P420652,5,SOO popular know people that’s been using it for years never tried it until now . Soo creamy and smells amazing going to purchase again,2019-05-20
P7880,5,"I cannot rave about this cleanser enough. This is quite possibly the best skincare routine I have had. The minimal ingredients and quality of them makes this perfect for my extremely sensitive skin. When I use this in conjunction with the Fresh Black Tea Kombucha Essence my skin is radiant, clean, and moisturized. In the past I have struggled to find a cleanser that didn’t dry out my skin, cause irritation, or leave a nasty residue. This cleanser is it. From day one I have had fantastic results with it. It leaves my skin soft, supple, and clean. I would highly recommend this product to anyone looking to amp up their skincare.  I received this complimentary from Influenster for the purpose of review",2019-09-12
P454794,5,I love this product !!  It makes my skin feel so hydrated and soft to touch !,2018-03-11
P269122,5,I loved the Alpha Beta extra strength peel! This product leaves your skin feeling smooth,2019-08-16
P433520,5,I have normal to dry skin. This mositurizer has a nice light scent very clean smelling. Its feels thick but plush on the skin. It absorbs very well. My skin felt very hyrated after use. Did not leave the skin tacky.,2022-03-28
P471546,4,"Wonderful! This product does exactly what it says -- covers redness of all sorts. Be careful to exfoliate well because it will catch on skin. My only complaint would be that it contains dimethicone which clogs my doors. Aside from that, perfect product!",2017-10-08
P394639,5,"I love this the consistency of this moisturizer, especially for the summer months. It’s so lightweight and gives your skin a slight primer feel. I wish  I bought this sooner. I have started using this through fall/winter and it is still providing enough moisture, however, I will probably switch to more creamier moisturizers as winter continues just because I do have dry skin and I prefer heavier creams during the dryer/cold seasons. THIS ALSO SMELLS AMAZING. I’ve had friends use some of this moisturizer and the first comment is always about the fresh smell. I will be repurchasing this and am so glad I gave this moisturizer a chance!",2018-12-12
P453816,4,This is the best makeup remover. Far better than makeup wipes and really gets into your makeup and breaks it up. People are saying its coconut oil which it is not because coconut oil will clog pores and make you break out.,2016-06-13
P441101,4,"Not entirely decided on this product yet but it’s very moisturizing, feels luxurious, smells amazing (I’m usually against fragrance but it’s subtle and very pleasant).",2021-08-27
P417238,5,"melts makeup away like a dream, great to use with a double cleansing routine! I’ve used both the original and the sweet apple balm, both great and no inconsistencies between the two",2021-05-28
P417238,5,"Wow !! My greatest discovery in my last purchase! What a great balm! Smell like limes, takes all makeup away and NO NO greasy texture after that. I was buying the clinique balm but will buy this one from now on because I like it soo much, even if it’s more expensive.",2018-11-08
P433520,5,I recently received this moisturizer from Charlotte Tilbury and it’s done wonders to my face. The packaging is gorgeous and the smell is amazing. I would highly recommend this product to my friends and family.,2022-02-15
P270594,5,"Love this because it is completely coconut free and that is very hard to find. Also, the smell is amazing.",2019-11-28
P456412,5,"I really enjoyed this cleanser. It left my skin feeling comfortably nourished, probably due to the cream like texture that turned into a rich, luxurious foam. I remove my makeup before washing my face, but this did a great job at cleaning up what was left. I have combo / oily skin and this was a nice, moisturizing cleanser that didn’t strip the skin. I received the sample size complimentary from Korres & Influenster, so I don’t know the overall long term effects, but for what it did so far it was great. I enjoyed the smell too!",2019-04-01
P471546,4,This lotion is great for color correction. Sometimes I use it in replacement of foundation if I just want something really light. The consistency is pretty thick so I don’t use every day.,2017-07-06
P443563,5,i love it so much omg it looks so pretty and feels so nice on my lips,2020-03-09
P450271,5,"This balm cleanser is gorgeous. It removes makeup and sunscreen like a dream, comes off easily with either a hot cloth or emulsification, and doesn’t leave behind a residue. Plus it smells wonderfully fruity. I love that the formula is a bit drier than other balms; it works really well for facial massage.",2017-07-17
P423688,2,Left my skin feeling squeaky. Need something more nourishing.,2022-07-07
P12573,5,"The headline is all that needs said. This is THE BEST. it’s creamy but not too thick. Smooth application. The scents are nice and pleasant. It STAYS ON, doesn’t wear off after 10 minutes. It can stay on all night. My lips have not even slightly sore/chapped since I started using these. Amazing.",2021-09-26
P7880,4,"This cleanser leave my skin smooth and clean. Really enjoyed the product so far. I am using it with the moisturizer which really helps. It cleans my make up, the eye make up is a bit harder to clean , need extra wash or eye make up removal. But really like the product.",2018-08-26
P427417,5,Love love love! I use this with the Hyaluronic Acid first thing in the morning and for my bedtime routine. Love how it has a dropper so you can easily control how much you need! The price is unbeatable!,2018-01-14
P427417,5,"I’ve used this consistently for the last 6 months, repurchased 2x now. If has seriously changed my skin. My texture and cystic acne have gone down significantly, and I’ve noticed a difference in my scarring.",2019-06-17
P433520,1,I loved how the Magic Cream leaves my skin after I tried it. It absorbs completely and not feels sticky and leaves my skin feeling soft and nourished. The only reason I give a star is because it breaks out horribly. I DO NOT recomend this product to acne-prone skin people because the break up is gonna be awful.,2021-01-26
P218700,5,"I bought this to use on my hair. My last trim was 8 months ago, and my fine hair was starting to get really unmangeable due to the ends being dry and split. I have a busy schedule and really didn’t feel like going in and getting my hair cut just yet, plus I’m trying to grow it out, so I decided to give this a try, since i was so disappointed in the other brands i’ve tried -- namely, the brand “moroccan oil,“ which dried my hair out terribly.this oil is different, because it’s pure. the salespeople at Sephora were not sure it would be good for my hair since my hair is fine, they thought it might be too greasy, but boy were they wrong! (i’m guessing they didn’t have much experience with the product!) I use about 5 or 6 drops and rub it throughout my hair, concentrating on the ends. There is no greasiness whatsoever. My hair is ACTUALLY moisturized, rather than just superficially moisturized, and then building up residue. It’s as if this oil actually seeps inside my hair and nourishes and softens it, without making it oily or weighing it down. After two uses, I no longer am suffeirng with the dryness or unmanageability, and plan on waiting longer for my trim.I may start to use this on my face, namely around my eyes, since it seems that’s what most people are using it for. If it’s been so wonderful for my hair, it’s worth trying!",2013-01-23
P458219,5,"First of all the container is so cute and I’m actually obsessed, after using this product for 3 days I’m already seeing major results it’s actually amazing. I will definitely be buying this product again.",2023-01-16
P270594,5,"First, the texture is very buttery and greasy, but it goes into the skin so fast!! This is like the perfect face base primer you can find to go under your foundation in winter time. I like the smell too, and the packaging feels so luxurious,  it looks amazing on my vanity.",2023-01-11
P480612,4,I received this product from Influenster to try. This moisturizer has a nice light scent. It’s great for combination/oily skin and keeps my skin hydrated especially in the winter months. I will be purchasing the full size!,2022-02-04
P433520,5,"OMG I am in love! I recived about a 5 day sample of this Magic Cream and I am hooked! My skin looked glowing, felt hydrated and smooth. It’s smell kind of reminds me of Ponds Cold Cream. It is thick and luxurious. The prices It high but it is so worth it because of the way it makes your skin look and feel. I am buying this next week.",2021-04-09
P417238,4,"Really nice product , so easy to use. The only thing i would say is it does have a kind of greasy feel to it when i rub my fingers on it but still works really well :)",2019-06-20
P232903,1,"This is the second KS product I’ve tried and I’ve determined her stuff isn’t for my skin type. After all the rave reviews, I bought Eradikate to help with some PMS acne. I used for 4 days consistently and despite burning, saw very minimal results. I returned the product -- if I’m going to put sulfur on my face, it better do the trick! I do not have sensitive skin typically, and and African American with combo skin. Will be staying clear of all KS products. I’m sure it’s awesome, but not for me.",2013-03-26
P297516,5,This creamy frothy face wash is the best! Lathers and moisturizes then rinses off easily leaving your skin soft and clean. A little goes a long way!,2013-10-16
P429952,3,"Unfortunately I had to return this. It reacted with my skin, even the reformulate that has no peppermint oil. It caused redness and a bit of irritation right away. When it dries my skin felt very dry and tight. I was  expecting something a bit more luxurious for the price. The Tatcha dewy skin cream is still my fave luxury moisturizer.",2022-11-22
P422905,3,"A good product that does what it claims, just like any other eye cream. Nothing was wrong with the product but at the same time, the price point for such a ‘basic’ product is why I’m leaving 3 stars.",2020-07-10
P309308,5,"This product was really wonderful and true to its claims of smoothing the appearance of wrinkles in a timely fashion. This product works true to its description and quickly! It really exfoliates, clarifies, smooths texture, brightens the look of dark spots, and plumps the apperance of fine lines. Definitely worth trying!!",2023-01-09
P269122,5,I’m almost mad at them for how good they are. The extra strength peel pads have been helping me so much. I’m in a strange category being in my mid 30’s trying to combat signs of aging and still having moderately acne prone skin (Especially cystic/hormonal breakouts). These target both areas for me all while refining my pores and Smoothing my texture. I don’t think I’ll ever go without these.,2020-07-01
P427421,1,"Sit on top of skin, doesn’t moisturize at all. Broke me out all the time. Wanted to love it but couldn’t.",2021-04-09
P480630,1,I never react to anything but this product made muy face red after 5 minutes.,2019-12-06
P269122,5,I used Dr. Dennis Gross skincare alpha beta extra strength daily peel the last few days . It really has been working great on my face. My skin feels so much more smooth. I love how it doesn’t dry out my skin.,2020-06-04
P409800,4,The wipes do a great job removing all my makeup at the end of my day. And OMG the scent!! LOVE IT!! I smell like roses even after I do a full face wash!,2017-01-24
P411387,5,IN LOVE!!! My face feels so clean after using and not tight as if product is sitting on my face. It’s also so safe and doesn’t hurt my eyes if I accidentally get some product in. I love this cleanser and will be buying more when I run out. It’s also amazing to know it’s sustainable and vegan!! Love love love,2020-07-18
P248407,5,"This product is totally worth it, and a little really goes a long way!",2016-02-16
P456412,5,"I love this cleanser. It’s not too harsh and doesn’t leave my skin dried out, but it doesn’t leave it too oily afterward. I used to have lots of clogged pores, but that has been dramatically reduced. I have combination skin and feel like this cleanser helps balance my skin out without overdrying or becoming too oily.",2018-04-30
P394639,2,"Had really high hopes based on the reviews. It’s very light weight smells good.. but Unfortunately it broke me out, and my skin isn’t even acne prone!!! Just sits in my drawer, afraid to give it a second chance.",2017-08-15
P269122,4,This was the first time i ever used a peel and i loved it. Made my face really soft and helped with my fine lines.,2019-06-06
P456398,4,"This product is really nice! Scent, SPF amount, and quality are amazing the texture is a little weird with the lotion but its lightweight and works well under makeup! Received this product for free from influenster to review",2020-05-07
P460779,5,I was very sun burnt and my skin was peeling and wanted to see if this would help! I exfoliating and applied this. Worked amazing! I’ve been using this since the day I got it and enjoy the glow and hydrating it gives. I didn’t have any problems with irritation. I will be buyin another one when this one is done.,2020-08-17
P480630,4,"Although a higher priced item (-star), I really enjoyed the Jet Lag Mask by Summer Friday as I believe in the quality and design of the product. It’s clean/no fragrance, moisturizing, and goes a long way with just a small drop. No need to wipe if your skin absorbs the product.",2021-08-26
P297516,5,This is the best face wash I have ever used. You need a dime sized amount to get the job done! Leaves your skin feeling clean and glowing.,2012-11-08
P122900,5,"I have really dry skin, especially because I live in a desert area, and this is PERFECT. I struggled to find a  moisturizer that works on my dry/oily skin and this worked for me! Highly recommend!",2018-06-11
P269122,5,"This product has been a total game changer. It has helped tremendously in getting rid of the bumps and redness caused by using other products that were not good for my skin. I do have sensitive skin so I would recommend not actually using it daily, as that worked best for me and my particular situation, but everyones skin is different. I really enjoyed this product and I think alot of other women would really enjoy it as well.",2019-08-17
P460779,5,"I received a sample of Skinlongevity Long Life Herb Serum from PinchMe. This new serum from Bare Minerals has just a light hint of scent. I like that this formula is for all ages and skin types. I have very sensitive skin so I have to use skincare specific to my skin type otherwise I get bumps or a rash. I had no irritation with this. The claims for the results you’ll see in your skin are great with improvement of fine lines, skin texture and radiance. Love this!",2020-12-03
P297524,5,This product is amazing! My face feels so smooth and tight after usng it. Since you only use it once a week it lasts for a long time. And a little goes a long way with this unlike boscia’s charcoal mask. I prefer this one over that since it’s easier to remove and it’s cheaper! This mask is a must!,2015-06-30
P470255,5,I’ve been using this sunscreen for 3 years and it haven’t broken me out yet. Works as a primer just like the Smashbox photo finish.,2022-06-15
P248407,5,"If I could give this a million stars I WOULD! No scent, makes my dry skin so soft and it’s made with amazing ingredients! I just bought the value size! If this product is ever discontinued I’ll be sad! I’ve used this for 5 years now. Did wonders for stretch marks while I was pregnant! And it’s come full circle! 4 years later and I still use this on my daughter and me :)",2020-08-25
P480612,5,"After cleansing my face with a scrub product, I would dry my face with a cleansing wipe before applying the cream. I love that the cream is light and have a soft scent. I loved that it leaves my skin feeling hydrated. My face feels moisturized for the entire day. I also loved that it is not oily.",2022-01-22
P480612,5,I received this product complimentary from Influenster. I love how healthy and hydrating this moisturizer is. Love the scent and leave my face smooth.,2022-01-28
P456412,5,"I really enjoyed using this cleanser. I can have normal or combination skin, depending upon the weather, but this cleanser did not cause me to break out or dry out. My skin felt nourished after using, and not stripped. I received a complimentary sample for testing purposes.",2019-05-08
P42204,4,I definitely feel as though this works better on my cuticles then it does on my lips! I wear it at night since we always have a fan going and it dries my lips out. But the consistency is very sticky which isn’t great when you have a pet that sleeps with you at night. Cat hair lips isn’t good when you wake up in the morning!,2012-07-10
P420652,5,"I had never really struggled with dry, cracked lips until I moved from the south to the midwest in the middle of December. Almost instantaneously, my lips started flaking, cracking, and peeling. Even applying lip balm 24/7 hardly helped and really only made them look better. That’s when I happened to stumble upon this product and I was so unbelievably thankful I did. The very first time I used this, I could see a visible difference in my lips. They both looked AND felt truly hydrated. I use this usually every other night but you could use it every night with no issues. It isn’t sticky to the touch and dries down a bit after a while, so I have no problems with it getting all over my pillow or my hair sticking to it. This is a must-have for me and has saved my lips!",2018-02-25
P480630,5,"Amazing product. I never rinse this product off, I use it mostly as a sleep mask and my skin is amazing in the morning. I use it about 3x per week in the winter and it keeps my skin calm and hydrated without clogging pores. My favorite skin care product of all time.",2019-02-11
P478030,4,"this gets the job done and it doesn’t leave a greasy film, doesn’t break the bank, and overall i’d recommend it. my only problem with it is that overtime it separated and came sorta melted? but i’m pretty sure that’s an error made by either sephora or the delivery company, and i also put it in the fridge to try and fix this before realizing that i just made it worse. it’s nothing i can’t handle, just shake it up a bit and use as normal :)",2021-09-20
P297516,5,I’ve used a few tubes of this over the years. It froths up so much with just a tiny amount. It’s not good at getting off waterproof mascara but I have another product for that. It feels good and skin is matte without tightness afterwards.,2017-05-07
P470255,3,"I’m so sad! This sunscreen went on amazing. I used this before makeup and it gave my skin this beautiful filtered look. Unfortunately my skin hates almost every sunscreen and this did not work out for me. I broke out all over face and neck and chest. It seems to work for the majority but if you have sensitive skin, proceed with caution.",2019-07-16
P297524,5,"I love this mask! Originally bought it as a gift for my sister and she was kind enough to let me try it a few times; that was all it took for me to order my own. I use this mask once or twice a week at night after a gentle cleanser/exfoliater, and it is fantastic at helping minimize pores and clear up breakouts. Make sure your face is dry or only slightly damp before applying (or else it slides right off your skin), and let it set for a few minutes. I’ve also used it as a spot treatment on some problem areas and it really speeds up the healing process for breakouts. You’ll want to moisturize after using it though, as it does tend to be a little drying. But aside from that, it’s never bothered my super sensitive skin.",2014-12-19
P218700,5,"Loved it, made my skin feel and look amazing. I’m on my second bottle, it’s great for dry skin and redness.",2022-03-07
P7880,5,Use it twice a day ! Just amazing! Doesn’t take off make up but thats what make up remover is for! Amazing for people with sensitive skin or rosacea !!,2015-11-05
P411540,4,"This product feels a little heavy for my skin type, but it works really well to smooth out my complexion and cover redness",2017-05-27
P417238,5,"I’ve used several other first cleansers, from balms to oils, and none compare to this. It melts everything away, has a light ginger-y scent, and rinses away without stripping or leaving a film in my face. Will definitely be a repurchase for me!",2018-06-12
P423688,3,"I received a few samples of the Dermologica Microfoliant complimentary from Dermologica Sampling. Unfortunately, my skin did not react well to it. I think the foaming action mixed with the physical exfoliant dried my skin out and caused a good bit of damage. I’m used to using physical exfoliants, so I’m not sure why this didn’t work for me. I would recommend being extra gentle the first time you use it!",2022-08-28
P309308,5,Im 34 and my skin looks fabulous after using this stuff every other night for two weeks.. I dont think my skin has looked this good since my preteen days lol. Give it a try!!! My skin is SOOO smooth and my pores look smaller!! Love love love!!,2018-04-27
P232915,2,this is a little more than I normally spend on a skincare product and I expected to really be dazzled. I can’t say it works any better than previous exfoliation products - even those from the drugstore. I don’t think i will purchase again.,2010-06-24
P481817,4,I love this spray! I usually apply it after my toner and before my moisturizer& it makes my skin look great.,2017-09-19
P470255,5,"LOVE LOVE LOVE this sunscreen!! it is weightless, dries matte and leaves my skin feeling so flawless. i have a normal-oily skin and my skin does not look oily at the end of the day if I don’t have make up on.",2019-01-11
P471546,4,"I tend to get rosacea and heat bumps on my forehead when I get too much sun and this definitely helped to limit the spread of them.  Whenever I get these bumps on my forehead and cheeks it becomes painful, itchy, and reallly red but I have been applying this in the daytime to help calm my skin and it really helps!!! If I get those bumps and redness I have to use my retin A at night but I still needed something in the daytime which this helps. The color correction does a good job of correcting the redness and the SPF is a plus for me.  The product does have a slight medicinal/herbal scent which doesn’t bother me (I like these scents).  The only issue with this product is that it says to apply liberally but I can’t apply too much and can only apply a small amount on my face otherwise it tends to get pretty dry in some areas and oily on my t-zone.  If you want a very light color corrector for everyday this is for you!",2017-06-28
P443563,4,It looks great on and it smells amazing. However- I feel like I’m always reapplying it and the shine goes away so fast.,2020-04-20
P453816,5,"I currently own this cleansing balm in both the smallest and largest sizes it comes in. I will say that the best and most thorough way to remove all of your makeup from your face and even if you don’t wear makeup, just sunscreen alone is through using a cleansing balm like this one. Most sunscreens aren’t easily removed with just facial cleanser alone. When it comes to makeup, you must use a separate product to thoroughly remove that, but all makeup removers definitely aren’t created equal. This one is honestly the absolute best that I have ever used. It breaks down sunscreen and makeup better than anything else that I have ever used before in my life, and it doesn’t irritate my skin or my eyes, and it also rinses away completely from off of the skin, without any greasy residue. You do have to thoroughly rinse this off, but as long as you do that, you should have 0 problems with it clogging your pores at all. This product goes on like a thick balm, but it immediately liquifies upon contact with your skin. It has a slight waxy smell to it, but it’s a balm so that is not a con, because the smell is not strong in any way and it definitely does not linger. I have very sensitive eyes and this product doesn’t bother my eyes at all. Honestly, if you came home late at night and were super tired and didn’t feel like going through your entire nighttime skincare routine, you could just use this one product and go to bed. This product is definitely one that I wholeheartedly recommend that teenagers, just as well as, adults get today. Because, it will make a huge difference in your nighttime skincare routine like never before. Plus, it will be able to 100% remove all of your sunscreen and/or makeup from your face at night, so that way, you won’t ever have to worry about possibly breaking out due to leftover sunscreen and/or makeup on your face that had not been thoroughly removed. This product truly is both life and skin-changing I swear!",2022-09-21
P441644,5,"my skin felt so clean, got rid of the oils and gunk but my skin wasn’t tight or uncomfortable afterwards and i massaged my skin with the cleanser for quite a while. smells a little like kale nothing",2022-09-15
P442563,5,i have never used this product in my face. my face is a baby and im afraid of it being to harsh. HOWEVER i love this on my body about once a week or so usually on shaving days i put this on my body and i,2022-08-27
P427421,5,"Provides a velvety soft texture to skin when applied. Sinks in nicely. Is not aggravating my sensitive acne prone skin, which is rare for me with moisturizers. Love.",2018-01-11
P426183,4,I started using this product a week ago and I love how it makes my skin feels smooth it comes on super late and then and doesn’t make my skin feel sticky or tacky I will totally continue to use this product,2021-05-25
P411540,1,"I wanted to love this product because of how viral it went. However, it’s not good for fair skin tones with neutral/cool undertones. The scent is too strong but other than that it does look pretty on the skin but the colour is just bad. It turns so many shades darker than your skin tone (for pale skin) with a strong yellow/orange undertone.",2022-04-26
P218700,5,This is so good for my dry and sensitive skin.. i use this every night and morning after cleansing my face. This is the best product.,2019-01-19
P122900,5,"I found the Dramatically Different cream was too heavy for my combination skin, so I was very happy when they came out with the gel. It goes on so silky, absorbs quickly and leaves me skin feeling so smooth. I use it morning and night. It doesn’t have any fragrance and doesn’t cause breakouts. I love this stuff!",2009-02-25
P42204,5,Absolutely luv this salve it’s perfect for the winter months when it’s super cold and my lips and cuticles get chapped and dry,2014-11-02
P297516,4,Love love love it! Will be repurchasing!,2018-11-25
P409800,5,I love the Sephora coconut water wipes! They are so refreshing and remove all my makeup. And so easy to use.,2018-05-24
P394624,5,"I have to say I am pretty obsessed with this product. The cream feels so nice on my skin, it makes it feel hydrated. It’s not too thick, a little goes along way! Highly recommend !",2020-11-18
P456398,4,I really like the shiseido sunscreens!! You don’t need a lot of product to cover your face or body bc the consistency is very thin and watery. It doesn’t have a strong sunscreen smell which I appreciate! It also stays on almost all day long. My only small complaint is that it can leave a white cast on the face.,2020-12-07
P218700,4,"I have not used it long enough to get a good result yet..But it feels good, not greasy and makes my skin soft.",2010-01-01
P12573,4,"I think petrolatum based balms are best for protecting my lips while doing anything outdoors (running/working/etc). I bought this because of the high spf. So happy it doesn’t taste of chemical spf. It tastes very lightly of whatever scent it has, more scented than flavored. A nice finish, not glossy, totally man friendly. If you have a guy that works outside, or works out outside, he needs this. Regular petrolatum has a glossy finish, slides around/off, and has no spf. This has a natural finish, stays in place for a decent amount of time, and has high spf. I love this balm for protecting my lips when outdoors, but if I’m inside, I use something more hydrating that doesn’t have spf. My favorites for hydrating are aqu@ph0r, can’t figure out why it is different than regular v@sel!ne but it is and its not glossy. That or lanolin salve, a little glossy...not bad. I use one of them before bed or if I’m sitting around the house. If you are a young guy, it may be embarrassing to buy lanolin, but it works like nothing else, an amazing salve all around. Docked a star because I do not like that these have parabens, remove those and this would be a 5 star product.",2013-10-11
P441644,5,I’m in love with this cleanser! It cleanses your face but does it very lightly. No harsh chemicals to irritate your sensitive skin. I even got my daughter using it now.,2020-05-27
P248407,5,"I have had very dry, flaky skin for years and have tried so many products, only to find they don’t work. I purchased this cream based on reviews here. The cream is thick and is not greasy. Makeup goes on smoothly and doesn’t flake as it previously would. It’s probably too thick for summer, but for winter, it is great. I’d definitely purchase this again.",2010-12-26
P126301,5,"i got a small size of this to try while i was waiting for my online order or IT bye bye makeup and it’s quickly becoming a favorite to remove my makeup at the end of the day. I use foundation, setting powder, blush, highlighter and mascara and this takes it all off. Great addition to my daily skin care.",2019-02-11
P460779,5,this felt amazing. my skin felt and look great after a month of using this,2021-01-09
P297524,5,Buying this mask i was expecting to some some results in the overall look of my pores and complexion...I was completely surprised when my previously rather noticeable pores shrank after one use and continue to maintain that level of consistancy eeach week wilth my further uses. :Definately reccommend..,2012-02-09
P394624,5,I’ve been using this product for years!! No matter what I try I always come back to it. It’s light weight but still keeps my skin super moisturized throughout the day! 10/10 would recommend.,2020-03-05
P427419,5,I love The Ordinary. They are affordable and their products are easy to add to my everyday skin care routine.,2021-02-16
P7880,5,"I just received a free sample and even after one use my face felt so much cleaner. I was starting to break out a lot, because I always do once a month and this really cleared it up.",2014-03-19
P427417,1,"This product is advertised all over IG and I was so excited to try! On the 3rd week of use I got a huge cystic pimple and thought it was purging. I took a break for a few weeks then again, on the 3rd week same problem. My pimples stain horribly so this caused more problems than good. Ordinary just doesn’t work for me as I’ve tried other products and same problem. Given the price, I’m thinking the quality isn’t that good. It’s worth a shot because it does wonders for others but if you notice pimples after 2-3 weeks that’s not purging - I would say stop it immediately as you don’t want the pimples to get worse!",2021-05-29
P12573,5,"Never buying any other lip balm or Chapstick. After I misplaced this lip balm, I bought a Burt’s Bees lip balm, which I always used before, in the mean time and it does not compare. This product is really the best for my dry lips & perfect right before applying my matte lipsticks. The black tea & raspberry smells so good",2016-08-05
P297516,2,It doesn’t do much for me. I felt like I wasn’t getting a clean enough wash (even using this with my Clarisonic) and I was getting blackheads. Smell is also quite medicinal imo. My face has gotten a clearer canvas ever since I switched away from this product.,2017-12-19
P248407,5,"I have combination acne prone skin and was searching for a daily moisturizer that would help protect my skin and also not cause more pimples. This is the one. Its on the heavier side, which I would normally shy away from, but this cream absorbs very well into my skin, leaving it feeling calm and soft. It has also never caused an acne flare up for me and instead seems to calm my skin. Before using this product my face was a mess of volcanic acne eruptions, complete with dark acne scars. “Skin care“ for me meant scrubbing my face a thousand times a day and using every face mask under the sun. I stopped all that thank goodness, and started to treat my skin gently. This has worked wayyy better than bouncing between products and trying new harsh scrubs every other week. I now treat my skin as if it is sensitive and have a true routine using just a few products.  This product is key to that, and I use it night and day and night to protect my skin and calm any redness and irritation. I would definitely recommend trying this product - even if you don’t end up loving it for your face, its great to use on your hands (especially because I’m washing them so often now). Each tub lasts a crazy long time too so the price is worth it.",2020-08-14
P480630,4,Really have enjoyed using this summer Fridays jet lag overnight face mask really lives the skin feeling soft and ready for a good night’s sleep while your skin soaks up all the nutrients. This item was given to me by summer Fridays,2021-07-05
P442563,5,"I’ve used the DE BF for a few months and while I liked it, I wasn’t fond of the price point so I kept buying minis and samples. When I was researching this product, I was a little scared because the acid concentrations are higher than DE and it lacks the soothing ingredients that DE has. But, I realized that at this price I had nothing to lose and I could just return it if I really didn’t like it. Y’all. When I say this blows the other peel out of the WATER. It tingled a little the first time I used it which, as a regular user, made me a little wary. But the tingle was gone as quickly as it came. I washed it off, applied my moisturizer/oil and went to bed. The next morning my skin had been TRANSFORMED. Bright and glowy and smooth in a way I hadn’t seen for a long time. Definitely a holy grail product and, for real, at this price you can’t go wrong.",2019-07-31
P218700,1,"DId not work for my oily, sensitive skin. Used it for a week and made me break out! Tried it on my hair too, made it feel too greasy. Wanted to love this product!",2013-09-17
P456412,5,I love this face wash from Korres. I use it every night to cleanse everything from the day. After each use I feel refreshed and renewed. I will definitely be buying the full size to maintain my newly bright and refreshed skin!,2019-03-31
P420652,5,"I love this stuff. I have a travel/mini I got as a sample that I carry in my purse and refill with the big one. It’s perfect. Is smells wonderful, leaves your lips so soft and tastes good if that happens. And the Spatula it comes with is so amazing and cute. I keep it in my purse (it has a little carrying pouch) for my mini and use the small end of my moisturizer scoop for this. It seriously is perfect and lasts FOREVER. GREAT VALUE",2019-10-18
P418218,2,"I was here before all the hype. I enjoyed this but after a years worth of using, I never saw any difference. I enjoy the smell and the feel is nice. But when they raised the price on the product after the hype, I had to let it go.",2019-12-08
P471546,5,"I initially got this as a small sample, tried it and wasn’t impressed at all. I just thought I looked green and it was drying. So I threw it out. Of course, the sample came with no directions, which was key. I then received a larger jar in a gift pack with the cicapir serum and moisturizer as a stocking gift from my husband. That one had directions, which said you needed to put it on OVER MOISTURIZER. That’s the key. It’s NOT a moisturizer, it’s a correcting cream with sunscreen. And you have to blend it in, the same way you would with a foundation. I have light skin and dryness on my cheeks but over a moisturizer it’s not drying at all, for me. I think maybe many of the reviews saying it’s drying aren’t using it over a moisturizer. It REALLY corrects well, and I find I can get away without foundation pretty well without it if I want a no makeup look. Which is saying a lot because I really don’t like how I look without foundation and wear it most of the time.",2022-01-21
P378852,5,"I have used almost 2 entire jars of this. I really like it, it’s a great light weight moisturizer for the morning. I don’t use it at night because it is fairly light. My skin is prone to breaking out but this product & orgins in general really is pretty great for my skin type, normal to dry.",2017-03-10
P297516,5,I bought this in the sephora sample sized favorites face wash set. Writing a review after one use. Will update further into regimen if remember. Smelled glorious but without being too fragranced. Fresh minty smell while washing followed by just nice subtle clean smell . I Used way too much. Used to inferior cleansers i guess. Probably only need pea sized amount. Can see this reasonably priced face wash lasting forever. Loved the rich frothiness. Washed off a full foundation face and felt squeaky clean afterwards:) did have to scrub eye makeup a bit but rest of face was naked clean. My face does feel nice smooth clean but with a slight tightening. Probably cause i used too much. Will follow with josie marans argan oil tomorrow. Face smelled heavenly afterward without being overpowering or perfumey. Just fresh and clean:) loving it. After 1 use plan on buying full size. Thanks to sephora for value sets and free deluxe samples!!!,2016-01-16
P421275,5,"These are amazing! I was a little skeptic reading the comments, but I tried them anyway and absolutely love them. I get “underground” (under the skin) pimples and I use these for 2-3 nights in a row. It takes away the soreness the next morning and looks back to normal the following day. Love this product and am ordering more now!",2022-03-02
P411540,3,"I want to love it, I really do. Unparalleled redness correction but it might be a skip for sensitive skin.Pros: literally melts away redness, great coverage, looks really good onCons: destroys my skin with a painful reaction and makes breakouts worse no matter how I moisturize underneath it (oils, gels, heavy creams, etc) and the texture is a little weird, almost spackle like",2021-07-27
P456412,4,"This stuff is amazing! I love that it left my skin feeling tight and clean. It contains alcohol, but it’s the type of alcohol that’s supposed to be good in skin care. I received a sample in my VoxBox from Influenster and I would recommend!",2019-04-07
P309308,1,"A good lactic acid formula requires an acidic base (pH 3.5-3.0, or less); this one is “neutral.“ When you ask a Sephora host what the pH is, you get that “deer-in-headllights“ look. Worse, when you call the company they say it’s “proprietary. Really? What’s proprietary about pH? The flattering reviews of this brand must include some quid pro quo, because no one who knows chemistry, formulas, ingredients, skin and dermatology would EVER endorse such inferior, shoddy products. I know Sephora carries it all; unfortunately, “all“ also covers poor.",2019-06-02
P42204,5,"This is the best lipalm ever. It really helps dry, flaky, chapped lips become soft and supple again. Not too greasy with just the right amount of shine. Even my 12 year old son likes it when his lips are chapped. You use very little so it last a long time.",2008-11-23
P378852,5,"Been looking for a nice day moisturizer for a while. Love this one. Lightweight, not greasy at all, and smells like oranges! Plus the price is decent. Love.",2014-07-10
P427419,2,I so badly wanted to love this and for this to be a HG product but I ended up having to toss it. Why I gave 2 stars is because on the positive side it’s cheap and I feel it may have been me not having a tolerance/finicky skin? But let me just tell you...I had an awful experience. I put it on after my cleanser and before my moisturizer (kind of mixing them together) not realizing what it would do to my skin long term. MY SKIN PEELED. LIKE A SNAKE. It got so dry and I started breaking out like crazy!!! I wish I had a good experience and maybe it would’ve been better if diluted but be careful anyone who has even sort of sensitive skin!,2018-04-14
P433520,3,This product would work great for normal to dry and more mature skin types than mine. It did work okay for me because I’m currently on tretinoin and have combo skin. I just don’t want to risk using it more while I’m retinizing. My other gripe is the price. I probably would never spend $100 on a moisturizer.,2021-03-29
P427417,5,"This is a great serum for all skin types for the multitude of reasons to use niacinamide. The price, value and the results you will see on your skin cannot be beat.",2021-11-17
P450271,5,Love! Love! Love it!  Melts off every bit of make-up (mascara too!) rinses clean and leaves skin oh so smooth. Kinda pricey but it doesn’t take much so should last a while.,2018-12-17
P418218,2,Was moisturizing but made me breakout so bad. Kind of upsetting given the price point and it was supposed to be light weight. Maybe just not for acne prone skin.,2021-04-22
P409800,4,The wipes work so well and the non-exfoliating side feels really nice on my skin. Most wipes are harsh on my skin but not these. The exfoliating side however feels like sandpaper and I only used it on my hands after putting on my makeup. Definitely will get another pack but this time a non-exfoliating one.,2019-04-16
P7880,5,I really enjoyed this when I used to use it I want to repurchase this again so I might soon! it smells like cucumbers and its very gentle even for sensitive skin types cause  have sensitive skin. my face never felt tight but lets see how it works now cause I haven’t used this in years,2018-04-17
P248404,5,"I love this face cleanser. It removes oil and makeup very well without drying my skin. I have a sensitive skin, but this product didn’t cause any trouble. It’s very gentle and nice.",2013-03-15
P409800,4,"I like them. they clean well, but the exfoliating side is no joke. feels a bit like sandpaper. I don’t recommend them for people with sensitive skin.",2017-03-08
P442563,5,"Great, simple peel. Light weight on the skin with a slight warming sensation. Every time after I use this product I can feel my skin absorbing my moisturizing fulling. If you have fair skin, I would recommend only using this at night as it can leave a slight red tint on the face.",2020-03-29
P450271,5,I LOVE this stuff and use it as my first cleanse every night.  Great balm-to-oil consistency that literally melts off my makeup.  It rinses easily (I use a face cloth) and my skin feels great after use.  I never go without it and was excited to try a new scent.  Great product!,2019-10-09
P460779,5,"Enamorada de este producto, lo utilizo de día y de noche y deja un aspecto súper saludable en la piel, es refrescante y deja el rostro suave! Me encanta !!!",2020-08-26
P248404,5,i use this cleanser every morning and after i work out and it has been a game changer. it is so gentle and great for people with sensitive skin. it leaves your face feeling nice and clean without drying it out. you only need to use a little bit because it lathers nicely which is also a plus because it makes it last longer than most products. AND it’s inexpensive! it’s one of my holy grail products,2019-03-05
P394639,5,"My holy Grail moisturizer! I have really problematic skin and I’ve been trying to figure out if it’s actually dry, combination, oily, or just dehydrated and over-exfoliated. I’ve tried many different moisturizers for different skin types, yet I keep coming back to this one. My skin always feels so soft and looks so healthy when I use this. It’s so lightweight and hydrating! I will probably forever repurchase this.",2019-05-12
P12573,5,"I’m new to this product,, but I’m going to keep buying it - I put it on every evening before I go to bed and wake up with soft, smooth lips. It’s a keeper,.",2010-05-04
P470255,5,Order this for a trip to Mexico. I am incredibly fair skinned and this saved my face.,2019-06-13
P248407,5,This cream has been helping so much with my dry face. I put it on my cheeks every night and morning and it is even helping with the reddness. I highly suggest anyone to get this product. Perfect night cream.,2015-02-03
P126301,5,"I ABSOLUTELY love this product!  I didn’t think I would find a cleansing balm that wasn’t super thick on rinsing (like the Pond’s Cold Cream) and that didn’t leave a residue -- but I finally found it!!! My heart is so happy and it makes for such an easy makeup removal routine; I will be tossing out my makeup remover wipes (which burn my eyes anyways).  This product doesn’t burn my eyes and I can open them despite me rubbing in the product.  A little goes a long way and rinsing is super easy, comes right off.  I think its definitely worth the money!!  My only complaint is that it doesn’t seem sanitary to use your fingers every time, unless you wash them right before taking product.  I REALLY wish it came with a little spatula.",2019-10-10
P248407,5,"For about 5 years now I’ve had this weird from of eczema on my upper arms. I was always self conscious of my arms because they were red, irritated and had strange bumps all over them. I’ve tried tons of different creams to help it and non seem to do the trick. I picked this up on a whim in store and boy was that the best decision of my life. Within 4 days there is already a visible difference, so much that I’ve gotten comments on how much better they look. It absorbs instantly leaving my arm smooth, unscented and not irritated. Ill defiantly buy the bigger size soon and continue to use this product.",2013-04-08
P426183,5,"i HAVE BEEN USING THIS PRODUCT SINCE IT WAS INTRODUCED TO THE US. ABSOLUTELY LUV WHAT IT DOES TO MY SKIN. I AM 60 W/VERY FEW DEEP WRINKLES,NO FINE LINES AND AM RELIGIUS ABOUT USING THIS PRODUCT DAILY. IT REALLY DOES WHAT IT SAYS.",2013-08-11
P232903,1,ORDERED 06/2019EXPIRED 03/2019gross.,2019-06-15
P297524,4,"Love this mask. I dont have troublesome skin but I use this once a weeks to get make my skin soft. It’s also great as a spot treatment over night if you have a pimple or two, just put a bit on go to sleep and in the morning they are gone :)",2017-08-15
P460779,5,The packaging on this product is brilliant. I’ve only been using the serum for a couple weeks but so far so good. There’s no harsh smell or sticky feeling. Will definitely keep using,2020-07-27
P297524,2,"Definitely made my face feel clean and refreshed. However, the next few days i began getting random small pimples (I never get pimples). Decided to try again the week after and got the same results. Can be a good product for oily/very oily skin, but not good for combo-more on the dry side, skin.",2020-03-15
P429952,5,This is the best skin care product I’ve every purchased. The entire feeling of my skin has changed since I began using this mask. I’ll use it after a long work day or sleepless night. It makes my skin soft and smooth.,2018-10-14
P122900,5,Awesome product! Been using this for sometime now.,2018-01-10
P12573,5,I think every woman should carry this in their purse.  I love this and now I need each gloss!,2019-04-10
P454380,2,"I bought this sunscreen after hearing all the hype around it, and unfortunately I’m not blown away. I was hoping for better.I’ll start with the positives: it leaves zero white cast on the skin. There is no noticeable odor to it. It’s a higher SPF with it being SPF 40. It truly is undetectable on the skin. People say its a great base for makeup with its silicone primer like texture. The negatives: the texture is not pleasant, its like a silicone primer, but greasy feeling. If you use a decent amount of product (which you need to in order to get proper coverage), it pills up. I’d say my skin is slightly sensitive, and this completely broke me out- white heads, clogged pores, really deep, red pimples too. I don’t see myself using/repurchasing this again, which is too bad considering how hyped it is and how many people seem to have success with it.",2022-03-18
P443352,5,"This was a tried and true exfoliated. This is one of those cult favorite skin care items that does exactly what you’re looking for. It gave me a nice gentle exfoliation and as we know, exfoliaton is one of those steps you can’t skip. I use it about twice a week and my fave always feels nice and refreshed after. I get that nice dewy baby soft skin that everyone is after.",2021-06-18
P429952,4,I really love this mask. It provides amazing hydration and it’s super easy to use! The fact that you don’t have to rinse it off makes it so easy and worth it! Only reason this doesn’t have 5 stars is because I have super oily skin so I cannot use it as often as I would like.,2019-11-06
P394639,5,"I use this in between my serum and moisturizer. It’s a great addition to my regimen. I have slightly congested skin (moreso in the summer, of course) and I’m hoping this keeps hydrating without adding “slick“ in the summer months. I do feel an added pillowy, cushion effect from this product without any adverse reactions.",2015-05-11
P12573,5,Texture is perfect and highly moisturizing,2009-09-11
P429952,5,"Love this product, would like to purchase it again, wish its on sale soon",2020-03-08
P458219,5,My skin looks more refreshed after using this product. It makes my pores appear smaller and keeps my skin nice and hydrated. The scent of this product is nice and fresh. This is the perfect toner for the summer season. I love that I can just use my hands to pat this product onto my face.,2020-06-23
P248407,4,I have been really enjoying this product. It’s helped my skin a lot the last couple of weeks.,2016-04-11
P454794,5,This moisturizer is everything I’ve been looking for. It’s light weight and visibly makes my skin look better. I’ve definitely noticed a difference in the way my skin looks with foundation.,2018-07-11
P456412,5,"This cleanser is incredible. I was a Purity user before I discovered this because it removed makeup so well. Well this stuff is just as good at removing makeup and impurities, plus it feels so soothing on your skin. I keep one by my sink and one in my shower at all times.",2018-04-22
P302103,1,"I really wanted to like this product but I didn’t. The smell is really nice and luxurious, but I didn’t feel like it made my lips smooth. It wasn’t very hydrating for me.",2021-05-12
P232903,5,"Love this product so much! I’ve always had problems of finding the right acne spot treatment but, this has never disappointed me! It only dries out my pimple and not my skin. And, if doesn’t take long for the pimple to go away. I’ve probably used three bottles of these so I’ve decided to finally make a review. My face is so much better now because of this product!! Worth the money!!",2015-01-03
P7880,5,I’ve tried many cleansers and this is hands down the best. It removes even eye makeup and is totally non irritating. A+,2013-10-09
P471546,4,"I received this product complimentary from Influenster in exchange for my honest review. I have a love-hate relationship with this product. I do not like the consistency, it’s thick and goes on sticky. However once it’s warmed up it smooths out well and definitely helps even out my skin tone including redness. It’s lightweight once applied and is a good base for your foundation or cream.  It does not have a smell which is nice for a face product and lasts well throughout the day.  All in all I think this is a good product.",2021-02-20
P269122,4,"I feel like this product was an amazing cleanser. I am not sure why it is labeled a peel, but I felt like I got great results and my face felt really good.",2019-08-31
P427419,5,This product is very thick and you really dont need alot a little of it goes a long way i love it i love the tackiness it has when youre done applying it i havent had a problem with peeling although around the lid is messy and peeling like a bottle of glue with that being said i like this product on my skin and it hasnt effected my makeup application jts really affordable and worth the try!,2020-04-10
P411387,5,My skin loves it tbh i’m glad I didn’t have any bad reactions,2021-07-21
P441644,3,Not great for taking off eye makeup but okay overall,2021-05-14
P460779,5,"I received this product complimentary to try and so far, I am liking it a lot. It is a nice cooling serum that leaves my face feeling moisturized and refreshed. I use it in my nighttime routine and have yet to notice a significant difference but I have only been using it for 1 week.",2020-12-10
P42204,5,"This product is amazing and so affordable!! I used to suffer from chapped lips, but this balm has helped so much my lips are so soft and smooth. I always apply before bedtime and wake up with my lips feeling so soft. I would definitely recommend this product.",2014-08-02
P7880,5,An excellent product. Very smooth. This is the only product I will be using from now on,2008-09-12
P423688,5,Gifted by Dermalogica sampling. I love Dermalogica as a brand. My aesthetician told me to use a micro-exfoliant on my large pores. I’ve been using this for a week and it is a gentle exfoliant for my face. My pores look less visible and my make-up blends in easier as a result. Would recommend!,2022-08-23
P439061,5,"I’ve been using this product for about a month now and i’ve seen a huge change in my overall skin texture, clarity, and of course dark spots. I had a pretty bad breakout which led me to buy this and my scars and dark spots from then have faded significantly. So happy with this purchase and would highly recommend to anybody who struggles with acne scars, sun spots, and/or dark spots.",2020-04-12
P480612,4,"I have really dry skin, especially in the winter time. This being said I tend to not usually go for gel creams or moisturizers I normally go with really heavy thick creams in my skincare routine but I’m very very surprised by how well this felt hydrating on my skin, how it kept my skin feeling soft and moisturized. I definitely plan on getting more of this in the future",2022-01-21
P460779,5,I received a free sample of this product from pinchme in exchange for my honest review. Even though the sample was very small from what I could tell it leaves a nice clean feeling. Not sure if it actually works as I could only use it for one time. I will be getting more to try it out and see if it works. Love the smell and no sticky after use. Will definitely give bareminerals skinlongevity long life herb serum a try.,2020-11-11
P480612,5,Absolutely amazin the results with this product. I’ve been using it for almost a month and I really enjoy how my skin looks and feels.,2022-02-07
P421275,5,These are the best healing dots are the market. I have tried several different brands and always get the best results with Peace Out. Adult acne is terrible - these make blemishes disappear within a day or two. I try to make sure I never run out.,2020-02-22
P218700,5,"I AM an older-older person, who soon will be 59 and look about 44. I bought the 4 oz size over 2 months ago and have hardly made a dent in it. This stuff is awesome! I use it all over my face, even my eyes and my neck. MY skin is like silk. It immediately absorbs into my skin, I use it on my hands, cuticles, etc. But not on my body or bath as it is expensive. But is a phenomenal moisturizer for an older-older person or anyone with dry skin.",2011-08-18
P297516,1,This face wash felt amazing the first time i used it. Theni continued to use it every other day and it left my skin extremely dry and created dry patches. If you have extremely oily skin then try it but i have combination and this was not working for me.,2015-04-04
P430337,5,"This is the first Ole Henriksen product I’ve used and I DEFINITELY plan on trying more from them after using this moisturizer. It achieves every single claim it makes. I’ve been using this moisturizer nonstop ever since I got it in my voxbox complimentary of Influenster. I’ve received a few voxboxes in the past, but this one has to be my favorite! The créme drys down quickly, you don’t need to use very much (usually an almond-sized amount covers my face and neck), and it smells AMAZING. The very first thing I thought when applying this was “Wow, this smells like a creamsicle.“ It leaves your face feeling hydrated and glowy, and it leaves your face feeling so smooth there really is no need for a primer before applying makeup. It doesn’t ball off like some moisturizers, I seriously could go on and on. While I was sent this product for free for testing purposes, all opinions are 100% my own. I have hated products in a voxbox before but this moisturizer is really THAT good that I’m just obsessed. Will definitely be purchasing this with my own money in the future!!!",2018-04-22
P420652,1,"I WANT to like this, but I just can’t. Each time I use it, I wake up with really dry, chapped lips -- even if I go to sleep with normal lips. I don’t know if it’s just my body, but this does the OPPOSITE of what it claims to do.",2018-01-30
P248404,5,I really enjoy this cleanser! I have combination to oily skin that is easily stripped by face products leaving it dry and tight. This cleanser is gentle enough that my face feels clean and soft after use but it’s strong enough to remove the daily dirt and my (light) makeup. It’s a new staple product on my skin care shelf!,2019-08-11
P467762,1,Too harsh on my face. Why do skin care companies still add fragrance to products??,2020-06-28
P270594,5,Most amazing moisturizer   primer for normal to dry skin. I layer it on top of my regular moisturizer; It locks moisture in and allows the makeup to glide on top; makes for a great makeup day! I highly recommend it.,2018-08-11
P7880,3,"This is a nice product, but I can’t give it 5 stars because it’s extremely overpriced for a face wash. It doesn’t remove makeup as well as melts that I have used previously so I wouldn’t purchase this to remove your makeup. It’s definitely a very nice face wash to use after you precleanse but there are definitely cheaper ones on the market that work just as well if not better. I bought the 150mL bottle and I’m happy with it but honestly I won’t be buying it again unless the price comes down. Would only recommend if you have money to blow.",2021-12-13
P481817,5,I love thisSo~~~~~~~good ^^,2017-11-29
P470255,5,Family favorite! Everyone loves this sunscreen. Works so well under foundation!,2022-06-09
P427421,5,"My go to night cream! Goes on light, with a gentle texture to it. Worth every penny!",2022-02-25
P478030,5,So much of such a good product for the price. Amazing!,2021-06-11
P417238,5,One of my favorites. Removes makeup easily and doesn’t leave a residue. You don’t need a lot- will always keep one around!,2020-06-15
P453816,5,I feel like I was wasting my time with liquid/ alcohol makeup removers that always left smudges on my face and towels as well as irritating my eyes. Never again! A quick note for travelers: TSA classifies this as a liquid/gel even though I think it is pretty solid...,2018-09-14
P418218,1,I wanted to love this cream!!! I received it as a sample but it left dry painful patches on my skin!!,2020-02-04
P478030,3,there’s a lot of product for the price which is nice but I feel MEH about it. It feels really greasy after I wash it and I have to immediately use a cleanser to feel clean.,2021-09-28
P453816,5,Love it! took off make up that any wipes or wash couldn’t,2018-02-20
P422905,2,I tried a few times to give this product a shot but never really saw much as far as results. And on top of that it made my eyes itch every time I used it so I had to stop using it :(,2017-12-28
P471546,4,"This is my first review. I never write any review but this product really make me want to leave a review for those who decided to try on this product. I went to the store on Friday and the sale lady introduced me this product since I was looking for something “lightweight“ and deal with my redness on my cheek. I am Asian and have a very sensitive skin- my cheek get red when the temperature changes even from outdoor to indoor. It often feels itchy on the redness spot. I’m using Eminance (organic product) for skin care. I always wanted to try to put minimal makeup on since I want to look more professional at work. So I tried it on the weekend- on the first day I put a pea size on my face and I found it’s very thick cream and it’s kind of hard to blend. But it’s not really an issue for me. And I let it sit into my face for like 10 mins- it started to sink in my face and my face feel smooth and the red spots were disappeared!!! Wowww it’s magical!! The second day- I cut down the size that I used and I love the result. I think this product is a little bit too much on my face but it doesn’t really make my face oily since I am used to using “lightweight“ product. So today i didn’t use it and I would want to see if it really make the difference. Yes it did!! I can totally tell this product is working! I guess I can just use it on the colder days. You don’t need too much, just a little bit on the face! I never try to put the power on with this product. I will play around with it first before giving it to 5! I’m giving it to 4 because I feel it’s a bit “heavy“ on my face!",2016-10-31
P218700,5,I never quite understood what “balancing“ meant until I used this product. I have extremely dry skin in the winter and it can get pretty oil by evening and anytime during the summer months. This oil is intense-it goes on thick but miraculously absorbs away. I first tried about 5 drops rubbed all over my face at night. It was a bit much so I then started adding 2-3 drops into my hand to mix with my day & night moisturizers. And that’s when the amazing balancing act begins. I don’t think I will ever be without this oil.,2010-02-19
P392246,5,"I wake up glowing in the morning. My face looks youthful and refreshed.  It did even my skin tone to an extend.  I tried other brands and they sting, this one is so gentle yet very effective. I have very sensitive skin with rosacea. I learned that every face is different, until you try you will never know. Also, There is no miracle product, just a miracle to being consistent in using beneficial products. This is my favorite of all brands because it best suited my skin. I use it, every other day, after double cleansing my face in the evening. Then I apply a face oil on top (totally optional for me).  - I Bought it, Not received as promo.",2021-04-13
P248407,2,Don’t buy this don’t buy in to the hype. It burns my face when I apply and it doesn’t deeply moisturizer. I’m going to finish but I won’t buy again or recommend. It is not intense hydration .,2021-05-17
P456412,5,I love this cleanser. It’s very gentle. It gets all of my makeup off and smells so great! My face feels amazing after using this. I want to try more korres products!,2018-04-13
P420652,5,"I’ve been a ride or die fan of the original Lip Sleeping Mask for the past year and recently indulged in the new Grapefruit flavour. This is an absolute staple of my skincare routine. Nothing leaves my lips feeling more lush and hydrated. I use it AM and PM and every time I’m on a flight.  I can’t get enough of it!!!! For real, this is worth every penny. Treat yourself. Trial it in the kit with the Water Sleeping Mask if you desire. That’s a nice drink of water for the skin, too.",2019-02-04
P456412,5,I absolutely love it! It cleans my face amazingly and it feels fresh and clean for hours. I  received this product for free or complimentary for testing purposes,2019-04-29
P248407,5,ever since i found this lotion i haven’t tried another one! i’ve been through lots of different brands. this lotion does not leave your hands/skin feeling oily/greasy its absoluty amazing. Its worth the price.,2011-01-10
P248404,5,"I love this cleanser! I have combo oily skin, that can be sensitive at times. This cleanser is great at cleaning my skin well but it’s not overly drying",2015-01-02
P441101,5,"This cream replaces my old favorite, Fresh Rose deep moisture. My skin is perfectly dewy and has a glow. I received a sample first and had to buy the full product. I love the little golden scoop. Should last a long time! Perfect for dry skin. I like to use it at night.",2019-05-02
P392246,5,"This is such an amazing product. You know it’s a great product when your husband and coworkers make comments about how great your skin looks. Although it is expensive, it is worth every penny in my opinion. It leaves my skin bright and youthful looking. You will see a change in your skin within a couple days!",2019-12-11
P269122,1,"This has alcohol in it, the drying kind that is not good for sensitive skin. I wish I would’ve done more research before buying.",2019-05-15
P7880,5,"I was dealing with dermatitis for more than a year and having to use light steroids to combat the little patches of dry bumps on my face that showed up when this issue developed in my mid twenties. I tried different gentle and soothing washes and this was was life changing. My skin healed and turned back to my pre-dermatitis normal, and I have never had another outbreak in ten years. I’ll never use anything else.",2022-05-27
P453816,5,I thought it would leave my skin greasy/oily but it doesn’t it’s strange I can’t describe it. I have also noticed my skin getting better after using this idk could just be me.,2017-02-28
P309308,5,"I have never reviewed a product before but this product really helped me. After I stopped taking my birth control pill, I suffered from horrible, hormonal acne all over my cheeks, chin, and jawline like I have never had before. I struggled for two years and quite literally tried everything—every natural product, commercial acne buster, three piece kit, cleansing method, prescription, mask, supplement....you name it, I tried it. I had heard about this product but was hesitant to try due to the expense. But after two years, I had already spent quite a bit so I figured, why not? So glad I did! I have been using this product for about four months now and my skin is SO much clearer and smoother. I still get a pimple once in a while but they are much smaller and heal much faster. My skin is very smooth now and my acne marks are starting to fade. I wish this was less expensive but to me the results I have gotten are well worth the price. My tip for this is that I don’t use the recommended 1-2 pumps it says in the directions. I make sure to cleanse and use a toner and while my face is still slightly damp, I use about a half a pump on my face. A full pump is enough to cover my face and neck in a thin layer and the results are just as good. My only complaint about this product is that the pump leaves A LOT of product in the bottle. I thought I was out so I bought another bottle. But when I unscrewed the lid before tossing the bottle, there was still a lot of lotion left. So now I just pour it into my hand once the pump stops working. Using a half pump, once a day, I make this last about two months.",2019-02-16
P269122,4,"This was my first time using a product from this skincare line and I’m in love! It helped my skin out alot. After using this product my pores looked smaller blackheads were gone! My skin felt subtle and soft, looked refreshed and glowing!",2019-07-16
P218700,5,"I wash my hand like 100 times a day and my cuticles started to suffer terribly. I put a drop or two of this oil on my nails/cuticles and rub it in and it has worked amazing! It dries so its not oily/greasy, but it leaves your cuticles healed and soft. This oil is worth its weight in gold! Don’t even think twice about ordering this stuff!",2012-10-24
P418218,5,"I love this moisturizer! It works exactly as it says--starts as a cream that dissolves into weightless moisture that melts right into my skin. A little goes a long way and leaves no film or residue. Plus, the gold spoon is adorable. I apply right after washing my face in the morning, and before putting on my makeup. I also sometimes use this as the last step of my routine at night whenever I feel I need a boost. Highly recommend.",2019-05-19
P439061,5,Saw a reduction in acne scarring discoloration within a week of using this!,2019-02-21
P420652,5,"Honestly one of the best lip balms I’ve used. I immediately went to purchase more from Laneige. This balm keeps my lips from getting dry and hard at all, longer than any other has.",2022-08-30
P441101,5,Love this moisturizer.  It’s my go to winter one since it’s quite thick.   My acne prone skin seems to like it and it gives me a glow.,2021-09-11
P122900,5,"I normally don’t write reviews, but I feel compelled to do so. This stuff really works. Moisturizing, but not greasy, which is great for my oily/combo skin. I love it.",2020-01-26
P427417,5,"This serum is the one I use all the time! It helps with blemishes, brightens the skin, Vitamin C’s the skin and I use it every day morning and night!",2022-05-15
P232915,4,I have only used it once but I enjoyed it. It wasn’t that uncomfortable and I think I noticed mild peeling a couple days later. will keep using it.,2010-11-15
P427419,5,"This is a really great serum to boost hydration in your skin! Especially considering the price point, this is a must have. A lot of people are commenting on the stickiness of the serum. It is true, however, if you’re following the serum with a proper moisturizer and face oil there is no traces of a sticky residue left. I always recommend this product.",2020-04-02
P269122,5,,2019-08-21
P456398,4,"I really like this product for everyday use. It is lightweight and unscented. It does feel a tad bit greasy upon initial application, but the high SPF amount outweighs that “con” for me. Plus — no white cast! I will be using this all summer to protect my pale skin from too many rays lol",2020-05-07
P378852,5,"Besides having combination skin, I also have acne issues every now and then. This product has actually helped me quite a lot with moisturizing the parts that need it without making the oily parts overly greasy. Gotta admit that at the beginning I was a bit concern with this as it was my first time trying clean products and boy it did not disappoint. It has also helped me A LOT with my acne (right now I get some few zits every now and then but it’s because of my hormones) so I would recommend you to give it a try!This also has a very citrusy like smell which I fell in love with :)",2019-04-23
P423688,5,I keep returning to this exfoliator because nothing makes my skin feel as squeaky clean. The lactic acid helps to smooth and refine. I always buy the mini size because the larger size started to smell stale after a year or so- it lasts maybe too long!,2019-10-31
P270594,5,"The Vitamin Enriched Face Base has such a dreamy texture. It feels amazing upon application and is so moisturizing and nourishing. It is perfect for dry, mature skin. It works beautifully under makeup.",2023-01-08
P467762,4,"I have been using this product to exfoliate my face and it has helped keep my skin clear. I use it every other night and wake up the next morning with baby soft skin. My only issue is that it tends to irritate my skin sometimes but the redness goes away after about 10 minutes. Overall I really like the results it gives me so I would def recommend this, just be cautious and do a patch test before applying to your entire face.",2021-07-28
P409800,5,"I can’t say enough times how much I love these! I get tired (and lazy) at the end of the day and the last time I want to do is take care of my skin. With these wipes it’s super simple to remove makeup an exfoliate in 1-2 minutes. I also love how there is no need to rinse, which makes them the perfect lazy girl’s skincare tool as well as great for travel. If you’re on the fence just get them, you’ll be glad you did.",2016-10-08
P411540,2,"I don’t know why people are raving, maybe I didn’t do something just right? The color stays green and sure my skin doesn’t look red anymore but now it looks oddly green/grey? I think the formula is very streaky and hard to blend too which doesn’t help the strange appearance.",2022-03-03
P427417,1,"I have to start by saying I am in love with three other Ordinary products and they have been a godsend for my 37 year old combination skin and adult acne. The AHA peel is amazing and I have had fantastic results with the Alpha Arbutin and Retinoids products. I would, however, still get an occasional small pimple (usually gone in a day and no where near as huge as I used to deal with), so I thought I would try adding this to my regimen. Huge mistake for me. Within 2 days, my skin was breaking out all over with several large, painful pimples and pimples in areas I never have acne (my nose). This was the only change to my skin and makeup routine so I can only attribute it to this product. I can see it works for some people which is great but it was clearly a bad choice for me. I’m still a loyal customer of their other products though and swear by them, this is just not for me.",2019-04-07
P248404,5,"Assuming the price stays where it is, I do like it. I double cleanse with it. It does do a good job of removing makeup. I use it just with my hands. It has a nice creamy feel to it, it lathers well, doesn’t make my skin feel super dry (but of course moisturizer is needed after this). It doesn’t irritate my eye area (unless it actually goes in it- rare). The smell is very subtle, and not irritating at all. All in all, I’m happy. Does the job.",2019-08-13
P450271,5,"Absolutely does the job, doesn’t sting the eyes. Has a mild mild fragrance almost like sprite! Love it ! I hope that Farmacy starts packaging it in a tube so I don’t have to use a scooper or my finger to remove it.",2021-02-09
P297524,2,Feels good to put on this mask and have it dry. It feels like it should be doing something. But I didn’t notice any change to my acne or oil.,2013-10-25
P467762,5,"I have very dry skin and I think toner is amazing for people with dry skin, it’s too harsh.",2021-04-26
P456412,5,I really loved this product I received it in my influenster box but it’s amazing and my skin feels amazing just after 1 use,2019-04-08
P409800,5,Works well for removing eye makeup. Purchased while traveling and had no problem with them being in my carry on tote. Mild smell- no lingering sweet odor,2019-12-10
P481817,5,I love this spray! I carry the small bottle with me to refresh during the day and use the larger one at home after cleansing my face. Hands down this is a wonderful product! I just recently discovered this line and I’m in love!,2015-08-06
P394624,4,This cream is nice and thick and perfect for night. There isn’t a strong scent and it really does help moisturize. I think the value is good and the result is nice.,2020-12-05
P394624,4,"I received this product from influencer for testing purposes. I was surprised with how moisturizing this is! It’s perfect for Canadian winters and sits really well under makeup. It’s also a plus that it doesn’t irritate my sensitive skin and no fragrance. My only wish is that it came with a mini spatula as it’s in a pot, but other than that I absolutely love this!",2020-12-17
P443563,5,This is the only product that hydrates my lips. I’ve tried other lip balm but it just doesn’t do justice. I will be purchasing more in the future.,2019-04-07
P392246,5,"This is one of my favorite serums. I’ve noticed a big difference in my skin since I’ve started using this. It helps with my texture, pores and I’ve even noticed a softening of my fine lines/ wrinkles. I use it 2 to 3 times a week and love it. My skin is sensitive and it hasn’t broken me out or anything. Absolutely love!",2022-07-21
P7880,1,"I’m mostly just disappointed in myself for trusting the rating. I am, by no means, a person who gets hung up on how a product smells but, the fragrance in this is just way too strong. It smells like that drink you decide to give a try on vacation and then immediately regret it.",2020-02-01
P460779,5,I like the Skinlongevity Long Life Herb Serum because it keeps my skin smooth and moisturized. I have combination skin so it can b hard for me to find something that moisturizes in the colder months and doesn’t make my skin too oily in the warmer months. This product gives a nice balance.,2021-02-19
P394639,5,This is the holy grail for moisturizers. I have tried so many with my combination skin. Makeup goes on smoothly and face feels hydrated at night. I always return to this moisturizer!,2019-01-06
P480630,5,amazing products! I felt super clean and soft after using it!,2019-10-24
P269122,5,Amazing. Noticed right away after first use. Definitely purchasing. And highly recommend Loved it.,2020-05-23
P248407,4,"This is a very thick super creamy rich solution for dry skin. I do find it a little greasy if you get a tiny bit too much anywhere you put it. This does help heal my super dry winter hands although the smell is not great and does stay with you. It immediatly makes my dry cracking winter knuckles feel soothed and cool. I have very sensitive skin and have used this on arms, legs, hands with zero irritation. I would not recommend for your face at all but great for anyone in a harsh climate or super dry areas of skin. A little goes a long way!",2013-03-15
P418218,5,I use it morning and night. It is so light but packed with moisture and not greasy.,2019-07-19
P297524,2,"I really like what it does for around my nose and chin. I found that it dries out my skin more than solving the acne problem. It was safe to use in the Summer for oiliness, but I could not use it all the time in the Winter. I do not usually have a problem adjusting skin care with the changing of the seasons.",2016-12-14
P218700,2,Will Eventually dry out hair if used daily. Recently read an article stating that it is equal to silicones as it sits ontop of the shaft and does not allow for moisture to penetrate,2012-10-07
P378852,5,"This is my absolute go-to fave moisturizer. I have very sensitive and dry skin with acne if I use anything else. THIS though, I’m telling you is light weight, revitalizing, energizing, and perfect for everyday wear. I put it on in the morning and after washing my face at night and will never switch. Been using it for years now and will continue!",2019-06-04
P481817,3,"I love Caudalie products, this beauty elixir is not an exception! The smell is light and refreshing. I like to use it before my skin care routine and after putting the makeup as the setting  spray. The only issue that I have is the after used half bottle,  it’s so difficult to get the rest of the product out. Most of the time like 90%, it only spray out air instead of the product inside the bottle. So sad to see half bottle sitting on my vanity that can’t use.",2019-08-25
P218700,3,I really wanted to love this product but found I broke out everytime I used it.,2011-05-03
P218700,5,I just bought this last night and used it as a night moisturizer. It seems to have made some of my tinier wrinkles disappear! My lips were chapped and it took care of that too. I’ll definitely be purchasing this again.,2010-12-21
P411387,1,"Not a fan, doesnt do much and I think it broke me out :(",2019-08-02
P429952,5,"Wow! I was so excited to try this, my skin was feeling really dry and very dull during this weather change and I knew I needed a hydrating mask. I’ve used this by applying a thick layer and keeping it on while I watch tv, I’ve kept it on for close to an hour and than I rinse it off with a warm wash cloth and do my normal skincare routine after. It’s really helped give my skin a good boost of moisture and I can always tell how glowy my skin is the next day. I received this product free for my honest opinion in my Influenster box.",2019-10-27
P443352,4,"This product is gifted by Dermalogica. After I use this daily microfoliant, I feel my face smooth and not dry at all. What surprise me most is that it make my face brighten after I use for some days.",2021-10-19
P454380,2,Love everything about this sunscreen other than the fact that it broke me out terribly. Very smooth and flawless application but not worth the amount of acne it causes.,2020-06-08
P417238,5,"Fantastic cleansing balm. Since I have sensitive skin , I was quite reluctant to buy any new product I used clinique for sometimes including the all in one balm it is good and fragrance free. But after sephora staff recommended green clean makeup meltaway balm I paused the purchase and went home and tried the 100 point gift which received last December. OMG....... silly goose me. Why I didn’t try that long ago. Fantastic!! It cleanse s completely without stripping the skin oil Asa well as not that kind of oily Like other makeup removers. Just use little in my palm rub it together message onto the face and eye too. Rinse with water follow by any cleanser. Whaofff!, fabulous  skin soft and supple the whole day. Diffently buying it",2018-04-24
P420652,5,I love this. I use at night and my lips wake up so refreshed and soft. This is perfect for the upcoming winter months where my lips are usually dry!,2017-09-21
P460779,5,This product is magnificent and was very smooth went I first applied on my skin .,2020-07-14
P417238,1,There is nothing green about this product. It contains several skin irritating essential oils and fragrance. I used it once and while it worked well I woke up the next morning and my face broke out so bad with tiny bumps. I never break out. This went right in the trash.,2020-01-24
P441644,5,"This product not only smells but feels good on your skin. It foams and cleans out my pores and makeup. It leaves my face feeling/ looking revived! It comes in a big glass bottle, which I love. When you first open this it comes with a twist off lid (that’s perfect for traveling) and a pump is included as well. I’m so impressed and happy I finally own this. I’ll be buying another one for my teenage sister soon.",2021-12-21
P269122,5,Wonderful product! Dr Dennis Gross Skincare Alpha Beta Extra Strength Daily Peel leaves my skin feeling and looking amazing.,2020-05-26
P297524,1,"This mask doesn’t seem to do anything for me. I’ve tried using it weekly, I’ve tried using it daily... doesn’t seem to make a difference.",2015-04-19
P269122,5,"The Alpha Beta Extra Strength Daily Peel by Dr. Dennis Gross was super easy to use, gave a tingle so you could feel it working and was gentle enough not to upset my skin. Perfect for everyday use. My skin felt firmer and looked brighter. Just do t get it too close to your lips otherwise when you lick them it will leave a nasty taste in your mouth",2019-07-29
P420652,5,"I wanted to purchase this product for a long time. I held off because I thought it was mostly hype. I was wrong. It’s raved about so much because it’s actually great. It looks like the most gorgeous lip gloss, but feels like a hydrating balm hybrid. It soaks in slowly and doesn’t disappear right away. I really am enjoying this. A little goes a long way too.",2021-02-03
P122900,5,"This is the only lotion I can use on my face. I have an oily and dry (combination) type skin. I use clinique oil-free foundation with the lotion. I am very particular with my lotion and LOVE this one, I would be upset if it was discontinued.",2009-04-13
P248407,5,"Major help after a minor burn and freezing cold winter weather. Purchased after my heater went out for 48 hours over the holidays in my apartment built c.1918. To compensate I used an XL heating pad (stupid choice, I know) and accidentally burnt my neck and face. After two days smothered in Aquaphor, FAB’s cleanser and moisture saved me and at a very reasonable price point. I used this  alongside avènes soothing radiance mask, and my skin was back to normal in 2 days. I don’t have sensitive skin so I was back to my glycolic acid peels and retinol in no time. Highly recommend and am happy to have this on hand for cold weather.",2021-01-10
P12573,2,I wanted to love this but I don’t . Every time I put it on it clumps and peels and leaves this white sticky film in the corner of my mouth. It’s super sticky and thick no matter how little you put on. I can’t use it during the day. I just did a lip mask to see if it would make a difference but the same thing happened when I applied this balm. I am going to use it as a nighttime lip balm. Sadly i won’t be repurchasing.,2018-03-25
P309308,5,Amazing!!! But so expensive,2016-11-11
P126301,4,"This is the ingredient list from the package: ethylhexyl palmitate, carthamus tinctorius (safflower) seed oil, caprylic/capric triglyceride, sorbeth-30 tetraoleate, polyethylene, PEG-5 glyceryl triisostearate, water\aqua\eau, tocopherol, phenoxyethanol",2014-08-14
P450271,5,This cleansing balm is my all-time favorite that I have tried. It feels great on my skin and breaks down my makeup SO WELL. And it doesn’t leave a heavy oily feeling after wiping it off like other cleansing balms can. I definitely recommend this product for makeup removal before washing your face. I also love that this is a clean makeup brand. The product is light and the fragrance is very fresh and not overwhelming or irritating.,2020-07-08
P441644,5,"This stuff…. Holy Grail. Seriously. I’ve had trouble with clogged pores and acne since I was 11 years old, and I’ve tried so very many products with almost no success. I resigned myself to dealing with constantly clogged pores forever. Enter this amazing product about a year ago. What a change in my skin!  I was amazed from the very first use at how well it had cleansed my pores. Full disclosure, I used to spend SO much time in front of a mirror, squeezing my poor face, trying to extract all the sebum. Daily. I do still get some blackheads, but it’s nowhere near the level that it used to be. My skin is so much happier now. I do have combination skin and struggle with dryness around my nose and mouth. The only time I have ever felt any sort of tightness after using this product is at the height of winter when my skin is just parched anyway. I have shared with several friends, and after one use they are in love as well.",2021-11-18
P218700,5,"This is great for everything! I use 3 drops each night on my face and neck, and a drop on the ends of my hair. I really think it helps my once a month breakouts. My skin feels amazing and my hair is shiny, not oily. Does not feel like oil on your skin. I’ve been to Morocco and they use this oil for everything there!",2010-12-29
P480612,5,Great under makeup and for dry winter skin.  Makes my skin feel smooth!,2022-01-23
P433520,5,The creamy texture seems thick but it dries to a satin finish. Super moisturizing and really lasts. A perfect accompaniment to the Magic Serum.,2020-05-12
P417238,4,"I love this cleansing balm! The texture is amazing! The one hiccup is its smell. I used the limited edition sweet apple one before I used this one and the smell was more subtle which I preferred. The texture is amazing, it’s really soft and feels like a cold balm on your skin. It takes my spf right off and leaves my skin feeling hydrated.",2022-04-23
P417238,5,The best make up remover I have ever used!! Quick and simple- easy on sensitive skin,2018-04-23
P450271,5,Amazing cleanser! I have oily skin and this left my skin feeling perfect! Really good at bringing all my makeup off and it doesn’t burn or irritate your eyes or skin! I really liked this product!!,2018-03-19
P456398,5,"Always a fan of Shiseido products and this one is no different. The sunscreen applies easily and feels great on my sensitive skin. It smells good, too!",2021-01-20
P42204,5,"Ohhh, this is a fantastic little multitasker :) Love everything about it!!! I even love the cute little tin, as it doesn’t get lost in my purse! *****",2011-12-14
P409800,4,"My favorite thing to take with me when I travel. (No liquids or cotton pads to pack.) I use it as a make up remover (gently hold on the eyes for a few seconds for heavier mascara removal) and an all-over body refresher in hotter climates. Non drying, lovely scent.",2018-05-08
P430337,1,Doesn’t do anything it promises to do.. I used the entire jar and still saw now difference. I even took before and after pictures to really know if it had/hadn’t  been working. I have recently learned skincare that is for cosmetic purposes isn’t held to the same standard and doesn’t have as much active ingredients as skin care for dermatology purposes. Now I’m trying PCA Skin since it’s what my esthetician recommenced and am already seeing improvement! Don’t waste your money on C Rush!!,2019-03-05
P430337,5,"Where do I start? This moisturizer is heavenly. It’s so lightweight and smells so beautifully citrusy but subtle at the same time, and it just makes my skin GLOW and my face is instantly brightened. A little of the product goes a long way so it’ll last you for long and you won’t want it to finish! It’s cold and very dry in Canada this winter and it just keeps my skin so hydrated and glowy and moisturized throughout the day! I didnt expect such a lightweight cream to keep me so hydrated but it works wonders. Definitely will be repurchasing.",2019-01-26
P454794,3,I had bought this because so many people love it but when I got mine I was not super impressed.  I found that it did that same as my $15 water cream honestly if you $68 just sitting around buy it but otherwise you would be better off with out,2018-02-28
P375849,5,"I have fairly dry sensitive skin, but recently (likely with all the mask wearing) I’ve noticed my t zone has gotten very oily, and my pores have gotten significantly bigger. I wasn’t too worried until I really took a close look recently. This essence was very lightweight and absorbed very easily into my skin. While I did apply it all over my face, I mainly focused on how it would affect my t zone and I’ve definitely noticed a difference. It balances out the oil production, while calming my pores, making them appear a bit smaller.",2021-05-28
P394639,5,I have wanted to try this for so long due to the many raving reviews I’ve seen. I was not disappointed. I will definitely be adding this into my nightly rotation of moisturizers. It leaves my skin feeling soft and supple. I now know what I’ve been missing  *I received this for free from Influenster and Belif in exchange for an honest review. All reviews are true and of my own opinion*,2022-02-10
P12573,5,This conditioning lip balm is great for men and their woman. I love when the hubby uses this and shares,2012-01-13
P411540,4,"Great product! A little goes a very long way! I apply this with my finger tips. This provides enough coverage for me that I can skip foundation. The only reason I gave this 4 starts instead of 5 is that I find it to be very thick, so I prefer the color correcting drops. The drops provide less coverage, but they give a more dewy, glowy finish.",2020-05-01
P297524,5,"I don’t know why people are saying this mask “peels“ off...maybe they haven’t actually used it. It doesn’t peel, you rinse it off.It’s amazing, first time using it was last night and I can already see a change in my tzone. Love love love it already.",2012-05-09
P443352,5,"I don’t know HOW or WHY but this stuff cleared up my acne after one use???  I’m a week into using it daily and my skin looks and feels amazing, totally transformed.  I am so extremely thankful I found this product.  It is the first thing that has actually helped my acne without worsening it.  Going to buy more products from Dermalogica right away.",2022-02-03
P443352,5,"I’ve been using the Dermalogica’s Microfoliant for years! I love it because it doesn’t have harsh chunky scrubs, but rather ultra fine rice based enzymes that gently but effectively exfoliate dead skin/debris, leaving skin smooth and soft! I also love that it contains salicylic acid, which is great decongesting pores! I poly to damp skin and leave it on for a few minutes before gently moving it with damp fingertips  in circular motion",2022-08-15
P420652,5,"I’ve tried a few of these overnight lip masks and Laniege is truly the best. It’s goopy when you put it on, but when you wake up, your lips are the softest! For this horribly dry and cold weather, this is a must!",2018-01-09
P441644,1,I DO NOT have sensitive or acne prone skin… this broke me out.,2021-11-04
P433520,5,"I love it ! It feels good on my skin , really creamy and soft texture, I use it in the morning and night and i like that I can massage my face with the cream on !",2021-03-03
P429952,4,I was very excited to use this mask as I heard great things about it. It was quite soft and made my skin soft and hydrated. I love that I can use it as a nightly mask or simply as a daytime moisturizer.,2021-07-09
P394639,5,"I absolutely love belif The True Cream Aqua Bomb! It is really hard to believe that a moisturizer this lightweight can be so incredibly hydrating!  It instantly makes my skin feel soothed and refreshed and when I use it at night, my skin looks so much more supple in the morning.  I love it!",2019-10-30
P458219,5,"I bought this based on a Sephora beauty advisor’s recommendation! I highly recommend. I have sensitive acne prone skin and this is very gentle on my skin. I was actually having a ton of breakouts, especially on my forehead, when I bought this. Within one week, most of my breakouts were gone. This also does wonders for acne scars or age spots.",2021-02-28
P394624,4,I typically have oily skin but I’ve had very dry skin in these winter months so I was skeptical about the thickness. I have found that I can put this on before bed and wake and have my skin feel refreshed and hydrated and not oily/dry. This moisturizer is the best! If I had once complaint it would be the scent but for the results I’m getting I will deal with it!!!,2020-03-22
P470255,5,"I have skin that usually is prone to breakouts when it comes to stuff like this. So I was weary. But, recently I started becoming sensitive to the sun. I get noticeable itchy red rashes with little bumps on my face. I bought the mini size of this sunscreen and will be buying the full size when I run out. My skin looks a lot healthier and I haven’t gotten the red bumps ever since. Solved a problem that not even my prescribed medication could get rid of.",2021-09-08
P427419,4,"It hydrated my skin greatly! My skin was so dry, and in desperate need of a little more hydration, and this came in handy! I have used this and the inkey lists hyaluronic acid serums, and if you’re looking for a cheaper, but still good quality option, this should fit your needs.",2022-07-16
P417238,5,This is the first time I’ve tried a cleansing balm and I love it! It feels so nice on my sensitive skin. And I am enjoying trying a cleanser that you start with a dry face and then rinse off with water. I have very sensitive and dry cheeks but this all natural cleanser is great! I have tried many different cleansers and this is one of the best that doesn’t strip the skin!,2018-04-25
P480630,5,"The Jet Lag mask is a bit thicker than I expected. It feels more like the texture of a tooth paste or mud than a lotion-like mask, which gives you a max hydration feeling.  Apply the mask on a clean and dry skin and leave for 10mins.  After rinsing off the mask, my skin was fully hydrated and felt extremely fresh and energetic.",2021-07-09
P392246,5,"I don’t suffer from acne, in that category I am lucky. this, however, has given me a very natural glow and made my skin extremely soft and I love that. I use this every other night and from day one when I received it from Influenster i have seen my skin become healthier like dipping my face in the fountain of youth healthier.  I will definitely keep this as a part of my nighttime routine. there is just something about the products that Drunk Elephant releases that truly are miracle workers for my skin at least. i am excited to try the new one coming out in January.",2019-12-05
P470255,5,"My favorite sunscreen and primer! I have oily skin so I prefer to keep my layers to a minimum so not having to use a separate sunscreen and primer helps me skip a step without missing anything in my routine. It works especially well under my favorite foundation which is more mattifying, so if you have oily skin it might pair better that way for you. I do find that for other foundations it doesn’t do as good of a job of filling in the large pores on my nose so I often still have to use a pore filler, an easy fix though.",2020-02-08
P441644,5,Does what needs to be done. This is my 3rd purchase and I don’t think I’ll drop it from my routine,2022-01-22
P439061,1,"Not for me!  I have combination skin with some minimal sunspots, I had heard good things about this product so splurged and wanted to try. The 1st few times I tried I could feel a bit of a burning/irritated sensation on my skin. At 1st I thought it was a good thing in it meant it was working, but after continuous use the irritation never went away when first applied . I have a gentle face wash that I would use prior to the toner and even on days when I would use the toner by itself, there always seemed to be that burning feeling. I ended up just giving it to my sister who skin is more on  the oily side, seems to work better for her.",2021-03-24
P7880,3,"I received a sample of this and didn’t think much of it at first. It has a weird cucumber smell but you get use to it. I used it while I was on vacation over the summer, but stopped using it when I got back home. I noticed that once I stopped using it, I started breaking out again. I ended up buying the full size from sephora and noticed my breakouts starting to disappear within days. I love this face wash! It takes off all my makeup (foundation, blush, highlighter) while still being super gentle enough to use everyday. It doesn’t sud, and you don’t need",2016-12-30
P7880,5,love this cleanser!! makes my skin feel so soft and smooth just one week later. only downside is that the smell is a super strong cucumber scent but it washes off obviously so I can live with it.,2019-05-12
P7880,1,"Wanted to tike it so badly, but unfortunately was disappointed. Not sure If i like the effect, it leaves the skin feel clean, but also dry.But it could be Ok, if it would smell nice. The smell is obnoxious and disgusting",2018-10-22
P453816,5,My Holy Grail makeup remover. Incredible product. I first rub it over my dry skin and then wipe it all off with hot wet washcloth and then do the rest of my nightly routine. Love this.,2013-07-28
P460779,5,"I am loving this product. It feels wonderful on my skin and goes on smoothly with a thin, rich finish. I have been receiving compliments on my facial skin since I started using it and I’ve noticed an improvement in my skin as well.",2020-09-11
P460779,5,I received this as a complimentary gift from influenster for free to try and I absolutely love it. I first put it on after washing my face at night and it felt soft and when I woke up in the morning my face was glowing.,2020-07-20
P394624,4,"Very light weight non greasy, hydrates great, no breakouts, leaves a cool feeling on my skin, the hydration last all the way until morning , it is my second favorite to La mer. price is wonderful for such great results.",2019-01-05
P420652,4,"It’s good, yet not sure if it’s worth $20. I do see some results on my lips, yet I think I can get the same with using a chapstick more often.",2020-05-01
P269122,1,Strong smell is unbearable! I literally coughed for the entire time. It is so strong i inhaled it as soon as i opened the packaging and then I couldn’t stop coughing. It also stung and my skin read. But will not continue so not sure if it works.,2020-05-03
P454794,5,"This is by far my favorite moisturizer. I pretty much love the a lot of this brands product. It definitely works well with my type of skin, which is oily. The only thing is that it’s so expensive! Well for me anyway. This only lasted at the most 2 months for me since I use it twice daily. But this will be my go to moisturizer if I’m willing to splurge at Sephora!",2017-09-17
P454794,5,"I’ve never used a moisturizer that I’ve liked more than this!! It’s so light and silky smooth, but extremely moisturizing. My skin looks bright and dewy, but not greasy. It’s truly been a game-changer in my skin care routine! Love the little spoon, but personally would like it in a tube more just for convenience/ease of use.",2019-01-30
P471546,5,"I’m not normally one to write reviews but wow this product is a real game-changer! I suffer from extremely sensitive and uneven skin. This product does everything it says it will, is light weight, and even has SPF (score!). This product has completely replaced foundation and consequently my skin has improved tremendously. Friends and family have even noticed a significant difference. It’s honestly like putting on an IG filter, but IRL!!",2020-06-15
P427421,4,"I love the way this feels when you put it on.  It’s so soothing, and calming.  I got this as a sample for my birthday, and I will definitely be buying it.  I have noticed when the air is dry you may need to use a bit more, which is why I’m only giving it four stars.",2019-11-08
P417238,5,"I literally have never written a review for a product before but I had to for this one…. LOVE IT!I have extremely oily skin that causes a lot of transfer with my makeup, specifically my mascara to my under eyes. For this reason I switched to waterproof mascara. I used to use wipes but my mascara would never come off. With this product, my mascara comes right off! The balmy texture was weird to get used to at first, but it is very worth it for my clean face afterwards. No need to wash with another product after! I can’t say enough about this.",2022-04-17
P450271,5,"Hygienic packaging, melts beautifully, no residue, and amazing scent! My favorite makeup remover of all time.",2020-07-02
P420652,4,This is like my nightly holy grail! Ever since I bought this I NEED it to sleep at night! Without it I feel incomplete. It makes my dry lips so moisturized when I wake up and my lips don’t feel chapped at all! You can even use it as a lip balm underneath your mask or even throughout the day and you don’t need to reapply for hours!,2021-09-07
P441644,5,"I love this cleanser, and bought the mini version to try product out. I loved it so much I bought the full size within a week! It washes off makeup pretty well (not waterproof makeup though) and helps your face feel clean and smooth. Only a little drying (I have combo skin) so definitely recommend a moisturizer after. I use a very minuscule amount of this cleanser in the morning (less than a pea size) and then a little more at night. It’s very convenient because you can leave it in the shower and wash your face. I love the simple packaging and most of all the clean ingredients. If you’re on the fence whether or not to buy this, don’t be...it’s worth every penny!",2020-03-28
P442563,5,"LOVE this product! This product really packs a punch.  It gives me a very similar result to the Drunk Elephant TLC Sukari Babyfacial but for a fraction of the price.  I would not recommend if you have sensitive skin or compromised skin, like a sunburn or something.  It’s definitely worth a try since it’s so affordable.  It makes my skin look and feel so much more healthy and clear after I take it off.  I highly recommend incorporating this product into your weekly routine!",2019-11-01
P441101,5,I can’t lie I hate the price but I can’t live without this product. I have extremely dry skin and this is the only product I have ever used that completely transforms my skin into a dewy skin feel. I have never gotten so many compliments on my complexion in my life.,2019-07-27
P269122,5,"Great product, really felt the product working on my skin after the steps, easy to use and effective.",2019-08-13
P394639,5,Love how much hydration this provides! My skin has been really dry all spring and my standard moisturizer isn’t cutting it. I love how refreshed my skin feels after using this product.,2020-04-24
P456398,4,I really like this sunscreen! I received it through Influenster to review. A little goes a LONG way so this bottle will last forever. I prefer to use this on my body rather my face—the texture was a little more oily than I prefer for a facial sunscreen. It has a nice scent too. Overall I recommend!,2021-01-09
P394639,5,Such a good moisturizer. It’s a gel moisturizer that is super light weight and makes my skin feel so refreshed and moisturized.,2021-05-06
P411387,4,"On the hunt since my last facial wash was discontinued. I love the YTTP moisturizer, so thought I would give this a try. Love the packaging, it’s great! I can see how this wo is be good for any skin type. This is great for not stripping oil from your skin and has a refreshing feeling. Leaves skin feeling clean. The only downside is it struggles with removing makeup during my pm wash.",2017-11-26
P423688,5,This is such a beautiful formula I am a huge believer in exfoliating every day I use this on myself and on my husband this formula is soft and useable morning and evening and I typically use mine with a Clarisonic. I love the results of the new skin and the gentle approach that leaves my skin fresh clean and clear. I am in my 30s and my husband is in his 40s we both use this and we both love it. One bottle will last you close to a year as you need very little. This formula is activated when wet so really make sure that you massage it with a decent amount of water before applying to your face in a circular motion. Hands-down my favourite exfoliater.,2018-06-13
P420652,4,"Remember Lip Smackers? This is Lip Smackers for grown-ups except it’s in a jar instead of a tube. I feel ridiculous for paying this much for Lip Smackers, but if you want to be extra bougie...",2020-12-30
P269122,4,"I was pleased with the results of this peel, but not thrilled with the feeling of getting there. I understand peels are inherently not comfortable which is why I gave this 4 stars. At the end of the day it works, but I would caution sensitive skin types to steer clear.",2019-05-22
P456398,4,This sunscreen is great and is invisible when rubbed in. It’s is nice and lightweight and does not feel greasy. I do not usually have a problem with fragrance in products but some people might have an issue with this product because it does have a fairly strong but good smell to it,2021-01-13
P7880,5,"What I use for my shower face cleaning. I’ve been using Fresh products for years. I have the Sugar scrub for my face, the Cocoa scrub for the body, Rose facial .. It’s amazing stuff. The soy face cleanser makes your face feel clean but not tight. It’s good for you!",2018-05-09
P458219,5,"Hands down the most important/consistant part of my skincare regime. I’ve been using it religiously for over 2 years now & wouldn’t trade it for the world. It acts as a toner & essence all-n-one. This product and my staple moisturizer have absolutely transformed my skin. I can’t say it enough, everyone should be using this product🔥🐐🤩👌",2022-09-29
P411540,2,Really disappointed in this face cream. I’m super fair and this washes me and and looks chalky on the skin. Im a big fan of the cicapair cream so I had high hopes for this but sadly I don’t think I’ll even finish the sample.,2018-04-19
P411540,5,"Lightweight and effective, new routine staple fo sho",2021-07-22
P470255,5,"Absolutely love this sunscreen. I have combo skin and it definitely helps mattify it and makes my skin feel like a baby’s bottom. It’s pricey, but worth it to not look like an oil slick and to be protected from the sun! Will definitely be purchasing for the long haul.",2021-07-24
P441644,3,I did not see any changes I still broke out and they were very inflamed ones. It’s worth a shot but I will not repurchase,2019-04-22
P427421,5,Love this stuff! I use it in the morning and night. I have very sensitive skin and this didn’t cause any issues for me. No breakouts or irritation. I’ve noticed a change in appearance of my skin and I love it. It’s much softer and more “glowy”. It also keeps my face hydrated enough through the day.,2018-08-31
P430337,5,I was so excited to receive this from all Hendrickson an influencer as a gift! I don’t know how I lived without this! My make up so amazing throughout the entire day! It stays hydrated and moisturized! I have very dry skin and dum I was so excited to receive this from all Hendrickson and influencer as a gift! I don’t know how I lived without this! My make up so amazing throughout the entire day! It stays hydrated and moisturized! I have very dry skin and dullness!,2018-04-09
P378852,5,Leaves my skin so soft and it smells amazing!!,2018-05-09
P7880,5,Takes off make up without drying,2018-02-04
P420652,5,"my lips are so plump and soft ..been using it for over a month now ,and can really feel and see the difference ..",2020-07-19
P441101,2,Doesn’t really absorb into the skin. Disappointed because I wanted to love it.,2020-12-27
P458219,5,"i absolutely love this product!!! it feels so light and refreshing.... perfect for a summer toner. and all clean ingredients, nothing harsh inside. would buy again!",2020-07-12
P423688,4,"Received my sample complimentary from dermalogica and influenster.I tried it, it’s ok but i feel a little  tingling in the skin. It’s a great product clears your skin and leaving soft skin after I wanna keep using more for better result.",2022-08-24
P232903,2,"Although not effective at all on cystic breakouts, EradiKate did a great job of drying out regular pimples.",2019-11-05
P248407,5,"First off, this is so easy on the skin. It doesn’t burn, have a bad smell, or leave your face greasy. I use a dime size to cover my entire face before makeup or after showering/wudu. I buy the largest bottle and it lasts about 6-7 months. A little product goes a long way, which makes it worth the money.",2017-10-17
P411540,5,"I received a sample of this and I fell in love. A little bit goes a very long way since it is on the thicker side. With that being said, it’s still lightweight and it blends in like a dream after warming it up for a few seconds. The redness doesn’t completely go away, but I did try to build it up over problem areas and it was perfect! I absolutely hate wearing foundation because it always feels so heavy and this let’s my skin breathe while evening out my skin tone. There’s also no transfer! I will definitely be repurchasing when my sample runs out.",2021-02-01
P248404,5,"I have really sensitive skin on my eyes (allergies, eczema, you name it...) and this face wash actually helps it clear up. I break out when I DON’T use it now. It leaves your skin clean and soft without drying it too much. It is also pretty good at removing makeup, without using a makeup remover (if you’re allergic to that too like I am).",2015-08-05
P394639,4,"I liked this product. I think it is a great product for the summer. moisturizes well and is very light on the skin. I think it is a little expensive, I would not buy it for that reason. there are products that do the same and are cheaper. the packaging is ugly. I received this free product from influenster with the proposal to test it.",2021-05-19
P430337,5,"i love this product! I can tell a huge difference in my skin ever since i’ve started using it. Also it smells so good i just wanna bathe in it. With this product, a little goes a long way!",2018-04-18
P420652,3,I found it not ideal for overnight treatment in extremely dry environment. It tends to be absorbed overtime and leaves your lip dehydrated in the morning.,2018-02-11
P42204,5,"Rosebud salve is a great mulit-tasker. I use it on my lips, hands, anywhere that is dry. I always have one in my purse and one at home.",2009-04-05
P378852,5,"I’m not a huge fan of moisturizer because they normally cause me to have breakouts, but this one surprisingly has not! It’s so light weight and smells amazing! My skin never felt oily afterwards which was great also! I have used this product every morning since I’ve had it the past week and have felt revitalized and ready to begin the day! I received this product as a free sample, thanks Influenster!!!",2017-08-05
P7880,5,"This is the ONLY cleanser I will use. I have extremely sensitive skin and until now have never found a cleanser that did not either strip my skin and cause excess oiliness or break me out. This is super gentle and a little goes a long way. Not sure about using this to remove makeup, as I usually just use my makeup eraser first, but just as a cleanser this is great! Highly recommend.",2020-04-22
P411540,5,"This product is great! It evens out my skin tone, I have little red veins on my cheeks and it cover its. It can be worn on its own or under foundation. I use it after my skincare but before my foundation when going out. It’s great that it has SPF in it!",2022-04-12
P456398,4,"I decided to try this product after reading reviews of Clarins. My go-to sun screen for years has been Clarins. Reviewers were claiming that Clarins had reformulated their product. Based upon those reviewers, I decided to try a new product. While Shiseido USP 50+ is a good product, I cannot use it as a sunblock for the face. It’s an oily formulation, so it is long-lasting. I do feel that it stays on my skin well, even with water and sweating. However, it unfortunately overly irritates my eyes. With water or sweating it runs. So, I cannot use it as needed. It’s great for use on the body, but not for the area above or around eyes.  I will go back to the Clarins for my face. Hopefully the formula isn’t radically different.",2020-06-13
P454380,4,i like how it doesn’t leave a white cast at all but it feels kind of silicone like. i haven’t found a sunscreen i love yet and this one was alright.,2022-02-25
P443563,5,Works wonders! Leaves my lips feeling fresh and smooth with a light tint. It’s a little pricey but definitely worth it!,2020-05-11
P270594,5,This moisturizer has been flooding my TikTok for you page for a WHILE so I’m so happy I finally got it. It is a great moisturizer base before putting on makeup. The texture feels amazing on my skin and I appreciate the minimal packaging.,2023-01-13
P471546,5,Holy grail status! A product I will not be without. I use this before foundation or as a stand alone product on days I go makeup free. It evens out my completion and does not irritate my dry flaky skin.,2019-09-13
P456412,4,I love the smell of this cleaner and how gentle it is... it’s not drying and my skin feels so soft after. I love using this in the morning! I received this product as a free sample. I plan on buying once I run out.,2019-05-07
P126301,5,I have been searching for this all my life  best makeup remover ever. No scrubbing and pulling at your face and takes off everything in less than a minute.,2021-09-02
P433520,5,"This moisturizer feels like a dream! It’s soft and honestly gives me rose petal vibes (without any scent). It’s not sticky & doesn’t leave a residue. It’s thick but almost melts when applying so you really don’t need to use a whole lot. Love that it has added hyaluronic acid (I can never get enough). Right off the bat my skin looked my hydrated and glowy (like that model skin look). I now use it all down my face, neck, chest, & my shoulders. This may have just replaced my regular moisturizer for all these reasons.",2022-03-31
P442563,5,"I have really dry flaky skin, and the moment I tried this for the first time I thought it was too strong due to the high aha concentration, but was i removed i was amazed by the results my skin was so smooth glowy, it removed all the dry skin and junk off my face. I have the drunk elephant baby facial and I prefer this over that one.",2019-07-30
P302103,5,"I’ve tried so many lip balms but always catch myself coming back to this one or the OG ones. They’re super hydrating & have helped my chapped lips. I hate waxy lips balms - these are definitely not like that. They’re smooth and glide on your lips like a dream. They are 100% pricey for what they are but if you’re looking to splurge on yourself, I say go for it or wait until the VIB sale to get some sort of discount. I normally wear the original ones during the day because they have SPF in them and use this one at night or if I know I won’t be in sunlight. I’m not a heavy tinted lip balm type of girl, so this one or the one in the brown packaging is great for a clear finish! I do like the rose one as well! All the other colors are not my cup of tea. I definitely recommend!",2022-09-27
P460779,5,"I have used this serum for over a week and it has not disappointed!!!  Firstly, it’s packaged in a cute frosted pump, glass bottle with an accent brown (earth color) top. Next, the product itself is very light, fast drying with a refreshing fragrance (not robust at all).  Most notably, are these two ingredients that have proven their initial worth to me:  the Long Herb (which strengthens and smooths the skin texture) and Niacinamide (which softens our wrinkles and lines). Let me just say, I have honestly witnessed an overall change in my skin within a week.  It has a glow, feels softer, and smoother.  I can even tell a difference in my smile lines!  I am uber excited to see what 4 weeks of application twice a day reveals.",2020-07-24
P441101,5,"For years I’ve searched for a cream that will: moisturize my very dry skin, not be too heavy/work well under my foundation, and not cause me to break out due to my sensitive skin. I have finally found it and I’m so excited! Yes it does feel a little heavy, but for my skin needs it is perfect. It works perfectly under my foundation. For the first time I can remember, I woke up with moisturized skin! As far as break outs- so far, so good! I can’t wait to see my results in a month. I’m so happy Tatcha came out with this cream and I am so happy I found it and ventured to try it. I am extremely satisfied. I love this cream.",2019-07-15
P218700,5,I got a sample and started using it on my hair and skin I loved it so much that I bought a bigger size.. best product!!!,2013-03-25
P456207,3,"This was an ok moisturizer, I enjoyed that it has a thinner consistency so it soaks into the skin pretty quick so you can apply makeup on top and it isn’t going to make your face to greasy. But at the same time I didn’t love it ! I received this complimentary from Influenster.",2020-03-14
P269122,5,"I personally had a great experience with these Dr Dennis Gross extra strength pads, after two treatments my skin feels and looks renewed, it has diminished hyper pigmentation, dark spots, and has even helped me with adult acne, despite being an extra strength formula is easy on the skin, I was concerned about that before trying, but gladly I didn’t experience any adverse reactions, rashes or allergies, just healthier glowing looking skin.",2019-06-22
P418218,5,This is my favorite moisturizer of all time. It leaves my skin feeling incredibly soft and hydrated.,2019-05-23
P7880,5,This is my first time trying out this cleanser. I have been using it for a month now and absolutely love it! The cleanser is gentle - does not strip or make my face dry + it smells like cucumbers. Definitely going to re-purchase!,2020-04-04
P460779,2,"I’ve been using this product 2x a day (followed directions) for the last 6 days and honestly, I’m not that impressed. The smell is nice, but it’s making my skin extra oily and little white heads are appearing regularly. Stay tuned for a review after 4 weeks! (If the bottle lasts that long)",2020-07-24
P420652,4,"Very moisturizing, gets the job done! I’d definitely re-purchase.",2023-01-26
P302103,5,"Extraordinary product.  Masks are wreaking havoc with my lips, but this seems to have brought them back from the brink.  I am very pleased.",2021-02-01
P297524,5,"I love it!! I bought the smaller size going back to purchase the big one. I have combination skin, my T-zone is really really oily and this helps keep it in check the rest of my skin is dry as the Sahara and it doesn’t dry it out even more. It does what it’s suppose to clears pores to the T and it lives my skin feeling soft as satin, bright, clean and amazing.",2016-01-13
P421275,5,"Let’s be honest...these didn’t get rid of my spot in 6 hours.....however, it was significantly smaller and totally went away within 2 days (I put on one each night). For me, that is amazing because it usually takes at least twice that long to get rid of one! I will def purchase these again!",2018-05-08
P302103,4,This smells and tastes yummy- really moisturizing but I wish it had SPF,2014-08-29
P409800,4,"I bought these on accident. I normally get the bamboo ones because I enjoy the exfoliating side...however...while the scent is my least favorite thing about this particular wipe, I have to say I love the way it leaves my skin after I use it. Not dry, not oily, no residue...just right. 4 stars only because of the scent.",2020-02-18
P218700,5,"I had never used facial oil previously but I noticed that my skin felt a bit tight, dull and not well hydrated. I now use this facial oil every morning after I put on my day cream with SPF and I LOVE it. It makes my skin much more hydrated, although not oily, and I feel like I’m “glowing“ more than before. 3-4 drops is enough to cover your face (it shouldn’t be super oily on your face and you should massage it in after your cream), and thus this oil lasts for a long time and is certainly worth the price. Highly recommend!",2016-04-11
P471546,5,This is a great primer/treatment.  I love everything about this product.,2022-01-02
P441644,5,"i’ve been using youth to the people products for years now and love how clean and sustainable their ingredients/packaging are. i don’t have to worry about what i’m putting on my skin! the superfood cleanser smells so good, and is great at removing makeup. i always follow up with the superfood moisturizer for extra skin love - also smells amazing!",2021-07-30
P450271,5,Got this as a sample. Amazing and would recommend to everyone. Goes on so smoothly and gets the job done. Washes off easily and leaves face feeling clean and fresh.,2022-04-04
P433520,5,I really like the texture and feel of this moisturizer. It absorbs quickly and easily and it has no scent. It’s rich without being heavy. I think I found my new go to!,2022-04-08
P480630,5,I had been wanting to try Summer Friday’s products for so so long...I had heard great reviews for this product.. it is one mask that hydrates and also pampers my dry skin...It also has a soothing effect and a little minty smell...after 4 5 days of use i can see that my skin has a radiance after using this product..i definitely recommend it,2021-07-08
P302103,4,"This is a great little lip product. I don’t notice any plumping, but it’s terrific at nourishing and smoothing lips. The less expensive lip products seem to wind up drying my lips but this one continuously hydrates. (wish it did plump though)",2013-11-23
P269122,5,"I had some major surgery about a year and a half ago, and ever since my skin has been sandpapery. A grease slick, but sandpapery. I know, a contradiction, right? And I have rosacea so I have to be careful how I exfoliate or it flares. Well, this stuff does a great job removing that sandpaper feeling without aggravating my rosacea. I got the sampler, and I should probably use it about 2x a week (which I think is what the directions say). But I haven’t done it because I don’t want to run out before I have a chance to go back for the full size! I can’t wait to see what my skin looks like once I’m using it properly.",2012-03-21
P269122,5,These worked great! They are so convenient and easy to use. They left my skin feeling smooth and looking brighter than usual.,2019-06-02
P218700,3,My hair has not poofed up since buying this product! It has actually stayed straight for a whole week! I kinda think it is a bit pricey! My face has seem to breakout more too. I’m really hoping it not the product just from me wearing my hair down!,2010-08-20
P418218,5,Works well for my oily and acne prone skin. Highly recommend,2021-04-01
P421275,5,"These work miracles! I’ve repurchased many times now. They don’t work on all acne types but if when I have something bad, I put this on it and it will be gone in the morning. They are literally magic. Can’t recommend enough!",2019-04-28
P450271,5,"I’m on like my 5th jar of this and I thought it was time to write a review. This takes off my makeup so fast, my showers went from like 30 minutes to 15 minutes. It feel oily I do follow with face wash as part of a double cleanse. It doesn’t break me out with it a win. And it’s clean skincare so can’t go wrong.",2019-09-16
P394639,4,This feels like a gel cream and goes on super hydrating! I have combination skin and it’s been working well so far!,2020-05-28
P392246,1,Highly disappointed.I have had this product for a couple of weeks now and still no results! Also very expensive! For me just didn’t work..Skin type normal sometimes combo!,2016-09-30
P309308,4,"Do not get me wrong, this is a great product. BUT at the price point it is not sustainable for every day use. It gives very quick results so I see it as a product to use when you know your skin has to look good the next day or as a something for using every couple of days. Maybe opt for a lowered priced product for everyday use, my go-to dupe of this is TO’s... very similar but the results are not as immediate as these.",2018-07-07
P232915,4,"I use this product once a week in the shower - the steam opens up the pores even more. I find that sometimes it stings more than others, but my skin always feels just a little bit smoother. I don’t notice any redness on me, but maybe others. Note - you can gently, and I mean very gently, run in circular motions to slough off a little more. As soon as I get out of the shower I slather on creme so the skin sucks it up.",2011-10-12
P421275,5,This product really delivers!  I have occasional breakouts and applying one of these dots prevents a major eruption!,2019-02-25
P394639,5,The ONLY cream you’ll need at night and before you put in your primer in the morning!,2018-06-12
P270594,5,"I received this from Influenster for testing purposes and I absolutely love it! I have used it as both a moisturizer and as a primer before applying my makeup and I honestly like it both ways. It has a thicker consistency then some other primers I have used in the past but it does not feel heavy on the face at all. I feel like it definitely helped fill in my pores and also helped my makeup last ALL day! When I used it at night before bed, my face felt so soft and hydrated the next morning. I definitely recommend this!!",2019-05-17
P269122,5,"I am in my mid-late 20’s and am still struggling with acne. I wish I had this product years ago because this product is definitely a game-changer. This daily peel is extremely easy to use and it made my skin feel super smooth. Even after just 3 treatments, I was able to tell there was a clear difference in my skin. It felt softer, clearer and brighter.",2019-08-27
P454380,5,Fantastic product! I took my sample tube to Cabo for a week. The only part of me that did not burn in the Mexico sun was my face. I like the primer texture and did not break out at all. My makeup looked flawless. There was no funky sunscreen smell either. Worth the money if you don’t have super sensitive skin.,2020-03-09
P420652,4,"I have gone through at least 3 of these in the past 12 months - keep in mind though my boyfriend sometimes steals some before bedtime as well. As suggested by my headline, it is a good product for the price that you are paying! To get the most out of it I would highly recommend exfoliating your lips gently before applying this lip mask. I found that if I do not exfoliate first, the mask will just sit on my lips and stick to things throughout the night or be completely wiped off by my pillow before it can absorb and make a real difference on my lips. I definitely would not expect any miracles from this lip mask, but I will continue purchasing and using because it smells great, lasts a long time, and gets the job done!",2020-04-29
P460779,5,I received this as a sample from pinch me and it works great on my skin !,2020-11-14
P248407,5,"This stuff is amazing. I don’t think I’ve ever found a skincare product that I can call a “holy grail“ until now. It’s not greasy but SO moisturizing. It was able to handle the intense peeling caused by a prescription retinoid and also just does a great job of maintaining healthy skin. Even though I don’t have eczema, it’s also very calming for my acne-prone areas. If they’re irritated when I put it on at night, there’s less redness by the time I wake up. I have combo skin and I don’t find this giving me issues in my oilier areas at all. If anything, the moisture keeps the oil at bay.",2015-02-06
P427419,5,"Very interesting product! First, I love the price & ingredients list, but texture is sort of soapy & strange. This product really works & makes my fine lines less noticeable. I would give this product 4.5 stars if I could because it makes my skin slightly itchy if I use too much. Overall, neat addition to my skincare routine.",2017-12-30
P443563,5,"Holy grail lip balm! I’ve been using this a little over a week and have noticed a huge difference. I’ve struggled with chapped lips no matter what season, and have tried numerous lip balms to no avail. This product checks off all the boxes! It’s not overly thick, so it’s perfect for daytime use, and it just makes your lips look super healthy. So glad I purchased this!",2019-05-15
P409800,4,Really like the soft side. Works great for taking off all my make up BUT I find the “exfoliating” side too harsh and abrasive to the point where it hurts my face. Maybe I’m doing it wrong or have super sensitive skin? I still love this product though. Would buy again.,2018-01-26
P232915,5,Great exfoliator. I use this a couple of times a week and see brightening and a reduction in dark spots.,2012-09-12
P460779,5,I was sent this to review: initial review is the packaging is very heavy and luxe. It has a pump which I appreciate. The serum appears thicker but actually is a bit thinner and two pumps cover your entire face. It feels very nice on the skin and doesn’t have an unappealing smell.,2020-07-16
P411540,5,This is my second time ordering this. I really like it. Leaves a natural look. Conceals slightly but protects from sun. Would recommend,2021-12-27
P427421,5,"Absolutely in love! I have Ben repurchasing this one over and over again for so many times now! Had an unfortunate incident with the jumbo sized protini, however a very very nice customer service professional Kara at Drunk Elephant was incredibly helpful, nice and knowledgeable. She resolved my issue in no time! Thank you Kara!Luv u drunk elephant, you are my favourite skincare brand",2021-06-09
P456207,5,Amazing! I love the gel texture as i feel it moisturizes well with my normal to oily skin. Has a soft pleasant scent. Moisturizes great and doesn’t break me out. Definitely recommend and i love that its clean!,2020-02-26
P420652,3,I found this product was semi moisturizing. I didn’t find it did anything for me over night. I found it was good for a couple hours and then you would have to re-apply. I did get this product complimentary.,2018-06-29
P411387,5,"I love this! To me is very similar and in my opinion an almost exact dupe of the La mer cleansing gel .Fresh clean feeling afterwards, doesn’t dry out face, feels very nice and very nicely scented not strong perfume. Very mild face wash.",2020-04-17
P411387,5,"I absolutely love the actual face wash, and I love that the packaging. However, that being said the pump is not the greatest; it tends to leak out of the side.",2018-06-12
P297516,5,LOVE THIS STUFF! I have combo skin and it dries out my sensitive skin a little bit but nothing a little moisturizer can’t fix!,2018-05-08
P12573,5,"Such an awesome product, my husband barked at me for the price of 7$ a tube but now that is all he uses. It is an excellent multitasker with the spf 25 included. I also got a tube for myself because I snagged it once and he knew I took it and kept asking for it back. Now he keeps it at work on his desk at all times. It is great all year round but especially for places that have lots of dry hot wind or the freezing arctic blasts in the winter. Keeps those lips nice and moist without being too greasy.",2010-08-03
P442563,5,"Believe the hype. Not only has this stuff made my skin smoother by fading out my acne scars but it’s also helped with oil control afterwards! It does sting for a few minutes, but it’s tolerable. My skin didn’t peel or “purge“ like others have experienced, but maybe that’s just because of how oily my skin is lol. And don’t even get me started on how affordable this product is! Two thumbs up!",2019-05-21
P471546,1,It’s a nice cream but I find the consistency chalky when it dries down. It also will make anyone with medium to deep skin tones look ashy af. Please skip if you are minimal makeup wearing girl.,2021-07-06
P394624,4,"I had a really hard time sticking with a moisturizer until I found this one. This has done wonders for my skin. Not fo mention it smells amazingg!! The only reason I gave it 4 stars rather than 5 is because if your someone like me and faithfully uses the product on a daily basis, you’re lucky if it lasts you a month. I think they should give more product for the price.",2017-09-11
P411540,5,love this cream so much! it’s like makeup but without the effort! I suffer from severe acne and hyperpigmentation and it works so well for me. will be purchasing again.,2019-07-20
P392246,1,"I wanted sooooooo desperately for this to work, bought it because Kathleenlights told me to. My skin has never been worse after using this product, my texture has NEVER been this bad, I shook it before every single use and it still didn’t work for me. I’m so sad because it has so many amazing reviews, and it was SOOOOOOOOO EXPENSIVE. I gave it a try for weeeeeks, and I am just done. not worth it for me and I’m so dissapointed because now I have to deal with the insecurity of having really disgustingly textured skin. I’mGlad this works for others but it did not for me. 90 dollars down the drain. :(",2016-09-04
P394624,4,"This product is amazing. I would highly recommend. Its very lightweight and doesn’t make your face oily even after wearing it to bed! It is scented, so if you have sensitive skin towards that I wouldn’t recommend it for you. But I absolutely love this!",2022-01-26
P450271,1,"I highly recommend a cleansing balm that you use before a face wash. However, I do not recommend this one. I used the Estée Lauder cleansing balm prior to trying this one and you can not compare the two. A sephora employee recommended this farmacy one because it was a cheaper option. However, it does not compare, it almost has a waxy feel compared to the Estée Lauder one.  If you want a good cleansing I recommend that one, I notice a difference when I use it.",2019-12-17
P427417,3,"I used this product everyday as part of my daily regimen for over 4 months. Since it has a pH close the skin’s I used it it near the end, since its a gel like product. However it took a while to absorb into my skin and wasn’t good for layer since, when I applied other serums after it, my skin would stat to flake. Honestly didn’t see much difference to my face since I still had tiny bumps on my skin and breakouts on my right cheek. Though I guess some of my scars did lighten up but that was after a loooong while which im not mad about",2020-07-21
P248404,5,Been using this for over 3 months now every morning and every night. It is not harsh on the skin at all. It’s scent free. And smooth to the touch and easily applied to the skin. I have not broken out and my face looks a lot more clearer.,2021-03-28
P248404,4,Love how the cleanser makes my skin feel but it smells funny while applying. At least the smell doesn’t linger on your face after you’ve washed it. I can tolerate the smell but this may be an issue for people who are sensitive to smells.,2015-10-25
P420652,5,Definitely plumping long and nice smell.. I use at night and morning,2019-09-13
P270594,5,"I have used Vitamin Enriched Face Base and I have loved it, I love the finish it leaves on my skin, it leaves my face hydrated and blends very well with my makeup.I recommend them, despite the fact that the product is not very large, I think it could last a long time.",2023-01-13
P309308,5,"I have never written a product review before, this stuff is that good. I’ve always had terrible cystic acne (almost desperate enough for accutane prior to this product) and this product completely cleared my skin in a little over a week with a noticeable difference in redness and pore size, my skin just looks so much better. It can burn and it can be drying. Add it into your routine slowly or you’ll probably “purge“. If your skin is super sensitive use it as a mask and wash it off. It is honestly worth every penny and I’m on my second full size bottle now.",2017-07-19
P455364,1,"I can’t express how much I hate this formula. Maybe if your skin is like super super dry, this might be good, but it doesn’t wash off. It leaves a thick film on my face that feels greasy and awful. Luckily, it does wash off when I use a regular cleanser after, but I could NEVER use just this alone.",2022-10-20
P248407,5,"Ive been looking for a cream for my face for a long time. I have eczema and a mild case of Rosacea, so I have very uneven skin. I was a little weary to try anything new, especially after trying a mask from a beauty store that claims to be made from all natural ingredients, but left me with a swollen face and a trip to the hospital.After using this cream on a daily basis before bed, my skin tone is more even and less red. I’ve had very oily skin my whole life, but now that I’m in my late 20’s it’s also become very dry, and I was unsure what to use, because for years I’ve been trying products that will take the oil away. This cream moisturizers my face without making it greasy at all. I’ve even gone out without foundation on my face, which is not something I’ve done since using a matte foundation to keep my oily and red face at bay since I was 14! I also use this cream on my body for my eczema. I’ve had a terrible rash on my ankle for 6 months now from my eczema that made my ankle feel like a lizard (no joke) with small scabs from scratching it so often. Within putting this cream on it for a week, it has cleared up my ankle more than any steroid cream my doctor has prescribed.",2012-03-20
P439061,5,Omg... So I received this toner as a complimentary gift from influenster for my honest review.. This is probably the best toner I have ever tried for my skin needs...Results overnight! It is a bit strong so people with sensitive skin need to definitely spot test before use! This is going to be a ’Holy Grail’.,2018-12-18
P232903,5,"This works very well. I am actually really impressed. My face has been breaking out the past couple of months & I have tried so many things. I have spent an obscene amount of money on skincare products lately. Salicylic acid, benzoyl peroxide, pimple stickers, etc only work sometimes on certain types of pimples & only at certain stages. Nothing was helping those horrible under the skin ones. This does. It works on all types of pimples at all stages. And to top it off it is really inexpensive. I am so happy I tried this. I will always keep this product on hand. This is definitely a 5 star product.",2019-08-30
P270594,4,Loved the smell and texture of this product. I have fairly dry skin so I found that this has been great as a moisturizer! Having used this product with and without makeup I’ve found it’s quite effective in the hydration department. It has a light scent but nothing overwhelming. The sample size I received to try is perfect for throwing in my makeup bag for when I’m going out of town.,2019-10-04
P411540,1,"I have redness, but for some reason this did not help. It made my skin very white like a ghost.",2022-05-27
P7880,5,"Bought the smaller tube to give it a try; it didn’t disappoint. It cut through mascara, makeup, whatever effectively yet gently. Not too sudsy. The cucumber smell was pleasant. Reminded me to eat my vegetables! And overall it left my skin refreshed and calm and soft. I’m ready to graduate to full sized tube and give the other Fresh face products a go.",2015-11-13
P470255,5,"I hate mineral sunscreens and I was never able to wear them everyday like I know you should do. Then I found this chemical one, and its so smooth (silicone sensitivity beware). I finally got an SPF I wear religiously. It works as a great make up primer too due to the silicones. I understand the ingredients will not be for everybody but if you’re ok with chemical sunscreen and silicones, this may be the SPF for you!",2018-09-26
P248407,5,"A friend recommended this to me for my eczema that I get inside my elbows and the back of my knees. This instantly helped soothe the itchiness, and within a week of using this morning and night, my eczema has s practically gone! This is seriously worth trying if you suffer from eczema.",2018-05-20
P453816,5,"I love this product, I was a bit skeptical at first and wasn’t sure if I wanted to have to wash my face every night to get my makeup off instead being lazy and using wipes, but I’m so glad I decided to purchase this. It’s AMAZING, waterproof mascara, stubborn foundation sticking to dry patches - it takes off EVERYTHING",2018-03-16
P420652,5,"makes my lips so soft, I have the grapefruit one and it smells great,  nothing over powering, also so worth the price, a little goes along way!",2022-05-22
P480630,5,"This mask is seriously my holy grail!!! I swear by it and recommend it to absolutely everyone. I use it as a primer under my makeup, at night, or whenever I need extra hydration. It’s uber soothing and gives an insane glow. The difference in my skin’s overall complexion and texture is insane. Everyone should have this in their beauty arsenal. It’s not sticky, doesn’t leave any residue, but gives an enviably dewy sheen.",2019-07-02
P417238,5,This stuff is so smooth going on. It feels like butter. The makeup just melts off. It wipes off of your face so nicely too. I love the way it makes my skin feel afterward.,2018-03-16
P7880,4,While this is a pricey product for cleansing the gentle scent and ease with which make-up and dirt are removed justify 4 solid stars! Works as beautifully with my exfoliating sponge as it does a soft cloth and skin feels silky smooth and fresh when done for longer than just a few minutes!,2016-03-24
P309308,5,This is by far the best Lactic Acid out there .. It works soo good it’s a everyday skin care item I use .. Your skin will look amazing and feel even better .. Also I have sensitive skin and this works fine ..,2020-02-09
P417238,5,"I received this with my February Play bag and am super happy with it. It’s very gentle and not irritating to skin or eyes at all, yet it removes every trace of makeup perfectly. I’ll definitely be buying the full size and stick to using this!",2018-03-03
P427421,5,***Disclaimer: I received these products for FREE courtesy of Influentser and Drunk Elephant***I received the Protini™ PowerpeptideResurf Serum and Protini™ Polypeptide Cream a few weeks ago and I have really enjoyed using them so far! The products do not have a strong smell and they do not dry out or irritate my skin. My skin glows and feels very refreshed whenever I use these products!,2021-04-17
P454794,5,"I’m in love with this moisturizer, it truly feels like rubbing silk in a water gel form into your face. Always leaves me feeling so smooth and soft and I cannot help but want to touch my face. Does not irritate my very sensitive skin and I even used this while I was having a sunburn and my skin absolutely loved it then to where most other products would hurt or sting. So gentle yet so effective and beautiful to look at. This product is extremely luxurious and even comes with its own coin to help you scoop product so that you don’t need to reach your fingers into the jar each time. Using this product is an experience within itself and I truly believe that this product has helped improve the appearance of my skin dramatically. Perfect for me during the summer when my combination skin gets oily.",2018-08-28
P427417,5,This is a serious game changer for acne prone skin! It’s done what hundreds of dollars of expensive prescription skin care couldn’t do!,2019-04-21
P392246,5,Finally something to fix my uneven skin tones!!!! A product that actually works. I’ve been looking for something to refine my skin and help with my pores as well and this is it! Recommend to all my friends... only product I’ll spend this money on,2019-12-05
P420652,4,Love the feeling of this.. use it at night as per bottle I wish it lasted longer.. wake up with soft lips but does last throughout the day,2019-05-15
P417238,5,They werent kidding when they use the word meltawya cleansing balm. You don’t need to use too much of this and it washes off all your makeup from eye liner to foundation to lip sticks. i love this! I usually use this first to take of my makeup then i use my usually gentle facewash afterwards.,2018-11-18
P423688,5,"I was gifted this Daily Microfoliant, complimentary from Dermalogica, in exchange for my honest review. The following opinions are 100% authentic and my own. I just love using this product! Just the ritual of getting it ready to use on skin is incredibly satisying. It starts out as a dry, powder like substance and then upon adding water it turns into a wet, pasty mixture. After using, my skin is left feeling very smooth, soft, and refreshed. Any flaky, dry patches of skin are gone and baby soft skin prevails. Even better, this Microfoliant is safe to use on skin daily, so all of the benefits of a typical exfoliant but MORE effective and gentle.",2021-10-26
P480630,5,"One of my new favorite products! I have very sensitive skin so I was nervous, but my skin has been amazing lately! I received it about a week ago and have used it everyday since. I typically do it right after my shower. My face has had a brighter look to it and I am so happy to finally be getting the skin I want. I received this product free for testing purposes.",2019-10-26
P411540,5,Omg! Omg! Omg!This stuff actually works! Oh yes please! Thank you for creating an amazing product! I love how it healed my skin!!!!#voxbox I received a complimentary!!,2021-03-14
P441101,3,I have really fine and smooth skin but after using this i “broke out“ in these small bumps all over my face but mainly on my forehead. I kept using it because it was so expensive but finally gave up after 5 months and my face is slowly going back to normal. I am now using this as a neck cream instead.,2019-10-31
P378852,5,"My skin looked noticeably brighter after using this. My family was commenting on how I was glowing! I was afraid that a “gel“ moisturizer would leave me feeling sticky and clammy, but I am left feeling smooth and refreshed! I received this product complimentary from Influenster.",2017-07-27
P427417,5,"It helped with my oily t-zone, and cleared up blackheads and small pimples fairly fast. My skin looks so clear and pores smaller.",2019-04-28
P411387,2,I have combination skin and tried to love this but couldn’t. It dried my skin and I didn’t notice any beneficial results. Was not worth the money to me.,2021-04-29
P454794,5,"Love, love, love this cream.   It feels so refreshing and makes my face very smooth.",2018-07-13
P427419,1,"I’m not sure why this has gotten so many good reviews, but I hated it. It only pilled and sat on the surface of my skin. If anyone wants anything that ACTUALLY works and completely absorbs into your skin, get the marine hyaluronics. I wish Sephora would carry it because it’s lovely. I have very dry skin and I have gone through two bottles of the marine hyaluronics. It’s really watery which some people might hate, but it does the exact same thing as hyaluronic acid but it actually absorbs and moisturizers the skin. thank you for coming to my ted talk LOL",2019-11-26
P411387,5,"I have oily-combination skin and acne and this cleanser is so gentle and leaves your skin feeling so refreshed and clean without drying it out. It is pricey but it’s SO worth the money and is very long lasting, my acne improved and it keeps my oil in control. This is my fourth time buying this product and I really recommend at least trying the small size (even that will last you a while)",2022-02-06
P427419,4,"This is my absolute favorite hyaluronic acid, you can’t beat the price and I think it’s comparable to any other more expensive alternative. It’s plumping, hydrating, and makes your skin more glowy. Just have to make sure your skin is wet when applying, and it sometimes takes a bit for the product to sink in + for your face to stop feeling a bit greasy from application.",2021-08-28
P441101,5,"Love it. Smells amazing, and keeps my skin very hydrated. I had the water cream before, which for some reason just dried out my skin more, but this stuff is super moisturizing and smooth.",2019-04-25
P411387,5,"I got this two days ago in the Sephora simpler bag!. I didn’t even know about this product! I love it so much already. It has me glowing and this is only second night using it. I have always had pretty skin (thank god for that) but now it’s even better. It helps me a lot with my oily skin ! And let’s not forget the ingredients though!! Spinach, kel, etc you can not go wrong with this ! I highly recommend! Yes I am buying again !",2020-05-29
P411540,5,Got this in my voxbox and omg it is amazing. Smells great doesn’t leave an oily feeling on your skin. Leaves skin nice and soft I received this product complimentary for review purposes.,2019-08-15
P417238,4,"This removes makeup just fine. I probably won’t be using this because of the citrus ingredients, but felt compelled to also leave a review since there are several spreading the exact same misinformation. This is a balm, meaning that polyethylene is perfect for binding together the ingredients. There are NOT beads in this. It’s very smooth and melts onto the skin perfectly, and doesn’t irritate the eyes. Literally looking up ’polyethylene makeup’ will give you the same answer. Not every product that lists this as an ingredient has beads in, and it’s also used in a TON of other makeup products. ANYWAYS, I would recommend if you don’t mind citrus in your beauty products (it contains lime, orange peel, Bergamot, and citric acid). I use products that already make me sun sensitive, so this may be something I use sparingly/in the winter time when I get less sun.",2019-10-22
P411540,5,"I truly love this product for a no makeup look. I have highly sensitive, acne prone skin and a lot of foundations break me out, but I like to cover up my dark spots. This has helped so much. It’s trick to put on though and if you do it wrong you’ll probably hate it. Don’t rub it into the skin. Dab it on all over and then gently push it into the skin then it’ll blend much better and won’t pill!",2020-10-26
P454380,5,This by far the best sunscreen i had. Very light and it didnt break me out.,2020-11-14
P420652,5,I’m obsessed with this lip mask. It feels and smells so good. When I wake up my lips feel hydrated.,2018-10-23
P429952,5,so good. love love love. easy breazy to use... left my skin feeling smooth and calm.,2018-03-19
P441644,3,"Used this during my pregnancy as it was recommended by a Sephora Rep for being baby safe. Scent is nice and clean, but the price is kind of absurd for how much you get.I found it makes me break out every single time I use it. Would not recommend for oily/acne prone skin",2022-10-12
P232903,5,So I did my research and this was the ultimate acne treatment. The reviews spoke for themselves. I was a little skeptical that a pimple could disappear over night but I got a sample for Sephora and that is actually what happens. Worst case scenario the deep ones might take 2 applications. Some of the bad reviews mention dryness but I have very dry skin and I didn’t notice anything severe. I put moisturizer on then apply Eradikate on the spots. The sample I got was mixed up and it still worked magic! I since bought the full size bottle and Im still amazed every time I use it.,2014-07-03
P392246,4,Love the way it changes my skin texture! Brighter complexion and super light.,2018-05-09
P218700,5,"I love this because it hydrates, soothes, and helps my skin, which is currently on Retin-A. It leaves my skin nice and dewy looking, without causing breakouts, and also doesn’t make my skin sting!",2013-08-27
P270594,5,"This product is great! It is a great consistency and does not feel greasy or oily on my skin. It makes my  skin feel softer, smoother, and more moisturized! I love how it has vitamin B, C, and E! It makes a great base for my makeup.",2023-01-10
P427421,5,"A must-have for my nightly skin routines. I was hooked after I received the DE Sephora Birthday gift. I woke up the next morning, and it’s like my skin said, “Good morning! Thank you!” My usually sensitive skin with blotches of red was calm and plumpedIt’s a thicker gel-Cream moisturizer but somehow gets absorbed into the skin super quickly. It’s a great night cream for me because it absorbs quickly into my skin despite its thicker consistency.",2019-04-26
P422905,4,"Very thick and light at the same time. Smells fresh and feels silly...almost watery when applied. I have not noticed any drastic results, however I have very dry skin and have not had any rough patches around my eyes since I began using...so that is a plus for me! I received this free from influenster and would recommend it!",2017-12-27
P269122,5,I received this as a free sample from pinch me. I have super sensitive skin and was very scared to try it but I did.  My skin didn’t burn or itch which was great. I would buy again dr denise skin care absolutely.,2020-07-12
P420652,5,"Not limited edition! 5 stars cuz the products good but, you can get all these flavors on YesStyle or Jolse for a lesser price. Like these have been out for quite some time and idk why they’re trying to get you to think these are limited in any way! Buy them for a better price somewhere else tbh...",2018-08-08
P232903,4,really good but you gotta use it for a while to see the pimples calm a little,2019-07-02
P417238,5,"This stuff MELTS makeup off in SECONDS. It’s pricey, but you don’t need much at a time, and it saves you time and eyelashes. Give it a try, if you have some extra coin lying around!",2019-02-11
P375849,5,"I really loved using this product! It has a lightweight formula that left my skin feeling soft and smooth throughout the day. After using it for about a week, my skin was noticeably softer. I have normal to dry skin, and it kept my face feeling hydrated.",2021-07-06
P411387,5,"I can’t emphasize enough how amazing this cleanser is. I have normally very oily, acne prone skin and I wear makeup daily. My skin feels so clean, yet not dry or tight, easy to rinse everything off as well. Get it, you won’t regret it.",2020-02-01
P420652,5,"I had this years ago but hardly used it and it got dirty so i threw it out, but i have a mini one my sis gave me recently that i gave to her, she gave it back to me that i had from long time ago and and ah, delicious. i must’ve got it as a sample or promo, but it’s delicious, so hydrating, smells so good, i apply it at night before i go to bed. laneige is such a great invention!!! juicy lips, great for winter time too, anytime really. dry lips? say no more, get this stuff! hydrates incredibly, although it says “sleeping mask” dont be fooled, you can use it in the day time too, anytime really. no rule! i’ve done it, no harm. haha, and also i see how some people wash it off in the morning as it says but i have never followed that, done that and nothing bad has happened so i shall continue to not wash it off the following day. yummy tasty hydrating lip balm that hydrates so deeply and plumps your lips, heals them. love!!",2021-09-21
P441644,5,"i had to try this being that i have sensitive skin that sometimes breaks out. I am so shocked at how good this cleanser is! After washing my face, i noticed my skin wasnt really dry, it felt nice and clean and smooth. I think people with sensitive, dry, combo and oily skin can use this. I love the texture and the ingredients of the cleanser too! It smells healthy and it feels like a dream. Try it out for yourself! Im glad i got it and will be buying more.",2021-06-10
P470255,2,"It has a great feel and texture and goes on literally invisible under your makeup, so I can see why people like it. However, I am not acne prone at all. I never break out, and I ended up with whiteheads all over my face. Reading other reviews, I am seeing many people with the same issue.",2021-06-18
P455364,2,"I have no idea why y’all hyped this cleansing balm up so much because it’s awful. the formula separates really easily, at least for the few bottles i’ve ever seen/tried, and the grainy pieces are offsetting. it doesn’t do a good job at cleaning eye makeup and feels very heavy and greasy. even after you work it into your skin it doesn’t seem to work as promised",2023-02-18
P378852,4,"I actually have fallen in love with this moisturizer so far. The smells is awesome and it lays so beautifully under makeup. It absorbs relatively fast and leaves a nice glow on your face. I have noticed mySkin feeling better even at the end of the day. Not as dry and patchy. I have not noticed yet a substantial difference in tone yet but I have only been using a few weeks . It feels so cooling and creamy going on for a gel moisturizer. The days I don’t wear makeup I use still with my sunscreen and sometimes dab a second layer on mid day if I need a boost. I know 100% I will purchase when I run out. I will also be telling as many friends and family as I can to try this out. I have a tough time finding moisturizers to wear with my makeup so that’s why I am so excited to have this in my skincare routine now! I did get a chance to test and review this for free thanks to Origins and Influenster , but it is entirely my opinion that this stuff is amazing!",2017-08-04
P420652,1,"Read some reviews saying that the different “colors“ weren’t as effective than the original but thought that it couldn’t be THAT different and purchased the Sweet Candy one anyways.... It’s garbage. I have been using it for months and even when I cake the product on my lips and sleep for 12 hours, my lips look just as bad the next morning. Only way this product does anything for my lips is if I use it every night without breaks and even then the difference is minimal. I purchased the full size after using sample sizes of the original on and off for years and finding it to be the only thing able to rescue my lips overnight. If I ever purchase this product again, no matter how tempting the fun scents are, I will buy the original.TLDR: stick to the original!",2022-09-08
P126301,5,"My absolute go-to makeup remover. I use this as a first cleanse, and then go in with a more targeted acne product. This is gentle, doesn’t bother my eyes, and doesn’t leave any film on my face. Easily removes makeup, whether it’s a full glam look or more natural makeup. Highly recommend.",2018-02-14
P420652,4,This stuff is incredible. I use it everyday and night and have noticed pretty good results. Not oily or sticky.,2021-01-09
P378852,5,"Being lightweight and having a gel consistency is exactly what I need for hot, humid summer days. Having dry, sensitive skin, I was cautious and used this sparingly at first. Then i noticed that as each day passed, I would use more product because it would properly quench my dry skin without making me greasy or break out. I am hooked on this as my daytime moisturizer. The scent had a positive aromatherapeutic effect that helps me begin my day in a good mood. It leaves my skin dewy and balanced. I did receive this complimentary for my review. However, anyone who reads my reviews, knows I’ll spill the tea if necessary. I feel it important to share I am pleasantly surprised and impressed by Origins!",2017-08-14
P411540,4,"This product is works but I don’t think its for all over skin use but rather it is for spot correcting...at least that’s how I used it on myself - specifically around my nose or over areas of irritation where a pimple was coming up. After using this with the other products from this line (serum, cream, etc), I truly feel this works for me! It smells so good and botanical! I did receive this product as a sample and this is my honest review.",2019-09-25
P309308,5,"I can’t stop using this. I’ve used it off and on for a few months and now I’m 3 weeks into actually using it regularly. It’s by far the best Sunday Riley product I have and it’s an essential part of my routine. I’ve noticed a drastic difference in the texture of my skin, as well as the color. I’ve always had a problem with redness and it’s finally gone away with this.",2018-05-24
P392246,5,"This serum changed my skin from the first week of using it. Buying my 3rd bottle and upgrading the size since it’s the best skincare I have come across. After using this serum, I have gotten so many compliments from people around me for my skin. Will continue buying it and would recommend it to anyone.",2021-05-07
P394639,5,This moisturizer is very hydrating and doesn’t leave white patches on the skin. It works well for all skin types also and the smell is nice. I received this product for free but will definitely purchase .,2020-05-20
P392246,4,"This serum in conjunction with the Lana Retro moisturizer is amazing! I use this every night after washing my face and I can’t tell you how good my skin looks when I first wake up. It’s hard to find a moisturizer and serum combo that doesn’t leave my oily face super greasy in the morning, but this works so well! Definitely one of my favorites!",2019-12-14
P450271,5,I recently tried the DE balm just to try as I’ve been using this one since it came out and it is no where close to how good this one is!!!  I wear waterproof eye makeup and this makes it all disappear.  Doesn’t leave a filmy feel on my face afterwards.  Love love love this balm!,2020-02-15
P420652,5,Love this. Love love love this product. Makes my lips so soft and plump. I definitely use this during the day as well. One of my favourites.,2020-02-13
P417238,5,"I love this product. It removes my most stubborn mascaras and eyeliners and really breaks down my makeup for my cleansers. It is super gentle especially around the eyes and a little goes a long way.  It smells fresh and clean but not too heavy. Could not be more in love. For the price, you get a good amount. Will repurchase for sure. Doesn’t leave too heavy of an oily residue on my skin. The brand knocked this out of the park especially being CF!",2018-04-21
P411387,5,"I have combo skin and I noticed an immediate difference using this for the first time. My skin felt clean without being tight or dry, and the smell is really nice!",2020-07-18
P430337,4,Absolutely love this!! Absorbs quickly and smells amazing!!! Been using for over a week and definitely see an improvement in my skin,2018-04-20
P478030,5,This cleansing balm made my face feel smooth. I have sensitive skin and I’m very careful of what I use on my face. This balm is great!,2020-03-24
P441644,1,"I received a sample of the Kale + Green Tea cleanser and was very disappointed.  I’m 45 with normal, T-zone skin.  I usually clean my face with the Cerave cleansing bar and have the standard “reduce as much aging as possible“ concerns.The first thing I noticed about this cleanser was the smell.  It had a fragrance as soon as I opened the package.  Still I continued to use it, the cleanser just got more fragrant as I used it.  Some people might like the smell, but a lot of scents can trigger migraines for me so I stay away from them. Luckily I did NOT get a migraine from this scent.The other thing I noticed after using it was how tight my skin felt afterwards.  That I really didn’t like and doesn’t happen when I use my Cerave bar.Needless to say I will not be using the remainder of the sample.",2021-11-18
P297524,5,"I use this after steaming my face with the Dr. Dennis Gross steamer. My pores are smaller, and a closed comedone I’ve had for over 2 years is now gone!",2014-10-18
P427421,5,The formula feels refreshing especially when paired with serum,2021-04-26
P480630,5,Not much to say besides BEST mositurizer EVER,2018-07-13
P218700,3,"This product was nice and light. Soaked in nicely however, I didn’t find that it was worth the cost for me.",2014-01-09
P248407,5,"I find as I get older I’m streamlining my routine so I use Ultra Repair Cream on face and body which saves both time and money. Have been using during a dry winter and not only have my face, hands and body been moisturized but it is also non-irritating to my eyes. Six-ounce size good for lockers but wish it came in a larger size for home use.",2013-02-11
P422905,5,This cream has surpassed my expectations. I should start by saying I am currently on accutane (an acne medicine) that completely dries out my skin. This cream has been a blessing. My eyes feel so moisturized and immediately relieved when I apply it. I am tempted to rub it all over my face but I don’t want to run out! I have received this product complimentary for review purposes and I am so happy I did. Will be buying again.,2017-11-25
P456398,5,"I got this in the Sephora Favorites sunscreen set and it’s a nice sheer liquid that seems oily at first but then absorbs quickly and leaves your skin looking glowy and hydrated, and it doesn’t make my face feel gross after wearing it all day. Love it and would definitely purchase the full size.",2020-06-01
P443352,5,I was gifted by Dermalogica in exchange for my honest opinion. I love all their products and I was so excited to try this one. It is a great and gentle exfoliator that works amazing! Specially on the blackheads ony nose!,2021-10-12
P429952,5,"Summer Fridays Jet Lag Mask is gifted by Summer Fridays. I love it! It helps hydrate my skin, and provides antioxidants. I like to use it at night time after a long day. The next day, my skin looks renew and radiant.",2021-07-01
P248407,5,I got this as a free sample. I live in northern Nevada where it’s really dry. My skin has been extra dry lately and I have dry flakey patches on my chin and cheeks. I love the colloidal oatmeal in this. When I use this it soothes my face and makes my face feel velvety soft and glowy. Not greasy,2020-05-10
P456207,4,Great product for oily skin! Definitely makes you feel moisturized instead of oily. This worked great on my nose (which is where I tend to get oily). It’s lightweight as well!,2020-04-03
P7880,4,"Love this, not too drying.",2018-01-28
P378852,5,This moisturizer is one of the best to get your day started! It boosts the skins radiance and the scent is nice too. It’s such a pick me up moisturizer and makes Monday mornings a little easier :),2014-06-01
P427421,2,"Although this product has received amazing reviews (which are completely valid) I am sad to say I don’t think it is the right one for those with sensitive skin. I have been using clinique all my life and looked to switch with Drunk Elephant due to the high reviews. However after 2 days of using this and the jelly cleanser, my face began to heat up, burn, and itch. I began to see redness on my cheeks mostly. I reacted poorly to it. Luckily it was a “birthday gift“ so I used the little gift as a tester for my skin, I was glad I did before even thinking of purchasing this expensive thing. Im sure it works for most girls but for sensitive skin ones like me, this ain’t it champ.",2019-08-05
P218700,5,"This is an amazing product! From the first time I tried it, I fell in love with it and now have to use it every single day. If you’re skeptical because you think it’ll be greasy, I assure you it isn’t. Your skin drinks it right in. It can be worn alone as a moisturizer, but for an extra punch I put a Perricone moisturizer on top.",2011-10-17
P418218,5,"My go to warm weather moisturizer. It’s so light and soothing. I love that it doesn’t feel heavy or greasy, yet still moisturizes my skin beautifully. I’m a big fat ha fan and this is one I always have in my beauty arsenal. The 50mL lasts a long time because you only need a small amount of product per use.",2022-03-28
P269122,4,Having sensitive skin is always an issue for me. Overall this product works great but the first time i felt a little dry so i used a moisturizer to help. But I still use it to this day.,2020-05-26
P420652,4,"LANEIGE is one of my fave brands, and this product is no exception. I’ve tried 2 flavors and can’t wait to try more!The texture on my lips is great, and it does moisturize well. I took out 1 star because it doesn’t always moisturize 100% since I wear a lot of matte lipsticks...",2020-06-29
P427419,5,let me start off by saying I have extremely acne prone skin. This is my fav serum and it genuinely helped clear my skin so well. For the price there really is nothing better on the market just use it on damp skin,2023-02-19
P426183,5,"I always come back to SK-II! I’ve been using this for about 8 years, and started when I was having major hormonal breakouts after coming off contraceptives. This literally soothed my angry skin from all of the acids that I was using to clear the acne. It kept me hydrated and helped keep redness down. I now have great skin, but I continue using it as a hydrator before my serum and moisturizer. I’ve tried other essences, but this one is by far the favourite!",2021-11-16
P455364,2,"I love this brand, but this was a flop for me. I really thought it was just the mascara I was using, but then I bought the Farmacy make up removing balm. I had bought it before, but it has been quite a while so I couldn’t remember how well it worked. Mascara is my biggest issue, and I felt like I was pulling out eyelashes trying to clean them using this stuff. I use the Lancôme drama mascara right now. Just spend the money on the Farmacy balm, you’ll thank me later.",2021-05-01
P411387,5,"I love the fresh scent and consistency of this face wash. It foams up really nicely and doesn’t make my skin feel dry like other washes. I went through the standard size in about six months, and am now reordering!",2020-11-25
P478030,1,"This is the WORST cleansing balm I have tried this far. This brand is usually good for the most part BUT this smells off, gritty, feels like Vaseline and left a residue on my face. I did not care for this at all. I wanted to love it BUT its a thumbs down for me!",2022-06-08
P394639,2,Product left a greasy film on face. Did not feel overly hydrating because of this. Had to return.,2019-08-09
P454380,5,"I would definitely recommend this sunscreen Especially to my brown and dark skinned girls looking for some sun protection. I have a sunscreen sensitivity, I break out into small rashes in the areas the sunscreen is in. This hasn’t done that and it’s been a 2 weeks of everyday use. It hasn’t broke me out, give me a rash, nothing. This was the best recommendation I’ve ever gotten from a Sephora employee and I trust NO ONE in a Sephora uniform lol. The consistency of this feels like a primer (mainly the smash box photo finish or the maybeline baby skin primer) and it feels like butter in the face. It’s translucent with a slight yellow tint. I apply this after my moisturizer everyday, even if there’s no sun out. There’s no type of cast on the skin (and I’m a dark skinned girl) I love that my face still feels hydrated and it has a slight velvet matte finish for a few hours but of course it will start to break down like any other sunscreen out there. A little goes a long way. I love how my skin looks with it on and even after it breaks down.",2019-04-09
P7880,5,I tried everything from pharmacy to french brands to luxury products and this cleanser reduced my acne in a week. Tried the cleanser from Sephora’s Sept. Birthday Gift and it was truly a gift! Bought the full size the following day! The cleanser is a bit on the watery side than most other cleansers so you don’t need to use a lot and does the trick!,2016-10-25
P470255,5,"I absolutely love this sunscreen. I have had it for a few weeks now and this is now my second favorite sunscreen behind the Supergoop! Glow Stick because I personally prefer a dewier finish and I have dry skin.This sunscreen easily melts into the skin and does not leave a very shiny or matte finish, it looks more natural in my opinion. It doesn’t feel like there is a layer of product, it almost feels like nothing is there. My favorite use case for this sunscreen is when I’m working in my home office which has quite a few windows.Sometimes I’ll use serums in the morning, and this sunscreen doesn’t pill up or get gummy when applied on top of another product.",2021-05-20
P471546,4,This product reduces the redness in your face so much and really evens out the colors on your face. a little product goes a long way and it helps to warm it up between your fingers before applying. At first I felt like I looked a little crazy but as it settles into your skin its very natural,2021-03-14
P218700,3,"I must say I expected more from this product. I didn’t have any problems with the product but I also didn’t have any improvements either. I’ve had much better results using plain, organic coconut oil. Coconut oil has improved the texture of my skin and greatly decreased the redness on my face.",2014-07-31
P232915,5,"I know some people don’t like the smell, but I really like it (kind of a cinnamon-like). It tingles when you leave it on for the 1-2 minutes it recommends but it leaves my face feeling clean - I got a free sample and bought the full sized one! Definitely best for oily/combination skin because it can be quite drying (which is what I need), so watch out if you have normal/dry skin.",2016-04-26
P450271,5,A product that actually works! This stuff really melts off my makeup so easily. Gentle on the skin as well. Just finished my first balm and I’m purchasing my second now.,2018-10-29
P392246,4,This is my 3rd purchase of this product. It works at evening skin tone. I just wish it wasn’t so expensive for the amount you get.,2020-03-21
P411387,5,"I got this in one of the Sephora Favorite during Christmas and I loved it.  The same kit also has the Glow Recipe Blueberry Cleanser.  Both cleanses really well however I find the Glow Recipe is very drying.  It leaves my skin feeling tight and dry after, and thats on my oily skin so its a big no.  This YTTP cleanser does not cause dryness and my skin is less oily after using it.  It also smell amazing and a clean product so why not.  Appreciate that it comes with a pump as the sample size(a glass jar opening) was hard to dispense.  I hope they will come up with refill pouches so I can reuse this glass jar.",2020-04-24
P471546,5,This is the most magical product ever. The tiniest bit on clean skin makes you look like you’re walking around with an Instagram filter on. I wear this with just a teeny bit of blush and eyebrow gel on top and I feel like I look better than when I wear a full face of makeup sometimes.,2021-03-30
P309308,5,"This item was gifted to me by Sunday Riley for testing. I’ve been nervous about using acid products in the past due to sensitive skin but I have been able to use this daily with only minimal irritation the first two days of use. I added a moisturizing serum as the step before and have now had no issue. I have been having some skin texture issues since my son was born and since using this product those issues are no more! My skin texture has smoothed and my skin tone has improved. I have not noticed improvement with pore size but I really only have large, noticeable pores on my nose. I have seen improvement with the wrinkles on my forehead. The is no miracle for aging but this product has made a very nice difference in the week I’ve been using it!",2021-02-08
P421275,5,"I had a mountain on my right cheek that I needed gone. I washed my face and put a hot compress on it for 1 minute. Afterwards, I dried the area with tissue and left the Peace Out Acne dot on overnight, when I took it off in the morning the pimple disappeared. No trace of it whatsoever. This product is great. Will totally buying again.",2017-08-21
P394639,4,"I’ve received This cream as samples a couple times & I’ve purchased it once. I find it very moisturizing. It’s really great in the summer when you want something cool, light & moisturizing. I (50) purchased one before my daughters wedding & used it 1-2x a day for 2 weeks, my 23 year old daughter also used it. I love it & she liked it. My skin is dry & it drank up the Aqua Bomb. My daughter tends to be oily & it moisturized her skin without causing acne. Plus with Primer, my foundation went on smooth & my makeup lasted about 8 hours on a hot August day. This is a keeper.",2017-11-01
P450271,5,This is the best makeup-remover ever. It removes everything and doesn’t leave my skin feeling stripped and dry. Highly recommend.,2019-01-09
P269122,5,"Oh My! I LOVE these Alpha Beta Extra Strength Daily Peels! I received a 3-6 day trail and was super pleased with the results! Each towlette was saturated enough for a full application and sturdy enough not to rip or tear. Simple to use, simple instructions, BIG results! I followed the instructions for first time users due to my sensitive skin..using every other day did not irritate my skin at all! Definitely reccommend!",2020-05-20
P394624,5,"I love this moisturizer! I have combination type skin that in the winter will occasionally get very dry. Since I started using this, my skin isn’t dry or oily; it perfect! I’m also prone to acne and this does not clog my pores at all.",2018-03-16
P450271,5,love love love this product! It melts away all my make up. Bless the Sephora employee who showed me this product. It’s a staple of my make up removal process.,2021-04-26
P42204,5,"You can’t go wrong with this stuff, it lasts forever and softens dry skin. I mostly use this when the weather changes, but it comes in handy all the time for fly aways, dry hands or chapped lips. Be careful not to carry this stuff around on a hot day though! Mine has melted before.",2008-09-11
P218700,5,"Does wonders for hair, great as a night time serum under my reg moisturizer, Can use on my eye lids and lips. From what I understand, you can even eat it!Very light weight, easily absorbed Love it.",2009-11-14
P394639,5,Love love love!! My skin is so dry and I’ve been having a hard time finding a moisturizer that works for me and this one is incredible! I have really sensitive skin and a lot of creams make me break out but not this one! I love how well it moisturizes without feeling thick on my skin!,2020-04-20
P426183,5,Adding these products to my morning and night routine was a great addition! My face not only looks better but feels better!  I would 100% recommend these to anyone looking for a new face product!,2021-06-26
P302103,5,It’s been a bit of a dry winter so I’ve been using this before bed. I’ve noticed the balm makes my lips less cracked and smoothes them right out! I didn’t even think about how important lip treatment was before this balm! Love it,2015-12-15
P427421,1,I have combo to normal skin and this is a great moisturizer the downfall is that I barely used it and it ran out already would not recommend,2021-07-23
P7880,5,Such a gentle cleanser! A little goes a long way! I use this as the second step to my double cleanse in the evening to get rid of any makeup that may still be lingering after my first cleanse. It feels amazing on my skin! I had to get the jumbo size of course!,2020-04-19
P232903,5,"This treatment heal acne is fast. I use it after the skin care routine and is usually take 2 days this acne will be flat, but it will still leave the dark spot.",2019-04-29
P126301,5,"The best. I am using my third jar, and has just remembered to review it!",2017-12-01
P441101,5,best moisturizer ever. I like to do this one at night and the water cream during the day,2019-07-26
P427421,2,I got it as a sample for my birthday gift. I have extremely dry skin especially in the winter months. This has done NOTHING to improve my poor flaky skin! At first I was really excited to be trying a drunk elephant product as I’ve heard good reviews however this doesn’t work for me at all.,2019-03-14
P450271,5,"This is the best cleansing balm I have used so far. Used to love Clinique Take the Day Off Balm, but this leaves your face even cleaner feeling and softer. The smell isn’t too strong and is actually quite nice, and it gets all of my waterproof mascara off. I usually use this with a gentle Cetaphil cleanser after, but this washes off well with just water too. Definitely a HG item!",2018-09-29
P442563,5,"I’ve been using this product for a few weeks now and I can honestly say this is key to helping your acne scars. My skin is much smoother and plump with no dullness. As someone who’s had scarring throughout high school and college, I thought there was no way they could get better without laser surgery. To those out there with scarring, here’s my routine that I’ve been using.Tatcha Vitamin C-SerumTatcha Poreless Sun Block (note The Ordinary will make your skin sensitive to the sun so be SUPER careful)The Ordinary Exfoliation Orogold Deep Peel (once a week)Note: If you can’t afford the Tatcha Sun Screen, the CVS brand Aveeno has a moisturizer with SPF in it that is just as lightweight. Whatever you do, DON’T forget to use sunscreen. Happy summer ladies!",2019-06-13
P42204,5,"I love this balm. It lasts forever, just recently bought my second one. I use it for lips (very soft and moisturizing) nails (perfect for cuticles) elbows... Really almost anywhere.The tin is sometimes hard to open, but perfect for popping in a bag for a weekend trip.",2015-11-13
P420652,5,"This stuff is glorious. You only need a teeny bit - seriously, this little pot of it is going to last me forever - and it’s so luxe and spreadable and smells amazing. My lips always feel so good in the morning, with no cracks or dryness whatsoever.",2018-02-08
P427421,5,"Great moisturizer, absorbs good to skin and lasts for a long time.",2020-04-29
P443352,5,use this product on my face it is an exfoliant to cleanse my face of impurities my face felt very soft and clean with dermatology this product complimentary from dermatologica gifted by dermatologica,2022-08-20
P427417,5,"Keeps my skin from being oily throughout the summer, also great because it reacts well with other skincare products. I use it both day and night!",2021-06-29
P433520,4,"this is a very moisturizing cream and definitely made my skin quite hydrated. I do have combination skin so I have to go easy on my T-zone with this product, but it keeps my cheeks very well hydrated. I like this before my foundation as it seems to help my foundation go on more smoothly. I’ve also used it at night to keep my skin hydrated. I received a complimentary product for review.",2021-08-18
P453816,5,"This is one of the best cleasing products I have used. It takes off all of the make up easily, includes my water proof mascara and eyeliner. I dont have to rough my eyes to take off the water proof products like other cleasing products. This is not so expensive at all. worth it to buy.",2018-01-19
P411540,3,Really unsure about this product so far. It seems to work best if I don’t use it with any other product on my face. When I do it that way it does work well and looks good but not good enough for me to repurchase. I can’t use just this product alone.,2021-03-17
P471546,5,"This product has become a staple in my makeup routine. I have redness and this evens out my skin while still feeling lightweight. I don’t like wearing lots of makeup, so this product is perfect for me to use instead of a foundation or skin tint.",2022-12-28
P420652,1,This does nothing. It’s thin,2018-03-18
P442563,3,I bought this a few months a ago & used it here & there & loved it. When i put it on last night it was stinging a ton. I washed it off after 4 minutes bc of the stinging & was left with painful chemical burns on my chin. Be careful with this stuff because the burns are painful !,2020-09-14
P450271,5,"This is by far the best makeup remover I have ever used. I will never go back to any other makeup remover ever again.  The balm is so gentle on your skin and almost feels like a coconut oil feel to it. I have very sensitive skin and it is perfect for it! You can use it around your eyes and not stress and be in pain if it gets In it. It works to take off anything, it you struggle to get anything off just massage it on the skin for about 15-20 seconds and it takes it right off.",2018-12-29
P378852,5,"Lightweight but super hydrating, smells incredible, absorbs quickly, and makes you glowy and radiant. Reasonably priced to boot. Love!",2013-06-19
P417238,5,"I love this product! It’s a complete game changer. I also tried the Clinique *take off the day* balm only because it has no fragrance and is said to be an equally great product. However, hands down I must say Farmacy wins. The texture of Farmacy is so much easier to work with when you melt it in your hands compared to the Clinique balm.",2020-04-07
P470255,5,"OK, if I could give this 20 stars I would. I have NEVER met a sunscreen (for my face) that I absolutely loved. Like, maybe, but never love. They are always good but... Well, this one is also good but..., BUT (hahaha) for very different reasons. First the love part. OMG, you put this stuff on and you neither see it nor feel it 60 seconds later. I have no clue what it is made of but I think of a silicone based product when I use it. There is no wet feeling at all when you put it on. No irritating smell. NO detrimental effects on your make up. No breakouts (for me anyway). I couldn’t convey any stronger how much I love this product if they paid me millions to do so. Now, on to the but... Really? Does it really have to be this expensive? If you use facial sunscreen, you pretty much have to use it daily. That’s a high price tag for a product you have to use daily. From what I understand, you have to put a good amount of any sunscreen on in order to obtain the benefits of the SPF level in the product. So if you’re just barely putting this on to make it last longer, you’re getting a beautiful, weightless, makeup friendly, SPF 15 :(  But for those of you who are willing to pay that ridiculous price tag (like me unfortunately), this is the ONLY sunscreen to put on your face. You will never regret it!",2018-09-21
P471546,3,"This product is good for spot correcting- I wouldn’t use it all over my face as my skin has more yellow undertones and i find this product can make it look a bit dull. A small amount definitely goes a long way. I would recommend using a good moisturizer before using this product, as I’ve noticed that it clings to dry spots if I skip that step. Overall, I think it’s not great for my skin tone but would work on someone who is lighter with more pink undertones.",2021-03-07
P309308,5,"K so this baby is liquid gooooold!!! I have been trying to improve my skin texture for awhile now and have been through a few different serums. I found that every product I tried it just kind of made me go “meh“.Now, THIS STUFF! I noticed a huge difference in texture/glow within a week! I was out and about yesterday and 2 received 2 compliments on my skin....which is a big deal for me because I always haven’t had the best luck with my texture/breakouts. I have combo skin and I found that it was moisturizing in the places I needed it while controlling my oil throughout the day. I love the smell of it too. Try it out, you won’t be disappointed!",2016-01-10
P422905,3,I loved this for a while then I started noticing about a couple weeks in that it was giving me little white breakouts around my eyes. Had to stop using and the breakouts didn’t happen again. Not sure what happened as I didn’t initially react to this product. I love that it was moisturizing and did keep my under eyes from being dry.,2019-05-28
P417238,2,"Ugh… I reeeeally love Farmacy but this balm isn’t it. I wear a primer, light foundation (Dior Backstage) and either Pat McGrath or Stilla waterproof eyeliner, ilia waterproof mascara, and that’s it. The balm moves my makeup around on my face a bit but doesn’t do much for taking it off. If you like to double cleanse, this might be for you?? Idk. It leaves a film on my face and eyelashes and it makes my eyes feel oily. To me, it doesn’t deliver what it promises.",2022-04-06
P453816,5,"Because of my oily skin and eyelids, I always wear waterproof mascaras and liners and couldn’t find an eye makeup remover that took everything off completely. I always had some residue left. This balm takes off EVERYTHING the first time. I use a paper towel to dry my face, and there is no makeup on it after I rinse. It doesn’t add any oiliness to my skin, and my face feels smooth after I use it. Love it.",2014-01-05
P441644,5,I have used many cleansers on my face but none like this one! I have very sensitive skin that gets rashes almost every time I switch up my routine but I haven’t had any breakouts and my pimples have all disappeared since using this cleanser! It doesn’t strip the moisture from my face like other cleansers do and no matter how long you run this into your skin it won’t dry it out in the slightest! I love this and can’t wait to buy it again.,2020-05-23
P456207,5,"- This is a wonderful product. It does indeed live up to its “gel-cream” claim, at first leaving a nice dewy texture like a gel does, but quickly absorbing into the skin, leaving behind an almost satin-like finish.- This is ideal for normal/combination (and maybe even oily) skin. When it comes to dry skin, it requires a tiny bit more work, but is absolutely great when used correctly. Note, first of all, that those with very sensitive skin need to be a little more careful. For instance, if you’re having an eczema flair-up, I’d definitely advise against applying this — this is not a fault of the product, but generally a given. Though it contains soothing yoghurt, it does still sting a little when your skin is being temperamental. Now, if you have dry skin, I’d suggest applying at least two layers of this gel-cream, even three, if you have the time. Usually, I apply a standard thin layer first, working this thoroughly into the skin. After about 20 mins (or more, if you have the time), I apply a second layer, this time a little thicker. It soaks in wonderfully, leaving my skin moist and plump, yet still with that slightly satiny texture. Unless your skin is naturally very moist/oily, I’d say to carry this around with you during the day, so you can touch up a few dry spots here-and-there.- It spreads very well, so I recommend using a slightly smaller amount that you’re used to at first.- It’s an excellent base for make-up, providing primer-like qualities.- The only down-side: it’s not vegan. Whether it’s lactose-free or not, I’m not sure. Likely. But it says that it contains “real edible yoghurt,” and there is no mention of lactose, so we should assume that it does contain lactose for now.",2020-03-31
P470255,5,"Goes on easy, acts like a primer under makeup or used alone. Smooths skin and minimizes pores. Great sun protection. Invisible and drys quickly with no odor. I use it year round. Pricy but worth it.",2022-02-10
P421275,4,"These are quite literally magic. I got them because I was having a ton of pimples everywhere due to wearing a mask all day and my skin was just overall having a rough time. I put the patches overnight on the worst ones and woke up in the morning to see that there was barely anything noticeable left under the patch! I had one particular pimple that was deep under my skin, all red and very swollen and it was now pretty much gone!! These are amazing, the only reason I took out a star is because of the price point. They’re quite expensive and even though they do work amazing, the price point is quite steep.",2021-04-21
P420652,5,This stuff works sooo good! Leaves lips super soft,2017-12-18
P453816,5,I love this balm. The balm really breaks down your make-up to make removing it so incredibly easy.,2017-09-03
P450271,5,I gotta say this I some good stuff! I usually use dermalogica to take my makeup off but noticed it wasn’t working well. Well this stuff….Man!! A little goes a long way and doesn’t take long at all to remove makeup. I’m usually very particular about products but this one is awesome. Especially since I have sensitive skin.,2021-10-18
P418218,3,"It performs very well, but sadly it contains harmful alcohols in it. Alcohol’s job in products is to break the protective skin barriers to deliver the product deeply into the skin. Unfortunately, it doesn’t regenerate and the skin is more harmful to the sun, free radicals, and harmful stuff in the air. Even low amounts of these harmful alcohols can do much damage. Safe alcohols are called “fatty alcohols” and do nothing.",2018-07-14
P218700,4,"I love this product. I have very dry skin especially in the winter. I use a few drops every night after washing my face & it has improved the texture of my skin incredibly. It is a little expensive, but a little goes a long way.",2011-02-19
P480630,4,"I liked this product as a mask! It’s hydrating and smells nice, and it spreads easily.",2019-12-18
P442563,2,Only got to use this once as it made my eyelids and cheeks swell. I didn’t use it anywhere near my eyes either. I think it was just a reaction. I knew using it would come with a little bit of a stinging sensation as it’s a peeling solution but it made my skin burn. Immediately had to take it off. I really wanted to like this stuff because I’ve heard nothing but good things about it. But it just wasn’t for me.,2020-06-11
P442563,5,"this is amazing. i have struggled with skin congestion, blackheads, and texture for three years now. i was recommended this and saw overall raving reviews, so i decided to buy it. there were a couple reviews saying it irritated sensitive/dry skin, which i was worried about since i have both of those, but it just left my skin glowing and smooth (but make sure to do a patch test before use)! after three uses, the blackheads in my t - zone are almost gone and my acne has gone down considerably. easy to apply, wash off, and DEFINITELY worth the money. by far one of the best products for getting rid of texture and clogged pores in a way that is easy on the skin and more convenient than physical exfoliants",2019-11-10
P418218,5,Love this cream!  Moisturizes without being greasy. A must for oily skin.,2020-09-21
P453816,5,"Gentle and effective cleanser. I have sensitive skin and this cleanser is not irritating at all. It truly does just melt your makeup right off and rinses off easily, leaving you with clean soft skin.",2021-05-15
P450271,3,"The smell and feeling are nice, however it didn’t really do a good job at removing my makeup. I would use it twice and then use face wash and still had makeup around my nose and eyes. I wouldn’t recommend this product for waterproof make up or heavy makeup.",2022-07-06
P42204,5,I don’t live without this. I use it everynight and apply any extra on my fingers to my elbows. I’ve used this product for years and it’s a staple in keeping my lips soft and smooth. Love It!,2009-06-10
P248407,5,"Ok..  So the very first time I ever saw this was on GMA deals and steals so I decided to go ahead and give it a try and ever since that moment this is something I will never live without. It is perfect for the summer time when my skin just needs a little moisture and it’s just as amazing in the winter when I need a lot more of it. Best of all it never leaves my skin feeling greasy, just amazingly nourished.",2018-06-12
P232915,3,"I will probably be returning this product. I tried a sample before I bought it and loved the sample, not sure what happened. This burns so bad, I only leave it on for 20 seconds and then rinse. My skin stays red for a couple hours but then it looks blotchy and dry the next day or so. I have tried several times. Last night I tried it and left it on 15 seconds and this morning I have 2 little burn marks on my nose. I am not sensitive either and I am used to using glycolic acids. Something in this irritates my skin. There are better products out there for the money, this is way overpriced.",2009-12-21
P411387,5,"I got a sample of this when I purchased an order and let me tell you in the first couple times I used it I was instantly hooked. It isn’t drying but gets rid of oil and residue pretty good. It also helps my acne go away faster then other face washes, doesn’t help the redness much tho. The smell is ok not anything bad or nice. I will totally buy again!",2020-01-23
P7880,5,The unusual thing about this cleanser is that my husband and I both like it. I keep it in the shower and he is always borrowing it. He has oily skin and I have dry so we don’t usually agree on products. This one simply cleans your skin. It smells pleasant too.,2009-05-25
P232903,5,"I first tried out this product because I asked the lady helping me out to make me a sample. I tried it a couple times at home and had to purchase it when my sample ran out.She poured it from the bottle, so I don’t think if it mixes it loses it effectiveness because it still worked for me. Maybe only when you harshly shake it.As for my pimples, I get a few but when they do sprout, the are big, red, and painful. I apply this before bed and sometimes twice a day if I stay home. It definitely removes redness and inflammation. I have oily skin so maybe that’s why my skin soaks it in. It does dry as soon as you apply so you have to be quick.Overall, I LOVE this. I wish it came in a smaller size to take it on vacation.",2014-02-07
P394639,4,This is great for when my skin is feeling oily and like I just need a light moisturizer. It feels really good and has a cooling sensation. I can’t give it 5 stars because I am not sure it’s worth the money and I probably wouldn’t repurchase as I’ve used better products. If the price isn’t an issue and you have oily skin I think it’s perfect!,2022-06-20
P297516,5,"Within the first 2 weeks of using this cleanser, I noticed my skin has gotten a lot better and my pores are less prominent!",2018-04-20
P439061,5,I really struggle with scars around my chin when I get breakouts so I was really excited when I saw Desi Perkins recommend this. I love the green toner to use during the day and this at night. I have noticed a HUGE difference in the texture of my skin and my scars are fading. It doesn’t irritate my skin at all. One of my new holy grail skincare items.,2019-01-19
P450271,5,Put down the towelettes! This balm is AWESOME. The most gentle nourishing makeup remover I’ve found. It’s also a steal when you consider how many uses you’ll get out of the Jar. No brainer.,2018-04-06
P422905,5,I’ve been trying out different eye creams but they’re too heavy to wear during the day and wouldn’t make my concealer look good. This is a good eye cream to wear under makeup. It has a gel texture. Doesn’t cause irritation on my skin.,2019-05-10
P418218,1,"Makes my skin feel soft so i want to love it but it makes my eyes sting and burn…. Not worth it at all, will be returning it",2022-05-16
P421275,3,"Not ideally what I had in mind... didn’t work as well as I thought it would, I had to use for 3 days in a row for one spot and even still was completely effective. However I do like that the dots are  clear so there are hardly noticeable.",2019-03-11
P456412,5,Love the product. I have normal to dry skin and this cleanser leaves my sling nice and soft after using it with an exfoliating scrub.,2019-04-05
P394639,5,The best moisturizer that I’ve tried yet. Love it!,2019-06-15
P427421,5,Love this it makes your skin feel so soft like baby skin and last for days you only need a small amount cons is it’s very pricey,2019-10-14
P232903,5,Use a q-tip to apply - only apply it at night (this should be obvious) - it clears up acne verrry fast!,2011-08-08
P427417,5,This is my first review I’ve ever wrote because I usually don’t care enough about a product to write one. THIS PRODUCT IS AMAZING. I was breaking out randomly and I didn’t know why. I realized that my skin was congested and I bought this product. I haven’t had a serious breakout in weeks. I just order two more bottles of this stuff!!,2020-01-06
P480630,5,"This is a great product. It’s easy to use and does the job. This product helped my skin replenish the hydration it needs. It’s become a vital part of my routine. I use it whenever I wear a lot of makeup, my body is dehydrated, and for regular maintenance. This a solid product. It’s nothing special but it really helps keep the skin hydrated.",2019-01-13
P411540,3,"This is an interesting product and there are things I like and don’t like, which is why I’m giving it three stars. I have normal skin and I found this to be a bit drying, so I don’t know if drier skin will like it without a moisturizer underneath it. I did try it after my initial wear using the Ceramidin cream first followed by this and it was better. The product felt gritty to me when I applied it, which I didn’t really like. It definitely mattes the skin. I found it looked good for a while, but then my skin started to look a little dry, especially my cheeks. Overall it’s okay, but I don’t love it enough to want to keep using it.",2019-09-22
P442563,5,I used this product first time yesterday.Amazing after just one use. I can’t believe how cheap is this powerful peeling solution .Don’t hesitate to get it.,2021-05-11
P42204,4,It is really worth the price. A very moisture lip treatment. I do not have to use it many times a day. I always use it before I sleep so when I weak up my lip can be moist perfectly.,2014-12-05
P417238,4,"This product is such a win for me. I have dry/combination skin which is acne prone and I use this as my second cleanse after my first oil cleanse. I bought this because I get these tiny under-the-skin hard bumps on my chin and they’re impossible to extract. I heard someone say that this helped them, so I tentatively bought this to give it a try. It’s great! So gentle and soothing, doesn’t irritate the eyes, my skin hasn’t broken out from it and those pesky bumps are gone. I find it best to apply to dry skin and then remove with a hot face cloth. I’ve ordered my second one of this.",2017-11-04
P427417,4,"I’m using about 12 products from The Ordinary, but I chose to use Vitamin C 2x a day over niacinamide at first because of hearing how niacinamide can make vitamin C not as potent. After reading alot of articles by researchers and dermatologist, they can’t confirm this to be true. So I’ll be ordering this immediately since although I have dry skin, I have giant pores (though much better in the 2mos since I started my strict skincare regimen",2019-04-24
P439061,1,"Feel my face is burning when I put in on, the whole bottle becomes trash, do not recommend for sensitive skin",2020-08-02
P409800,5,I love these. They get all of my makeup off and leave my skin hydrated.,2018-10-02
P122900,5,"Clinique’s Dramatically Different Moisturizing Gel was suggested for one of our teens who has slightly oily skin. While this isn’t made for normal skin, I tried it, too, and it we both agree that it’s really good. It absorbs well, without a greasy or oily feeling. From my normal skin point of view, it actually felt slightly tightening in a good way. My teen felt this absorbed nicely and quickly, leaving skin looking refreshed. There is something else I can see in my teen’s skin that is positive, maybe a slight radiance or clarity, but I can’t define it since I’m not quite sure what it is. I can only say that after this is applied I can immediately see something beneficial in that teen’s skin. I’m sorry I can’t be more specific - it’s an intangible change for the better. This seems to be an excellent gel moisturizer.",2011-10-08
P454380,4,"supergoop is known to be super popular and effective so wanted to try it for myself. i see where the comments come from where it seems oily and greasy. i wouldn’t say it has a great texture but definitely can give off an oily look on the face, but i personally found it to be more natural and dewy bare face. something to note is due to the formulation, it can make you sweat more and/or make your face feel more warm/hot since it is changing the rays into heat on your face. it does work well with primers that end with a tacky feeling, like the Milk Grip Primer, for better sticking foundation. i wouldn’t recommend primers and foundations-Kosas Oil-that are too watery/thin, though.",2021-09-12
P122900,5,Best muostrizer ever,2017-09-15
P421275,5,"Always love buying this product especially in cases of emergency or when I have the kind of white-head pimple that hurts by even the slightest touch. I leave these on for at least 3 - 4 hours or better still overnight, and it sucks the white head out of my pimples and reduces the size of the pimple/red spot of my acne. Lifesaver! Highly recommend and will definitely repurchase for its fast action and results!",2022-06-06
P422905,5,This is an absolute love for your eyes. Doesn’t matter if you are young it’s never too early to hydrate. Loved the odor and it’s very easy to absorb. Totally recommended,2020-07-03
P420652,4,Love this lip mask. The vanilla scent is really nice. I wish it had a bit more moisture- I feel it doesn’t last through the night.,2020-12-27
P218700,4,"I have very very very Oily skin. Not even blotting helps me, so when I say you can use it for Oily skin, I mean it. Recently I started to notice my face peeling and flaking in my chin and parts of my cheek. However, I was still oily and shiny in those areas, it made no sense to me. I tried putting more of my oil-free moisturizer but that didn’t help and I was scared to put on regular moisturizer because of my oily skin. I had the small bottle from the 500 point gift pack I got a few weeks ago and had only been using it for my hands, elbow and feet. I began by applying very little in my chin area. I noticed that it immediately absorbed right into my skin, leaving a nice glow, not a greasy glow. My skin felt better and looked great. So I apply it at night time as my moisturizer and I wake up with a great complexion. I haven’t dared use it during the day because I still can’t find anything to help me control the oil and shine.",2011-12-28
P375849,5,"“You look great! You’re Benjamin Button-ing!” said one of my closest college friends on FaceTime last week. When my husband complimented my skin, I assumed he was being sweet. But there seems to be a real improvement in my skin and glow. Honestly, maybe I’m weird, but I LIKE the smell. This stuff is really cool and I don’t waste a drop (rub any excess down your neck and in the backs of your hands). I thought an essence was a hoax but now I’m a believer. Try it!",2019-10-27
P394639,4,"I love this moisturizer! It has a gel consistency and feels lightweight on my face. I have very sensitive skin and this honestly feels perfect. My skin feels hydrated the entire day. I notice my skin looking a lot more glow-y after I started using it. Due to the gel consistency, it feels like I have nothing on my face which I love compared to thick moisturizers.",2020-04-19
P375849,1,It is very pricy and I did not see any results after using it for a few weeks. It was like putting water on my face. I returned it.,2019-05-15
P297524,5,"I love how this mask draws all the gunk out of my pores without drying out my skin! I use 1-2 times per week before bed, and follow with a couple drops of Josie Maran’s Argan Oil. It literally leaves my skin glowing.",2014-08-21
P232903,5,"I love this product. I use/used benzoyl peroxide, salcylic acid and everything else under the sun. EradiKate is the best!! I get occasional breakouts and deep cystic acne. I’ve even had to take trips to the dermatologist to try to get rid of the cystic ones. This product makes the normal breakouts disappear and the cystic ones noticably shrink overnight. It may have an odor, but I only notice a little on my pillowcases. I only use it during the day if I have no where to go, since it does have that pink color. I highly recommend this product.",2011-12-08
P417238,2,"This product definitely does what it says. It melts all my skin care and makeup, while leaving my skin soft. However, no matter how tight I close my eyes and rinse this product(even using a shower head) it still manages to get into my eyes, leaving it irritated with blurry film over them, and it lasts for a while. Definitely recommend for use on the face but not for eye makeup removal. Id rather use the Glow Recipe Balm which is Ophthalmologist tested.",2020-11-03
P441644,4,"I have combo skin that’s pretty sensitive and easy to mess with, especially when it comes to cleansers. I haven’t had any issues with the cleanser being overly stripping, in fact, I find it to be the opposite. It’s pretty gentle, and non stripping. I do think the price for it is a little much, however, I still think it’s a pretty good. It’s really helped with my acne as well.",2022-11-08
P427421,1,"I bet it’s a good product for people who don’t have sensitive skin! But for me, this product is a NO GO! I put it on at night and woke up with a red, itchy and almost flaky face... I couldn’t believe it! This product is definitely not for sensitive skin unfortunately! Good thing I didn’t purchase this, got the trial size for my birthday!",2019-03-01
P7880,5,"I thought this product was a total waste of money at first since its just a cleanser, but once i started using it..it changed everything. It removes ALL types of makeup with little product and also washing your face. It has a very soothing feeling too. Will definitely repurchase.",2017-07-09
P122900,3,"This product was my holy grail moisturizer for a while but I after finishing it and trying other moisturizers I’ve realized it’s not the best for my oily skin. It does the bare minimum and leaves my skin feeling tight and wanting more because it’s soo lightweight. I’m currently using CeraVe PM, my skin is happier and so is my wallet.",2020-07-20
P269122,5,"I used the 3 day version of this to try it out, and absolutely loved the way it made my skin feel. I have tried several brand of peels, and I honestly don’t think any other daily peels work as well as this one. It isn’t greasy and doesn’t break you out- just leaves your skin clean, bright, and with less apparent pores.",2019-07-16
P441101,5,"I love that this one is not nasally assaulting me like the Water cream is.  I find this one for me works well day and night, a light layer under makeup and it still works well, I find it doesn’t make my Kevyn Aucoin concealer and Laura foundation powder cakey on all together.  The packaging is super lovely, reminds me of when you purchase something at a Japanese department store and they do wrap it up all nicely.",2020-04-20
P248407,4,"I dunno how this review is going to help everyone because I don’t know if what’s working is the combination of everything or just this product by itself, but I’m going to give it a whirl.First off it doesn’t really have a smell. I mean if I were to give it a smell it’s just a nice clean scent. When you look at it, it kinda looks like sun screen and really applies like it as well. It sinks in the skin quickly and doesn’t leave any kind of greasy film.I have combination skin that can lean towards oily if I don’t apply the right things to my face so it makes me really cautious using things that add any kinda greasy film to my face. I’ve noticed that a lot of the reviews say that it makes the face more oily, but I’ve found that to be completely untrue. In fact, it makes my face less oily all day.Because I have combination skin my face is awful. I get these horrible dry patches on my face that are hard to get rid of because whenever I put lotion and stuff on my face it makes my face more oily so I have to combat with that. It just becomes a handful that I don’t know what to do with, but this really helps. I really only use this in the morning because I have a night cream that I put on my face at night and I don’t get any patches anymore.Originally I bought this because the guy said that it’s proven to take down redness in the face. I can’t say whether this is working for that or not. My skin gets really red sometimes and no one’s really been able to tell me why. It’s not Rosacea or anything, I guess it’s just sensitivity or something. This has taken down the redness, but I’m not sure if it’s just this or if it’s the combination of stuff that I’m using, but now my face is just a pink so I’m hoping with time it’ll go away completely.The only reason I gave it four stars is because it doesn’t have any SPF in it. I hope this was helpful.",2011-04-25
P427419,5,Made my skin feel and look amazing! Everyone should get someone this for the holidays,2022-12-14
P7880,4,"I have been using this cleanser for a few days, and while I would usually wait longer before I review a product but this one is amazing and has impressed me. I’m always looking for more natural ways to care for my face and I find that a lot of cleansers strip everything away and leave your skin feeling tight. This cleanser is really gentle, but that doesn’t mean it leaves your skin feeling like it might need a second wash to clear everything away; it removes all of the gunk on your face. This cleanser is perfect for a Canadian in the winter; it deeps cleans all of the pollutants, make up and oil off your face while leaving the skin moisturized and smooth. I use this with the pink Sephora pore scrubby and it works wonders; the only downside is the scent. It’s supposedly unscented but to me it smells like a weird combination of soy and cucumber, I don’t like the smell at all but I’m willing to deal with it because the cleanser itself is amazing. If they scented it with rose water (which is gentle and beneficial to the skin anyway) I’d be 5 star happy with it! All in all; wonderful cleanser.",2013-01-04
P421275,1,First two times I used these it sort of worked.... third time I ended up with a bullseye mark around my pimple a day later. So that’s great.,2021-05-19
P7880,3,I have a mixed review for this product. It’s nice and cleans my skin well but I don’t really like the smell (it smells like cucumbers which is not an offensive smell but I just don’t like it in a face wash) at first my skin HATED this face wash and I broke out but I kept using it and my skin eventually cleared up but I’m not obsessed with this product. I’ll finish what I have but probably won’t repurchase.,2019-06-20
P297516,4,"Overall, I quite enjoyed this cleanser. Definitely gives you a squeaky clean feeling so I wouldn’t necessarily recommend this for people with dry skin. It foams up really nicely with just a little bit of product so it’s perfect to use with my Foreo Luna. But beware that it will sting your eyes pretty badly!",2018-08-19
P7880,4,"Received this in a birthday pack a few years ago. It was amazing! So gentle and didn’t dry my face out, give me acne, or burn my eyes! Definitely recommend this :)",2017-12-06
P42204,5,I absolutely have to be the owner of one of these amazing pots at all time. It truly does everything the description claims. I mostly use it on my lips but also use it on dry cuticles and even burns!,2010-05-27
P450271,5,There is no argument that this is an effective makeup And sunscreen remover . As a first cleanse it is non pore clogging and non stripping. I have oily acne prone skin and this doesn’t cause any breakout . My only wish was that it came in a larger portion. I have gone through many of these already . I am on the look out for a cheaper just as effective alternative though. Haven’t been successful this far and I have tried many cleansing balms,2020-01-18
P427421,5,"I received a free sample from Influenster to test with the new Protini Serum, and let me tell you, this combo delivers. I’ve purchased this cream before and enjoyed using it but saw noticeable results when paired with the serum. This moisturizer absorbs well, doesn’t feel sticky or too thick, and helped improve tone/pigmentation and overall hydration. Adding in the serum has never made my skin softer (no really). Highly recommend alone if you need a high impact moisturizer or with the DE Protini Serum to maximize results.",2021-03-31
P420652,5,"I am a clarinet player. In the winter my lips dry out with all my clarinet playing, cold weather, and dry air. After using this lip sleeping mask once, my lips already felt 10 times softer than the day before. I’ve been using it for a month now and I love this product. My long haired cat cuddles me at night when I wear the mask...sometimes his fur gets stuck to my mouth with it on but it’s STILL WORTH IT.",2018-03-15
P467762,5,"I was dying to try this product, I always heard it very well, and it exceeded my expectations, it really leaves the skin smooth and with a different touch! Not to mention the smell that is delicious!",2020-05-11
P433520,5,"Wow! My skin loves this cream and it showed in just a matter of days! I don’t think my skin has ever reacted so positively, so quickly! It has a light fragrance, absorbs very rapidly, doesn’t affect my makeup and no break outs! My skin appears smooth and vibrant!",2021-03-25
P471546,5,Wow this product is just what I needed right now! I’ve been using it as the last step in my daytime routine for spf coverage and I love the color correction! I have dry sensitive skin with some redness and acne scarring. The green tinted formula immediately neutralizes all the red spots on my face! I don’t wear foundation much these days so I love this as a last step to perfect my complexion without having to do a full face beat! I received this product for free from Influenster for testing purposes. I would definitely buy this when I run out; this is a new go-to product for me.,2021-02-09
P443352,1,wanted to love this product. the first few days I used it I really liked how smooth my skin felt! after the first few uses though I broke out in little pimples all over :( it took me back to the days of apricot scrub. sadly this had to be thrown out,2019-06-07
P433520,5,The cream is absolutely delight to use! The texure is lovely and pairs well with my other skincare products. So far hasn’t caused any pilling and it doesn’t clog my pores. Works wonderfully well beneath the makeup and gives pretty much flawless finish! I do find the price a little on the higher side but it does come in 50ml and a little goes a long way!,2022-02-25
P420652,2,"this is just ok. honestly, do yourself a favour, save your money and go buy a tube of vaseline... it’s the exact same thing minus the price tag and actually works better. but i will mention i do like the cute little lip applicator brush this comes with.",2022-12-30
P480630,5,"Ok so it was time to replenish my night time sleeping mask. I wanted something thick and lush for the colder months. I decided to give this product a try. I must admit after administering it after the 1st night,  my skin was RADIANT the following day. Nicely hydrated with my signature glow. I am well pleased. My skin is normal to combo oily. This product is perfect for my skin. Lastly, I didn’t really feel a tingle from the peppermint, I believe that is due to the acids I currently use in my routine. I will be repurchasing.",2018-11-12
P430337,5,I have absolutely loved this product! I received this through influenster to try and wanted to try for 2 weeks before I shared my opinion. I felt this cream was so brightening and really made my skin look awake. Um did I mention the smell? IT IS AMAZING. I felt happy every time i unscewed the lid. I used this AM and PM but if you felt maybe it was too creamy I would recommend using as a night cream letting it hydrate you over night. I loved the way it made my skin feel and would recommend this to everyone!,2018-04-27
P427421,5,You can feel the moisture returning to your skin as you rub it in! absolutely worth the price you get a lot for your money. Very hydrating and I love that you pump it out vs opening a jar I’m sure that keeps it fresh.,2020-05-02
P443563,4,"I’ve been dealing with dry lips for a few months. I use the lip mask at night but during the day, I struggled. Nothing worked,  I used Fresh lip balm which I liked but my lips were still painfully dry. I finally decided to purchase this since I like the night mask and it works. My lips are moisturized and no longer look and feel painfully dry.  They do still get dry but not painfully so. This is very shiny so if you like a matte look, you may want to try something else. If you like shiny lips, this is for you.",2019-10-14
P417238,5,"So... I love the BOSCIA Charcoal MakeUp Melter Cleansing Oil-Balm to remove my makeup. But this one... hard for me to say, but it is TOTALLY BETTER. A small amount goes a long way and I love that it has echinacea. It comes off so easy upon rinsing and it also leaves your skin sooooo smooth and hydrated. Also... I think it is a great price!Also... a bonus. I am loving FARMACY because it contains natural ingredients and not tested on animals (save the animals... always!).",2018-05-05
P7880,2,"It’s fine as a cleanser, it’s good for sensitive skin. I wasn’t blown away by it, but no specific complaints about my skin. BUT IT SMELLS LIKE CILANTRO. This might be cool for some of you, but this is my nightmare.",2017-06-02
P394639,5,This is the perfect lightweight moisturizer for cold Colorado winters. I have sensitive skin and this caused me breakouts or other skin concerns and has very little scent which is ideal! It delivers a punch of hydration without feeling heavy or greasy throughout the day. This product really soaks into the skin rather than sitting on top of the skin like some other products I’ve tried in the past. I received this product for free in exchange for my honest review.,2022-03-18
P480630,5,"My skin feels so hydrated and glowy, not in a sweaty way. I feel it healthier.Even with my period I got no pimples!! Love it!",2020-05-17
P420652,5,My lips look amazing in the morning. It’s butter for your lips. I wish it came in a balm. I can’t wait to use it on the beach.,2019-04-30
P450271,5,"I do not use waterproof or “long wear“ makeup, so I don’t know how well it will work on that.  But, it is one of the most effective makeup removers I have tried, and it leaves your skin feeling soft and smooth.  Other makeup removers had me rubbing away excess mascara “racoon“ residue even after washing, but this does not.  Many people mention the smell.  I have bought both the cherry version of this and the green - both work well.  yes, the cherry smells better, but the green is nice too after a few uses.  i continue to buy this product.",2020-04-23
P270594,2,"Unfortunately this broke me out and I have sensitive skin. But the formula was great, not greasy or too sticky and smelt wonderful. Just wish it didn’t break me out for the pretty penny!",2018-08-11
P7880,3,I will said it’s a OK product.!!!!!!!!!!  Not bad for the price.,2020-06-03
P454794,5,"Amazing product- I noticed a difference the very first time I used it, as I woke the next day with plump, velvety skin. I’m so happy with this line. I just ordered more!!  I’d wholeheartedly recommend this product!!",2019-08-05
P443563,4,"Great shine to this product. The color is barely a tiny, and there isn’t a real grapefruit taste or smell. I love the lane I’ve sleeping lip mask. This is just a much easier way to apply that product (when compared to the berry color).",2019-04-14
P456207,5,"This moisturizer works wonders! I don’t have particularly dry skin, but it still made my skin feel like butter. I used after my shower to maintain the moisture and it was so nice! It’s great that it’s made with natural ingredients and I would recommend this to anyone! I received this for free in a box from Influenster :)",2020-02-23
P426183,1,Tried a full bottle. Applied morning and evening. Saw no difference.,2015-11-07
P470255,5,This product is amazing from the feel of it to how it goes on it truly lives up to the “unseen” aspect. My only request is for Supergoop to make it bigger. For $32 I need a bigger bottle/tube with more product pronto.,2019-07-07
P409800,1,"This product says it is for face and eyes, but with these wipes my eyes would burn and itch, I prefer the green tea ones 100% over the pomegranate because of that reason.",2017-09-04
P441644,5,"This is a very nice gel cleanser with an invigorating ‘fresh greens’ kind of scent. I enjoy using this cleanser; it leaves my skin feeling clean, but not overly so – I don’t find it to be drying or stripping. It’s probably my favorite water-based cleanser I’ve tried so far, and now my go-to morning cleanser. You also get a pretty good amount of product with the mini size, which is nice. I purchased the mini size to try it out, but plan to repurchase the full size.",2022-10-22
P454380,1,"It came with Sun Safety Kit. I am using it at home but I hate this product. My skin can not absorb it, it feels like something greasy on my face. I have never used a product like this.",2022-05-05
P248407,5,"This saved my skin this winter! I have combination skin but it was a very dry winter, and this cream kept my skin from peeling off, while still not breaking me out.  It looks nice under foundation too.",2016-04-01
P450271,4,"This is a really nice pre-cleanse. Feels nice, smells nice. Rinses cleanly and doesn’t leave a haze over my eyes. Does is take off my waterproof mascara? No, not completely. But it does a better job than any balm I’ve tried before. Will likely repurchase.",2020-05-01
P481817,5,"This was one of the first ever purchases I made at Sephora and I’m on probably my 10th bottle now. I love this stuff! I stopped buying it for awhile when setting mists got big because there were others with better misters, but now that they’ve changed the nozzle on this it’s even better! Now it has a fine even mist and the nozzle doesn’t get stuck in the cap and break off. I will continue to buy this forever!",2017-06-14
P418218,3,Such a waste of money! I bought the 75ml and god I swear the moment I held it it weights like nothing. I was so disappointed. When I open the bottle I can tell that the lotion is only half the container. Such a scam!!!!!! I’ve used many of TATCHA products before and I can’t say that it’s my favorite brand but I still decided to give it another try but after this experience I don’t think I’m going to be supporting this brand any longer. It is way overprice for what the quality has to offer. DISAPPOINTMENT!,2020-05-24
P394639,3,"I used this entire product. All 50mL of it and I do and don’t understand the hype around this product. When I put it on, I feel like it just sits on top of my face. Compared to something like the Laniege Water Bank, they have similar consistency but that one seeps into my skin. I do think it is quite hydrating when you first put it on but as I began to use it more and more, it takes a while to absorb. Due to that, I will not be purchasing this moisturizer again.",2020-03-17
P42204,4,Love the texture & scent. Im a figure skating coach and chapstick addict. This stuff is some of the best,2016-04-12
P309308,4,I’ve been using this product for about 4 months now in the morning and it really gives me a glowy look. I have acne scars and I feel like it has helped but it took a while to even see a little bit of improvement. I also can’t even tell if this product is what’s helping my scars because they’ve been really small for a while now. I also did get a very small purge when I first started using it so I recommended starting with once every other day instead of everyday.,2021-06-30
P427417,4,"Bought this after recommendations from dermatologists. Now I know why , great active at night",2020-06-23
P454380,5,"The best sun screen I have ever used!!! There is absolutely no cast, feels so good on your skin. It makes my skin so soft and really does feel like a primer going on. I was very sceptic buying this product but I’m so happy I did. You literally need about a dime size of product so it’s going to last so the product pays for it’s self. But it if your tiered of that white cast on your face or that gross feeling most sun screens give. And spf 40 pshh... buy it!! I’m so happy I did!",2021-02-12
P232903,5,"This is so amazing. It truly dries up pimples and makes them dissapear overnight. Because of all the sulfur, it does dry your skin out, but id rather have a dry patch than a giant zit. I seriously can not live without this product. It is a must have!",2013-05-31
P411540,5,"This product is amazing. My skin has changed so much since I’ve hit 40 with sun damage and discoloration. I was never a big makeup person but as my skin aged it was time to find a light coverage with added sunscreen. This cream is perfect for my issues! Nice even coverage without looking like I am wearing tons of makeup. I moisturize before using and Do Not use a ton. A little does go a long way.  This and some lip stick and I’m ready to go. Age: 42, Complexion: Fair  Hair: Blonde,  Eyes: Blue Issues: discoloration, sun damaged, dark eye circles",2018-06-08
P433520,4,"Beautifully presented moisturizer! Love the packaging, giving it a real elegant feel. The moisturizer has a light, pleasing scent. It is not overpowering. The cream goes on very well and isn’t heavy but does hydrate. My skin looks plumper, more radiant and feels more hydrated and softer after just one week. It’s a great product and the jar could easily last four months.",2022-04-09
P126301,5,"It literally just melts your makeup right off. No hard scrubbing requires especially your eye makeup, leaves your skin feeling clean and soooo easy to use!!!",2017-07-11
P439061,5,Love this product! And I’ve repurchased it and i will again,2019-05-10
P12573,5,"I found this lip balm by chance four years ago, and thank god I did. This balm is so nourishing and really locks in moisture. I apply it every night as part of my nighttime routine, and it’s still on my lips in the morning (the sign of a good lip balm). I use up 1-2 tubes per year and have gifted it to countless friends and family. There’s a flavor for everyone, and the high SPF is just a bonus. They really heal any kind of lip issue - chapping, cracking, splitting, etc thanks to the lanolin. Since it’s a squeeze tube, you can even use it on cuticles and flyaways in a pinch. I don’t go anywhere without mine!And for those concerned, there’s no parabens in these balms. My current tube doesn’t list any parabens in the ingredients list and neither does the Sephora website. Even better!",2019-06-14
P439061,4,Added to my OleHenriksen skincare regimen!  Love!!,2019-01-09
P467762,5,I love this. I have sensitive dehydrated dry skin and I pair this with their banana moisturizer and it works really well. I notice brighter skin and my hormonal acne looks less angry.,2020-10-27
P427421,5,This is such a great moisturizer! Lightweight yet hydrating and absorbs quickly leaving my skin feeling smooth. I have been using it with the new Protini Resurf serum and loving the results!,2021-05-05
P456207,4,This moisturizer is so hydrating! Your skin immediately looks healthier and happier!! I would definitely recommend this to anyone who is struggling with dry skin. This formula is packed with Greek Yogurt that soothes tired skin ALL DAY! I received this probiotic gel cream complimentary from Influenster and I am hooked!,2020-02-18
P417238,4,"Great product, gets makeup off easily. Smells great too, and doesn’t dry out your skin or leave residues like some cleansers/makeup removers do.",2019-02-11
P309308,5,This is a great treatment that layers well with others. I use it twice a day religiously. I’ve noticed a big change in my skins firmness.,2019-02-12
P429952,4,I love it but I can’t use it more than once a week as I find my face to get weirdly greasy. I think it’s totally worth the money and one tube lasts so long!!,2019-12-01
P417238,1,Literally made me go temporarily blind. A thick film covered my eyes for 5-7 minutes. Would not recommend :(,2020-10-10
P441644,5,I got this after watching a YouTube on skin care and I have to say this is the best cleaners I’ve ever used. It doesn’t strip the skin and leaves my skin feeling fresh and Dewey and not dry!,2020-03-26
P302103,1,"Feels nice on your lips, but does not combat dryness as well as the original. I have not notice any plumping effect. Not worth the price at all in my opinion.",2013-02-05
P248407,5,"I don’t typically write reviews, but I had to with this product! It does everything it promises and everything the rave reviews claim.I was having difficulties with my skin appearing shiny and had switched to an “oil-free“ tinted moisturizer. That product was difficult to apply and didn’t absorb well or really moisturize. And my skin, which has a history of being relatively sensitive, was beginning to burn with any product I was using.I read most of the reviews for this cream and decided that for the amt you get and price, it was definitely worth a shot. It moisturizes and provides a smooth base over which I can apply my tinted moisturizer. The texture of my skin is improved visibly and to the touch. I have had no breakouts (yet), which I have experienced in the past with other “intense“ moisture creams.There is a smell, as some have commented, but it is mild and doesn’t linger. In my excitement, I applied layers and layers a few days ago, and I did have quite a bit of shine by the end of the day, but that was my own fault. You really don’t need much and it lasts! Now that I have my usage under control, I don’t get the shiny-ness.This is my first product from FAB, but I am certain it won’t be my last. Just picked up a cold, so I’m going for the healing stick tonight - heard it’s good for those dry patches that come from all the tissues one goes through when they’re sick!",2010-03-25
P456398,4,This has a lotion consistency and leave no white cast. I feel it’s a bit heavy on the beginning of the application and it gets settle down after a while.Formula is great and especially with the heat force/ wet force technology. This sunscreen is a best choice for outdoors when you have long sun exposures. This create extra layer of protection.It’s a great choice for summer.,2021-02-04
P126301,5,"I collected this balm, the Drunk Elephant balm, the Pharmacy Balm and the Elemis balm because I wanted to test them all before deciding which one I liked the most. At first I wasn’t going to include Clinique but then it popped up in a sample size offer so I grabbed it. I thought the Pharmacy was going to be my favorite but what I realized is the Clinique Balm had no affect on my eyes while all the other Balms seemed to irritate them (some less than others). I think all of the Balms removed my make up fairly well and I wouldn’t be able to say one worked better but what does come up ahead of the others is the fact that because Clinique doesn’t bother my eyes at all. I am able to open my eyes without that stingy or goopy feeling. The formula Clinique uses is so gentle on the eyes it definitely is going to become my choice of Balm",2021-01-18
P411540,5,"This product replaced my foundation...and it’s the reason why I don’t need foundation anymore, ever. Not only does it color correct, it also soothes my dry, irritated skin so it’s not patchy and red at the end of the day. The texture takes some getting used to, because it’s thick, but it works so well on my fair skin that I’ll never stop using it.",2019-11-16
P297524,5,"WOW! I got a sample of this product with a recent order, and after one use I’m impressed. I’ve never really had luck with masks or noticed a difference after using them.After one use of this mask, my skin felt so clean and is glowing. My large pores along my nose are noticeably clearer.I will definitely be purchasing a full size when my sample runs out.",2015-07-14
P309308,5,"For some reason my “only during TOM occasional breakout kind of skin“ started breaking out uncontrollably last month all over, I did masks, facials, switched up my skin care routines.. I tried everything and then while slowly feeling defeated I came across this product and decided to give it a go and as much as the price hurt my heart and my wallet, I am so glad I took the plunge! I used it the first night and when I woke up the next morning, my texture was basically gone and the under the skin break outs on my forehead were significantly smaller if not gone! By the third day I realized my face was almost if not all cleared up! It helped with any hyper pigmentation and just makes my skin brighter! I have VERY sensitive skin! The kind that if I even think about trying something new my face will break out!  This not only didn’t break me out, but I didn’t get irritated by it (I only use it at night) my skin is back to its clear self and it’s brighter! I do not wear makeup daily so this just helps make you glow!!! I will repurchase. (For the record, I am 34 y/o with very dry/sensitive skin, retinol sensitive and allergic to rose! I have no issues/reactions with this product)",2017-02-21
P423688,4,"I received this sample complimentary from Dermalovica. It gets the job done. I like how it’s not too harsh on the skin but can effectively exfoliate. My face feels very clean and smooth after using it. I haven’t used it for long enough to know if it would become a staple, but so far I like it",2022-08-30
P427419,3,"Pills! Pills! It PILLS!!!!Otherwise, it’s a good serum - does a good job at its price point. But wear it only before bed, because you won’t be wearing it under any makeup or spf.",2018-04-23
P248404,5,I will literally never use another cleanser  again. this cleanser does an amazing job of removing any dirt/build up without stripping your face. it feels so clean after using and doesn’t irritate my sensitive skin. ive convinced so many people to buy this cleanser and every one with all different skin types loves it.,2020-10-18
P421275,5,Gifted by Peace Out Skincare in exchange for my review. These are a great way to greatly diminish or entirely get rid of a zit! Put one or multiple on before bed and let them work their magic while you sleep. Highly enjoy and recommend!,2022-01-03
P269122,5,This is a great product. I thought it would dry my skin out but it didn’t. Skin looked smoother after just a couple of treatments.,2020-06-26
P378852,1,"I was recommended this product by a Sephora employee after describing my skin state to her - normal to dry, and sensitive. I gave this moisturizer a try for a few weeks. It didn’t moisturize, and really did nothing for my skin but make it red all over and irritate it. I really wanted it to work, as it smells amazing and I thought it was a good price. It was a terrible purchase and by the time I realized this is was too late to return it.",2020-03-12
P423688,5,I love this! It’s sooo gentle on the skin. I use it along with the special cleansing gel. I thought that I wouldn’t be able to use it everyday but I have!,2020-11-11
P248407,2,"Great product but smells terrible.  This product is claimed to be fragrance-free, but it’s not.  It actually has a terrible strong smell.",2018-06-08
P394639,5,I got this product has a sample. It made face soft I will be making a purchase soon,2017-08-06
P126301,4,"What you get:A large container of balm that will last forever, with a product that works as advertised, especially when used as intended.A product that must be applied pre-wash, and thoroughly worked into to eyelashes in order to remove all mascara.A product that must be lathered with water after application, and then thoroughly rinsed off.An absolutely non-drying, non-irritating product.What you don’t get:A no-rinse cleanser.Fragrance.Drying or irritation.Mascara rings, because it’s all gone!Final verdict:I bought this cleanser especially because I have excessively dry skin. It has worked for this purpose.I use this product only prior to a shower. For this reason, I use another no-rinse makeup remover at other times. This is the one product that I use at the end of the day to remove products that other cleansers simply couldn’t remove. I will purchase this again, if my jar ever runs out.",2009-03-12
P427417,5,"I really like this. I’ve only used it for a few days, so not long enough to see real results, but I can already see it working. my blackheads are far less noticable than they used to be. I think with enough time theyll mostly be gone, which is great because I haven’t been able to get rid of them for years! I cant wait to see what all it does.",2019-08-29
P454380,5,"If you’re looking for sunscreen for under makeup, this is probably the best you’ll find. It’s not greasy, absorbs fast, and has the texture that can be comparable to Smashbox’s Photo Finish primer (like a dry gel). It’s great as a primer or just on it’s own. I don’t get any negative effects from it, just protection I need.",2022-10-06
P269122,1,"I guess it works on some people, but it never did for me. I started breaking out even more after a week of use. The sephora lady told me it’s common at times to break out, but I should start seeing results soon. Two weeks came, no results noted. I was very disappointed because I paid $88+ tax for it. I had high hopes considering it is a top brand and there were many good reviews. I thought this will help my skin problem, but it actually just made it worst. I have ongoing breakouts right now. I never had this problem before. I usually just get one acne then it’ll be gone after few days. I normally get them on my period. But this time, it’s been very stubborn since I’ve been using this product.Maybe I’ll try Philosophy’s microdermabrasion. Again, I am so disappointed. I was hoping for at least some slight slight changes, but no. It made my skin breakout even more, and the redness from previous acne marks are still present. It didn’t lighten.Waste of money for my case. Won’t purchase again. I hope it’ll work out for you though (to the reader).",2015-09-01
P453816,5,"Works perfectly, I found it to be very effective.",2019-04-12
P427417,5,"I use this with the ordinary Hyaluronic Acid and the combination of these 2 products have completely changed my dry, irritated, and sensitive skin to the best it’s ever been. This product will be a permanent staple of my skin care routine.",2020-08-20
P467762,5,"I like how lightweight this toner is. I Iike Glow Recipe watermelon products. I usually use this toner twice a day after cleansing, before serum. My skin is hydrated and replenished, I also notice that skintone is more even.",2022-05-18
P423688,5,"Like product,for my face,for clean is perfect for my.",2021-03-27
P12573,5,THE BEST ! Moisturizes the lips as well as giving a shine as if you have on gloss. Long lasting also !,2017-09-13
P453816,5,"I’ve been a long time user of Simple makeup wipes until they recently changed their formula. I was on the hunt for another brand of makeup wipes that wouldn’t dry my skin out or make my eyes red, but was having trouble finding something. I’ve always loved Clinique so I thought I’d give this a try and I’m very pleased! This is gentle, fragrance free, and my skin does not feel dry or irritated afterwards. I bought this mini version because I wasn’t sure I would like it, but I will be buying the full sized once I run out.",2022-02-28
P392246,5,"I was hesitant to buying this because the price but WOW. I have struggled with acne, meaning 4-5 pimples on my face at a time and just rotating where it is pretty much, and this has cleared my skin like no other. I have tried to many products and finally found my one. Cannot go without this!",2019-12-08
P470255,4,"4.5 starsPros: makes your skin look matte with out drying. I don’t use make up but my CC cream goes over it with no complaints, and looks better than normal! Cons: Pricey and does not spread as well as I wish it would",2021-02-02
P443352,5,"This is my favorite mask I own! The experience in itself is so cool, preparing your own mask and watching it become like putty? So cool. And it leaves my skin feeling and looking so good. I even had my SIL try it and she went out to grab one herself!",2021-12-28
P421275,3,"mediocre- imo, it’s not worth almost a $1 a patch since they’re so small. i’ve noticed it also doesn’t suck out a ton even tho i leave them on overnight",2022-06-01
P7880,5,"At first I wondered how this cleanser would actually clean my face as the consistence of the cleanser itself was not thick, creamy, or foamy. But I thought I would give it a chance.SOO glad I did! I struggle with some acne (mainly on my chin) redness on my cheek bone/temple area, and dryness. This cleanser has resolved it all. It smells amazing, I always feel so refreshed after using this product. I have use many products, including Clinique and this by far without a doubt has become #1 in my book! I now use the entire fresh line and threw everything else I had away.",2016-01-17
P480612,4,Got this from influenster in exchange of my honest review! Have been using it for last 2 weeks and love its effect on my ageing skin - great for hydration and tightening pores. Using it religiously as part of my routine has improved the texture and healthy feel! Highly recommend!,2022-02-02
P439061,2,"This really didn’t do anything for me, I didn’t see any difference. On the plus side it didn’t break me out or anything. For the size it’s a decent price.",2021-09-30
P422905,4,I really enjoyed this eye cream. I had a smaller size of this and it lasted me over 6 months so the bigger size will last for a long time. A little bit goes a long way. I have dry under eyes especially in the winter and this really kept my under eyes hydrated feeling and looking. It didn’t improve any fine lines or wrinkles as it claims but I honestly didn’t think it would anyway. I would definitely purchase this again.,2020-02-22
P270594,4,"I received a sample to test, and I was not disappointed. I have acne prob skin so I’m always hesitant to try new products but this it’s light and infused with amazing vitamins that helped the look of my skin. I will buy this product in the future. I feel gloomy and radiant.",2019-04-10
P420652,5,My lips were really dry from using too much Menthol beeswax on them 20 times a day every day.. I was really addicted. I started using this at night and my lips are back to normal. I saw a difference in about 3 days. I also slip it on during the day sometimes. I love it.,2020-06-23
P7880,5,I use the hole soy face line and it is so amazing. I will never use anything else again in my life. This is so amazing.. I don’t care about the smell. It has taken the red from my face and has made me more of the tone I wanted to be. I have dry skin and this product just gives my skin what it needs. I don’t have any dry patches. AMAZING,2010-06-05
P394624,5,Finding a moisturizer that actually works is a miracle! I recommend this to anyone that has dry patches around the cheeks and have some oily areas around the face as well. I use youth to the people cleanser along with this moisturizer and it’s been working for me.,2021-05-24
P470255,3,"When I first bought this, it was perfection when I applied it my skin. However, as time went on I noticed that whenever I used this sunscreen after certain skin care products, it would ball up and peel off my face. “Maybe I put the sunscreen on before my skin care could dry down?“ So I waited until it dried down, that didn’t work! It would still ball up and peel off my face like soft silicone. I am very picky when it comes to sunscreens because my standard is Clarins, which I’ve been using for 5 years now. They haven’t re-launched their sunscreen due to Covid. Some may not like Clarins, but it works for me. But to get to the point my standard is Clarins, I need my sunscreen to work with whatever skin care products I choose to use. I really liked this sunscreen at first: it did not break me out, I did not irritate my sensitive, dry skin. I would still recommend it, just watch out for what products you use, it may not mesh well with them.",2021-05-14
P467762,5,"I’ve been using it for about a week now and I’m Happy with what I see. My skin feels and looks cleaner, hydrated and refreshed. ByeBye-bye pores!",2020-05-10
P218700,5,"Luv luv luv this oil! I’ve struggled with dry skin in general, but particularly in the winter for many years, with flaking skin, even after using heavy duty moisturizers. Been using argan oil for two years now and it is AMAZING! It absorbs quickly and has a nice smell. I am fair skinned and when I use it consistently it helps with the redness in my skin, dry flaky lips, hands..wherever. For the winter I use the regular oil before bed, after a shower. And for day I use the Light Argan oil to help keep me moisturized. Really good stuff! Nice to have found a product that actually works!",2018-02-06
P392246,5,"This is a clean product y’all!! No crazy ingredients!!! This is great for texture on the skin if you want to smooth out your pores too, I’ve definitely seen a different skin texture by just using this for a week! I do recommend using a sun screen in the day time afterwards!",2019-12-06
P269122,5,"I tried the Alpha Beta Extra Strength Daily Peel by Dr. Dennis Gross as a sample from pinch me. The product is easy to use, and left my skin feeling good. My trial sample was not enough to know all of the benefits, but I am buying some more to see. I did see some brightness after just 3 days.  Overall I liked this product and will continue using it.",2019-06-28
P418218,5,"I have oily skin and suffered from mild acne so I’m super picky about what skincare products I use. This cream has been amazing for my skin, giving it enough hydration without breaking me out. I use it as a day cream and/or before my makeup routines",2019-02-03
P441644,2,"I bought this after hearing such high praise of it, which lead me to be rather disappointed. It’s an okay cleanser, that’s it. If you have no skin concerns I’m sure this would be great for you but I continued to have regular breakouts and blackhaeds. It made me feel clean without stripping which is a plus but that’s about it.",2020-07-20
P269122,5,This stuff works miracles!! My face looks and feels so much better after just one use!! No awful burning or itching. Just wonderful looking skin. Thank you,2019-05-23
P12573,5,This stuff literally feels like a nice soft butter. It’s amazing.,2017-04-04
P248404,5,"HOLY GRAIL CLEANSER. I have normal/combo to dry skin, and I swear by this product. I had originally gotten the christmas duo package with the moisturizer 2 christmases ago and still use both of these products to this day. Super fairly priced and comes with A LOT of product. So good for sensitive skin and it’s cruel-free which is awesome!",2019-04-24
P443563,5,"It really is the perfect combo of balm and gloss. It’s moisturizing but light enough for daytime wear. It lasts a long time also. Berry smell reminds me of the nighttime lip mask by Laneige. It also barely has any color to it, which I like. Buy it. You won’t regret it.",2019-05-04
P218700,5,"This is an amazing product - I have actually bought it several times and have used every drop. I use the face product (which is great for cuticles) and the hair product that makes even by difficult hair smooth, soft, and unfuzzed in the humidity. Worth every penny.",2012-12-10
P420652,3,"I had to give this product 3 stars. Yes I do like the feel on my lips, and the smell is nice. But, honestly putting vasaline on my lips works better and is way cheaper. Think this is a product for people who have never tried vasaline at night. I like it, but wouldn’t buy it again.",2018-03-06
P429952,5,This mask actually does something! I use when I fly and anytime I’ve been out in the sun and need some extra hydration. My skin is so deeply and glows after using!!!!,2018-12-18
P441101,5,"my go-to dry skin moisturizer!!! i’ve used other face lotions in the past such as belief’s aqua bomb, fresh’s rose deep hydration face cream, and even tatcha’s water cream, but none of it compares to this!!! i use it twice a day and it keeps my skin soft, hydrated, and glowing. it’s pretty pricey but it lasts me a few months so i don’t mind splurging on it. i went without it a couple days waiting for the vib sale and during that time my skin got super dry and started peeling. once i bought a new one an applied it my skin felt brand new right away!!!",2019-11-17
P427417,5,"i love this and it’s my 3rd bottle, it has really helped the appearance of my pores and my skin in general",2020-03-29
P302103,1,Where do you get off selling this as “advanced therapy” - after using this on my healthy lips for ONE SINGULAR DAY I’m all chapped up! It’s so uncomfortable and all I can think about!!!! I need advanced advanced therapy now. This is the worst $26 ever spent.,2020-03-17
P122900,5,I love this mosturizing gel. I have combination skin and roseaca and moisterizers are difficult to use to balance out. My roseaca is cleared up and skin not too dry or oily. It absorbs quickly to underneath cell without having,2009-09-29
P409800,2,Worth the price? No. These wipes smell great and take off your makeup but they do the same thing as a normal drugstore makeup wipe. They also are smaller then a normal makeup wipe! I personally won’t be buying again.,2019-10-14
P429952,5,"I’ve always been a beauty junkie - but despite trying every product under the sun, I still suffered from extremely dry skin and by the end of the day my makeup looked dry and flakey, especially under my eyes. This mask/lotion has helped immensely. I don’t know what magic they put in here but it’s been very rewarding to find a product that actually lives up to all the hype! I will buy this over and over again.",2018-04-22
P480630,5,I love everything about this. smells great and is light in scent and applies great and is also really good for a primer before makeup. I apply it at night and in the morning sometimes or any time I feel like my skin needs a little “glow“. definitely looking forward to using this in airplanes since my skin gets really dry during long trips.,2018-11-25
P441101,5,"I have unbelievably dry skin and this saves it every time. In the winter my whole face flakes and peels. This makes me glowy and dewy for 24 hours + and gets rid of the flakes instantly. I have never gotten more compliments on my skin in my life. After putting this on, makeup even looks better. If you’re hesitant about this because of the price, I recommend going into a local Sephora (if you have one) to get a trial size. For me, the price is absolutely worth it - although it only lasts me around 3 months. For the past couple of months I have been on the hunt trying to find a comparable creamd absolutely nothing changes my skin like this (I have tried drunk elephant, Josie Maran, Charlotte tilbury, philosophy, drugstore brands, etc...) If I could only have one skin care item it would be this. I will continue to buy this despite the price. If you’re unsure - do it !!!My only negative note about this is that if you are not a fan of heavy creams, this might not be for you!",2020-04-03
P443563,5,I love this lip balm. I received this berry flavored balm from influenster. I am using ever day on top a lip color. It makes my lips soft and shiny even more hydrated. It is must have product.,2019-04-04
P426183,5,I have had really bad Acne scars and large pores so I never left home without foundation.  I have only used the essence for a week and have seen pores shrink and acne lighten up. I know within a month I will be confident to leave home without foundation the way I am seeing results.,2021-05-31
P443352,5,"Love this, helped a lot with my black heads and acne it’s great on my skin and doesn’t dry it out. 10/10 totally would recommend",2023-02-11
P471546,3,"I have acne and acne scars, and generally red skin. This stuff is great for days when I want to wear a little less foundation. I’ll put this all over, and then use foundation/concealer to cover the acne, acne scars, and under my eyes. Places like my nose, forehead, and chin that don’t have acne don’t need foundation if I use this cream. I also think this is helping reduce redness long term. One thing that made me want to write the review is that someone else here said that you can’t wear liquid foundation over this, and that’s absolutely incorrect. If you don’t set your face with powder, yeah it will slide off because this cream doesn’t really”set” like some foundations do. But if you put foundation on over this, and then set your face with powder, you shouldn’t have much of a problem. I have done this countless times with no problem.",2019-05-06
P232915,2,"this broke me out, it does tingle when you put it on your face and it does seem to exfoliate nice, but I couldn’t over look the skin issue I was having.",2017-06-18
P420652,3,I like the mask it is wonderful but my favorite part was the little spatula and it broke apart on the second use. Bummer,2022-02-12
P450271,5,I really love this product. The texture is fantastic and does not leave my skin feeling oily. The makeup just melts off. I have started using some “clean” products and this has been my favorite so far!,2019-05-15
P418218,5,"I absolutely looooove this product! The way it just melts into the skin is amazing! It starts out like a normal face cream and then just turns to a water texture. Its a dream on the skin, leaving it feeling so refreshed  and hydrated! Completely worth the price tag.",2019-07-11
P443563,5,"Best lip balm ever. From the subtle scent, to the moisture, to the color (I got grapefruit). It’s amazing, it’s moisturizing and it lasts fairly well. You can use on it’s own, no makeup days and with makeup. It’s literally perfect for every occasion.",2021-04-13
P427417,5,"Love this product and just ordered my second bottle. It doesn’t pair well with all products and can pill sometimes so be careful, but a true LOVE!",2017-12-24
P441644,5,"I am on my 2nd purchase of this! The glass bottle is gorgeous, the smell is clean and green. It has a nice thick gel texture so a little goes a long way.  It leaves my skin feeling refreshed and nourished. Not drying at all!",2020-04-16
P122900,4,"Overall I love this product, it never leaves my face oily, I do suggest a thicker moisturizer in the winter time as my face was still a bit dry",2010-03-21
P443352,5,My skin feels so smooth after using this daily microfoliant gifted by dermalogica in the mornings. My make up goes on so much smoother and I’ve been using less since my skin looks so good! Highly recommend to anyone looking to love their skin again!,2022-08-29
P427417,5,I got this product to help with my closed comedones. I’ve used this twice a day for a few days now. I noticed a difference after the first application. My skin texture is so much smoother and softer. My current breakout has dried up and healed quickly. I’m excited to see how this will continue to work!,2021-01-02
P480612,4,I got a sample size of this product complimentary from Influenster for my honest review and I really love it! I have combo skin with an oily t-zone that gets occasional breakouts. This moisturizer was very lightweight and has a nice but light grape scent. It really helped to control the oiliness in my t-zone but still felt hydrating on my skin. I didn’t notice any reaction to it but I will be curious to see how my skin does with it after an extended period since it does have a small amount of salicylic acid. It’s been really hard to find a good lightweight moisturizer that controls my oily t-zone so I’m excited I got to try this and will definitely be buying the full size product!,2022-02-07
P218700,5,I got this as a reward and it literally changed my skin over night. It’s normally really dry and rough but it’s been so soft and hydrated after putting on a couple drops every night. It’s done wonders for the dry skin areas around my nose!! in my opinion the light version doesn’t work as well as this one,2018-01-19
P126301,5,I love this balm! It takes my face and eye makeup off so well. It’s creamy and goes on easily and removes makeup wonderfully.,2009-05-20
P302103,5,"I’ve been using the Fresh Sugars for quite a while, so I didn’t really think this would be different from the others. It is! Much more hydrating..stays on longer. I use it at night and first thing in the morning under whatever I am wearing that day. Love it.",2012-07-21
P481817,5,"I bought this on a whim tonight at Sephora while browsing in the Caudalie section. I was looking a facial mist to refresh my skin while at work. I really wasn’t expecting this product to be miraculous, so I bought the 1 oz. mini.This product truly lives up to all its claims. After about 4 hours into my shift my skin began feeling dry and tight and my forehead looked like an oil slick. I spritzed this on bare, moisturized skin and went about my day. An hour later I looked in the mirror and noticed my face looked radiant. I was glowy but not greasy, my forehead was smooth, and my pores were barely noticeable.Not sure how this will work over makeup, but it’s definitely a keeper as a toner and skin mist! Definitely will be purchasing the larger size and buying more mini-sized bottles to keep in my handbag.",2011-05-17
P126301,5,A few months ago I was looking for a better cleanser to wash off my makeup after reading some of the reviews I decided to try it. WOW this cleanser is the best night cleanser out there. It washes away all traces of makeup yet leaves your skin feeling soft and smooth not at all tight or dry. My only complaint is this jar doesnt go very far but I will continue to repurchase becasue there really is nothing better out there.,2011-01-26
P126301,5,"I love this makeup remover. I have adult acne and oily, but dehydrated skin. This was recommended to me years ago but the oil cleanse thing was to scary for me. Glad I finally went for it. Nothing takes my makeup off like this and my skin doesn’t feel tight. I cleanse after with caudal ice cleansing milk and then moisturizer. I recommend this as a makeup remover. Very few ingredients. Fragrance free.",2014-02-01
P309308,4,"This product is great. I used it every night for around 6 months and found that it made my skin’s texture and colour look more even. That being said, I had to stop using it because I simply could not afford the $200.00 price. Since I stopped using it-- which was about a month ago-- my skin has pretty much stayed the same. If evening your skin tone/texture is a top priority for you and you’re willing to splurge for the results, then this is your product. However, if you’re like me and you like the way this makes your skin look but aren’t willing to routinely drop $200.00 every few months, then I would recommend researching cheaper products that have a high amount of lactic acid in it for similar (but maybe less noticeable) effects.",2017-09-12
P453816,5,Wonderful product!  I don’t know what is in this but my waterproof mascara came off with ease.,2018-12-22
P232915,4,I received a sample of this and after one use noticed smaller pores and less blackheads on my nose - will definitely be purchasing!,2020-06-09
P430337,5,"I had never tried any OLE HENRIKSEN products before this one, and now I am hooked! This is easily one of the best moisturizers I have ever used! I used this after washing my face in the morning, and after taking off my makeup before bed.The packaging is gorgeous, and the smell is so nice! The formula is so light and hydrating! My favorite thing about this C-Rush Brightening Gel Creme is the fact that it absorbs into my skin quickly without leaving a sticky residue. After applying, my skin was glowing, smooth, and didn’t feel dry in even my problem areas. Pro-tip: If you suffer from puffiness in the mornings, put this in the fridge and use it on your face while it is cool!I received this product complimentary for sampling purposes but all opinions are my own!",2018-05-21
P411540,5,I’ve never used color corrector before! And this stuff is amazing!!! My skin looks amazing after wearing this. Cause of a mom of 2 i don’t have time to wear foundation every day and this stuff definitely helps cover up my splotchy skin. I use this after I moisturize and it blends in so well. Any spots that need color correction vanish and my skin looks and feels smooth. I will definitely buy this in the future!!!  The only complaint I have is after I apply it on my face is my hands feel dry and Grimey feeling so I have to wash my hands after applying but other than that. I have no complaints,2019-09-04
P423688,4,This product felt more like a cleanser than an exfoliator for me. It left my skin feeling clean after each use but did not make a huge difference. I still finished it though and would recommend if you want something that cleans well and is gentle!,2020-05-25
P420652,5,"If I could use one word ... LIFESAVER. Maybe a little dramatic, but honestly I am obsessed. I love the fact that you can opt for a scent less mask. I’ve always been hesitant due to the price VS the size, but you won’t regret it. I’ve used over 20 times and have only made a little dent. I will buy again and again.",2020-05-09
P417238,5,"Love this product, removes all makeup. It’s not as greasy as other balms and leaves face feeling clean and smooth",2019-07-06
P471546,5,amazing this is one of the best products on the market can’t leave the house without it i take it everywhere with me. if your looking for a color corrector this is the best choice. if you use this before putting on foundation it will make your skin look flawless it will take away the redness and voila just a very even skin tone. at first i was a little iffy on the price but i would for sure say that it is worth it! over all great product!,2019-03-23
P417238,5,Not oily. A little goes a long way. Melts makeup right off.,2021-07-23
P309308,3,I have not seen the diminishing  of my wrinkles or “age” spots.  I do like how my skin feels.  It is expensive.  Just not sure it works for me. Perhaps it is for younger people.,2018-10-30
P375849,5,I love how easy and simple this routine has been and how effective it has been in lightening up my dark spots and making my skin nice and glowing. I love how it has helped the lines seem to go away as well it is a great system i intend to continue using and thanks to influenster for allowing me to try this system because i probably never would of found it on my own. I recommend to all skin types as it works for mine and I’m a combination type. The ingredients are gentle and doesn’t irritate my skin and the packaging is is great for easy use and travel sized so you can bring with you and won’t take to much space.,2021-06-05
P378852,4,"I Love The Orange Citrus Scent! It’s Lightweight And Non Greasy. However, Im Not Sure If It’s Made Any Difference In The Appearance Of My Skin.",2013-08-26
P218700,5,I like using this oil on my nails and cuticles between manicures. I also use it on the ends of my hair when I braid it to make them smoother.,2013-07-24
P411387,5,"I started seeing results as soon as 3 days. My skin was noticeably clearer. I’ve struggledwith acne for so long, this cleanser is a miracle!!",2020-07-29
P450271,5,"Love this!!! When I got a facial done in store they used this to wash off my makeup, and I bought one for myself. It’s super smooth and doesn’t make me feel oily",2019-07-20
P433520,5,It is a beautiful moisturizer. My dry skin needed this. The scent is slight and it does not irritate my sun-burned skin. It gives a luxurious feeling that I highly recommend using at night time.,2022-04-12
P423688,5,"Love love loveee this product! Although it may be pricey for its size, I only use a small amount on my face and it does the job! This makes my skin feel extremely soft and clean! Definitely buying the bigger size when I’m done with this one!!",2021-05-09
P471546,5,I prefer a more natural look when it comes to makeup. I typically look for light coverage but this gets tough when it comes to uneven redness. This product takes the cake though. It goes on green and changes color as you apply it. It feels a bit tacky after application but would make for a great primer. ItS light enough to  even out my redness but also allow my freckles to show.,2021-02-04
P426183,5,"This essence felt really great on my skin during the past three weeks. It’s very light and doesn’t have a scent that bothered me. I used it before my serums and noticed it would leave my skin glowing. Although the price may be a little steep, a little really goes a long way so I would imagine the bottle would last for a while.",2021-06-13
P302103,4,"Definitely nourishes your lips and feels amazing and has a great smell. Is a tad bit oily on your lips when you first put it on, but helps my lips stay nourished for a few hours",2020-03-01
P460779,5,"This is such a great serum!! It’s a pretty good price for a serum and it’s a great size. I’ve been using this everyday for about a month and my skin feels really good, very soft!! I received this item for free for reviewing purposes from Influenster.",2020-08-24
P7880,1,"Honestly not impressed with this product at all. Strawberries are my favorite fruit, so I was super excited to try this. One whiff of this, and I couldn’t put my finger on what the scent was. It definitely didn’t smell great. I figure it has more of a scent of cucumber, which is my absolute least favorite scent. On top of that I would have not paid the $38 retail price, especially since it doesn’t seem like the cleanser really does anything for my skin.  I received this product free for testing purposes.",2019-06-06
P409800,5,"I always stuck to drugstore or baby wipes because I thought, no way am I spending more than $5 on something just to wipe my makeup off with. I made a trip to Sephora and came across these and instantly fell in love with their smell. It’s a very reasonable price   it leaves your skin feeling so fresh and hydrated! Love and I definitely recommend them.",2016-11-04
P460779,5,I received the product in a complimentary box for testing purposes and I’ve used it for about a month and a half mostly at night even tho it says twice a day (I can never be consistent lol). I really liked the immediate results because I felt my skin automatically nurtured and not tight as it happens with other serums. With the days using it. The sensation it leaves in my skin is a little bit tighter than the first time but still is not something that bothers me. My skin increased its radiance and using the serum is the only thing I’ve changed in my routine (so it must be due to the product) and I loooveee the smell. No complaints so far,2020-09-15
P248404,5,I love this cleanser! Its gentle but it cleans my face very very well and leaves my face fresh and clean.,2016-05-23
P248407,5,applied once on my chapped cheeks. skin felt soft and smooth over night,2012-03-16
P126301,2,"It’s not soapy, not oily, feels like painted water, doesn’t remove makeup well.",2018-03-08
P426183,5,A must have during the summer.,2018-09-02
P218700,2,At first I thought it was breaking me out a little. Thought about returning it. Not as great as everyone makes it out to be which is why I’m giving it 2 stars. It’s just ok. My olive oil+ castor oil works better and is WAY cheaper,2013-12-29
P454794,5,"I have combo skin, large pores, surface dryness (meaning when i wash my oily face my skin becomes tight if i use cleansers for “oil“-- so I typically have to use a gentle milk cleanser). I love this stuff. It absorbs very quickly and is very light--- so if you want that dewy, super hydrated skin this will not generally give you that result. For me this was a light moisturizer that absorbed quickly into nothingness (in a good way for me, as I put sunscreen on overtop!). I think it’s great for summer-- would probably want something heavier for the winters in Canada.",2017-05-23
P471546,5,"I love this! Not only does it correct any discoloration, it also gives me a little glow. Not an oily glow, but a brightness. A little goes a long way so be careful not to use too much. I like using this on my no makeup days because it balances my skin almost as if I am wearing a light foundation. I haven’t used it before applying makeup, but I might try it as a primer.",2019-12-01
P269122,5,"Love these - tried reg strength and my sensitive skin tolerated it so well I moved up to extra strength. I don’t notice a big difference between these and the regular, but I do love this product (either strength).If I use this at night (I use it where I would use a toner in my routine), I wake up with better skin in the morning every time. You can SEE the results overnight, I love instant gratification.I wake up with smaller pores, more even skin - even “calmed“ skin if that’s possible (i.e. less redness, more even color). Every day my pores are clearer and less blackheads. I’ve been using these a few months - intensively for a few days when I want a good boost, then just once a week or so when I’m feeling lazy. I can see the difference in the morning every time.This is a holy grail product for me that actually does what it says. AND it reintroduced me to retinol without making me itch, crack, peel - so I couldn’t be happier!!!I would say it’s common sense (and on the box) not to use it on lips or around eyes - but that being said, to combat milia I DO actually use this on my lower orbital area. Besides being a bit drying, no problems. As long as I moisturize when using this, it’s not a problem.",2013-10-02
P7880,5,"What a great first cleanse! So refreshing in the morning and I love that it doesn’t foam, so it doesn’t dry out my skin. Highly recommend. I received it free from Influenster for testing purposes, but have been using it for many years before my VoxBox arrived!",2019-05-27
P418218,5,"Love Tatcha products! Leaves skin feeling soft, hydrated and plump! A little goes a long way, no need to apply a lot.",2019-02-02
P442563,5,I honestly love this product. Tiktok has really hyped it up and I love using it!,2021-04-11
P392246,5,I accidentally used this during the day and loved it!!!!  I realized it was for use at night and have been doing that. My skin is so smooth and pores are minimized. I definitely have noticed wrinkles blurring and my morning routine is so much easier. No redness at all. This is one of my favorite products.,2019-12-16
P248407,5,"I love using this before bed. It’s not heavy, and hasn’t broken out my acne prone skin. I also have combo skin so any dry patches are gone by morning. Great product, highly recommend. If you are just going to use it or your face I suggest buying just the to go size because it’s 2 oz. and will last a whileeee for your face.",2012-04-07
P394624,5,"This cream is like a shot of 24/7 moisture therapy. I’m not exaggerating either. It really can keep your skin moisturized for 24 hours straight. This is one of the only moisturizers i’ve ever tried  that doesn’t cause any breakouts. I can also use this as a quick FACE MASK! I LOVE that, because i love face masks and use them daily. So i was very pleased to receive this in my September Play Box.",2017-10-01
P427419,5,"Can’t beat the price— this can substitute for most serums, hydrating your skin to your hearts content pre-moisturizer. Recommend to anyone and everyone!",2019-02-16
P126301,5,I had used every towelette and remover I could find in order to curb the watery eyes I was suffering from. I finally decided the watery eyes weren’t related to my removers and was just an allergy to make up itself. Then I tried this. There is NO stinging. NO watering. It feels strange and I was worried about residue but it rinses very clean and my eyes don’t water any more. I am so grateful for this product.,2015-01-04
P248404,5,"Gentle, effective cleanser that does not leave my skin feeling dry. Removes my makeup too. My skin was not happy with me after trying a new moisturizer. This cleanser has helped calm my inflammation and acne. 100% recommend",2018-03-19
P309308,5,"I got this as a sample once and, even though the smell was HORRIBLE, I could really see a difference the next morning, so I bought a full size one.It’s totally worth it! My face is super clear and brighter. The funny thing is that I don’t think it smells as bad as the sample did. Maybe the formula changed?",2018-12-19
P429952,4,"I was pleasantly surprised by this product. Truthfully, my skincare routine has suffered some since the beginning of COVID, and this feels like a simple solution. The mask goes on light and fragrance free, which is awesome for someone like me who is very sensitive to smell. Once applied, there is a slight tingle, which feels great given the recent summer heat. I was a little hesitant when I saw that the product didn’t need to be wiped or washed off, but after 10 minutes I felt very little lingering residue and my skin felt firm and refreshed. Definitely recommend!",2021-07-10
P427417,5,good for small spots or dark spots. dries quickly and doesn’t have a scent,2019-10-01
P420652,5,Excellent for cold climates or chronically dry lips!,2019-11-01
P394639,5,"Got my first try of this as a little sample - had to go back and buy it! Great product for dry/ dehydrated/ oily skin. I keep mine in a little cosmetic fridge, feels great on my face when cold and gives me continuous moisture/ hydration through out my day. Very light weight and does not clog pores - which is something I struggled with dealing with face creams and other moisturizers. An absolute must try!",2020-06-16
P392246,5,"This is definitely a luxury product that actually works! I loved using it for the last 11 days and my skin looks great! I have combo skin and it’s hard to find a serum that keeps my dry spots moisturized while also not breaking out my T-Zone - but this one did it! I followed the recommended idea from Drunk Elephant to make a smoothie by mixing it with their moisturizer and putting it on at bed time and I loved it! You get what you pay for! My face is not dry, my skin is clear, and it just feels so much better! Also my skin is much less red than ever before!",2019-12-18
P411387,1,"I have sensitive, combo skin. Immediately the cleaner made me breakout, worse than I’ve had it. It clogged my pores quite badly, especially on my forehead. It does have a scent to it, which smells good, but fragrance is terrible for my sensitive skin. I would not recommend if you have oily, sensitive skin.",2021-09-01
P460779,5,"I received this product as a free sample and I really liked it, it wasn’t greasy or made my skin sticky it went on smooth and it smelled really good to.",2020-11-23
P427419,5,Helped clear up dry patches in no time!,2018-02-14
P480612,5,"I love it, it leaves the skin soft and very beautiful, the skin looks and if it reduces the pores I love it if I would recommend it",2022-01-25
P420652,5,"I really liked this mask cuz it’s all good, feels real light and good on my face, one of the best on the market, and good price",2020-08-20
P471546,5,"I have been using this as a primer for about a year. As a redhead, my skin has a lot of red undertones and this really helps mellow them out before I put on makeup. I also like that it has an SPF so I can make sure I’m covered from the sun. A little bit goes a long way, so even though it’s expensive, 1 jar lasted me about 11 months, with pretty much every day use. I recommend if you struggle with general redness.",2019-06-23
P471546,1,"I used 100 pts of my rewards to try this out, and boy I’m glad I did! It’s got a super thick consistency and definitely meant to be used post-moisturizer. I put it on per the instructions and had an awful reaction. My skin started to burn and turn bright cherry red. I know this is supposed to reduce redness. I could see how this would work for others, but something just didn’t interact well with my sensitive skin.",2021-11-12
P420652,5,"Leaves my lips soft and plump for a long time. Very hydrating as well. Smells yummy and is not sticky, it’s very smooth. Loving it!",2022-08-10
P427421,5,** I received this for free in exchange for an honest review** I love this! I used this together with the drunk elephant serum and it gave me such a beautiful glow. I didn’t even have to wear any face makeup. It made me feel so good in my own skin.,2021-04-09
P422905,5,I have been using this eye cream for about a month and highly recommend. I have very dry skin and this product keeps my under eyes feeling moisturized all day. I like that the product does the job without feeling thick like other eye creams. If you are looking for a new eye cream - this one is a must buy! No harsh scent and soaks into skin immediately! I received this product complimentary for sampling purposes from Belif and Influenster.,2018-01-10
P394639,5,"Love this moisturizer! I have oily skin and it keeps my skin smooth and matte for most of the day, and it gives my skin the perfect amount of hydration. My skin absorbs it instantly and makes my skin feel super smooth to the touch, and it’s great for using under makeup! It feels like you have nothing on your face. I love pairing this with the moisturizing eye bomb, they work great together! Love this product so much!",2018-04-13
P441644,1,"I was looking for a good clean face wash, this one was recommended to me. I have very sensitive skin but was told this would be fine to use. The scent is very strong. I noticed after using it that my face felt very tight & it looked a little red. I soon started to notice breakouts. I used this product for about a month off and on to make sure that it was in fact this product.",2021-01-09
P269122,4,"These are gentle for being an extra strength. I do notice a refreshed look with brighter skin and less wrinkles. I have tried a better brand M-61 that I now use. However, these would be second for sure.",2014-06-21
P421275,5,"I suffer from acne, and they’re typically more of like a white head or under the skin. So pimple patches really help me kind of maintain my acne so it doesn’t get too bad and hurt. These patches are a good staple to have in your cabinet and I really enjoy how thick they are so they’re easy to apply and take off. Gifted by peace out cosmetics.",2022-11-06
P269122,5,Thank you pinch me for free sample and  thank you Sephora I was skeptical to try the product but amazed on how well I liked it,2020-05-18
P456398,4,I love this sunscreen! There is no white cast at all and it applies/absorbs in invisible. It’s a tad greasy/oily but once you rub in that fades! A little goes a long way with this product. I love that it doesn’t have a sticky feel which I dread when using a sunscreen. It stays on throughout water which is a major bonus and has cleaner properties than that of a chemical sunscreen.,2020-11-15
P433520,4,I really liked the feel of this product it was a cream but it didn’t feel heavy on my skin. Also I have sensitive and combination skin and it didn’t irritate or feel greasy over time on my skin. This is creamy but not heavy enough for winter but not sure if it will be too heavy in the summer. I would like to continue this for my PM routine.,2020-01-16
P418218,5,"I am on a second jar already and absolutely love my current skin condition. Tatcha - The water cream is lightweight, fast-absorbent yet still got me through the harsh winter. Can’t wait to use it for spring",2019-03-14
P375849,5,"Absolutely love this stuff!  I was very skeptical and got a sample from sephora and after using it for a few weeks, i noticed my face was dewy and so much clearer. I’ve now been using this essence for about a year. Yes, it’s a fortune but for the results I get, it’s a price I am willing to pay and one bottle lasts a long time!",2019-08-31
P427417,5,I absolutely love this serum and the price it has helped my acne and blemish all the way! I use this after I tone my face at night time,2019-07-31
P248404,5,"I have used this cleanser for over a year and I love it. I have very sensitive, oily, acne prone skin and this doesn’t dry out my skin or block my pores. It’s foamy and really gets my skin clean.",2012-03-09
P248407,4,Provides great hydration and feel like it provides smooth base under makeup.,2013-05-06
P450271,4,I really like this balm. I received it as a free sample a month ago and just started using it at the end of the day to remove my makeup. What I love is that it removes even pesky mascara and waterproof eyeliner in one swipe! It’s very smooth so it doesn’t tug at my eyelids which is also very comforting and the scent is clean and refreshing. My only complaint is I feel like I would go through this quickly. I’ve been using it for about a week and I’m almost done with the sample size which leads me to believe I would go through the larger one in about 6 weeks...which doesn’t bother me too much since the product is good. I just don’t know if I’m sold enough yet in that regard. Otherwise it’s a great product,2017-05-28
P309308,4,Can “feel it working” when you put it on. Noticed a difference in my skin after one day of use. I now pair it with Sunday Riley’s Luna night time oil.,2018-01-11
P456207,5,My new favorite moisturizer! I have combination skin that is also sensitive & this works beautifully for me! It’s lightweight & absorbs quickly yet makes my skin look supple & glowy.,2021-04-08
P248407,5,"Some days, my skin will be perfectly normal, but then there will be an extreme change in the weather or the pollen count will be high, and my skin will become so itchy it feels like its on fire and ill have dry red patches on my neck and face. This cream has been my savior, i will never go back. Whenever i feel like something is coming i put it on and it immediately has a calming effect without burning. If you have eczema, u should buy it, not too expensive.",2014-04-18
P411387,5,"There’s a reason everyone loves this product! I have dry, sensitive and acne prone skin & my skin DRINKS THIS UP! It’s so incredibly smooth, gentle & effective! This product is literal perfection for me. Product is THICKKKKK! A little goes a long way, does not break down & fall apart but can withstand when attached to moisture & water when cleansing. I love it. Follow up with a great moisturizer if you have dry skin.",2021-05-23
P423688,5,I’ve only used this twice so far but already my skin feels so much softer and my blackheads are way less noticeable.,2022-12-19
P458219,2,"Sadly, this made me breakout.  Small bumps - not exactly acne-like but a definite breakout!!Beautiful bottle but not for me",2020-07-12
P394639,5,I definitely recommend this as someone with naturally dry and sensitive skin! This keeps your skin hydrated and glowing and smells great!,2020-09-11
P443352,5,I would say this is tatcha’s rice enzyme powder for the economical gal. It’s dainty and works wonderfully with ultra sensi skin. I love how polished I feel without any enflaming. Definitely a staple in my regiment.. It just isn’t next level.,2019-12-18
P248404,5,I loves this cleanser it doesn’t dry out my skin and takes off waterproof makeup with no problem,2016-04-11
P422905,5,"Best eye cream I’ve used so far! It’s super hydrating and moisturizing and doesn’t irritate my eyes. I also like the packaging and the amount of product inside. I mean, for the price it’s definitely worth it since a little goes a long way. TIP: I usually place this inside the refrigerator for like an hour before I use it so it would have a cooling and refreshing feeling when applied!Note: I received this belif Moisturizing Eye Bomb product free for testing purposes from Influenster. Reviews/opinions of the product are solely my own.",2018-01-15
P248407,5,this stuff really works. I have horribly dry skin and from the very first use my skin was so much better. It lasts all day and doesn’t bother my sensitive skin at all. I love it!,2014-12-30
P450271,1,"I really wanted it to work for me but, it is not suitable for sensitive skin. My skin felt tight and dry. It also gave me redness around my eyes.",2019-05-15
P394624,5,My favorite moisturizer!  It’s so nourishing and doesn’t irritate my sensitive skin at all. It’s my new go to daily moisturizer.  I’ve tried most of the belif line and this is by far my favorite!,2021-10-20
P122900,5,"This stuff is saving my skin. If you have dry patches on your skin it won’t help you there, but if you have skin that gets oilier and oiler throughout the day, you need to try this. It doesn’t smell strongly, it’s in a sanitary pump bottle, and a little goes SUCH a long way since it’s such a smooth, jelly texture.I use it both morning and night, it was my morning moisturizer but my oily skin was not responding well to my normal nighttime cream (Origins Night A Mins Oil-Free).",2015-11-04
P454380,5,"I received a trial size in one of my boxes and I fell in love. I’ll definitely be purchasing the full size. The name is very fitting as it’s truly clear. No white cast whatsoever and none of that nasty sunscreen smell. I’m normal to dry and this didn’t leave me dry or greasy, just super smooth. No breakouts and didn’t pill over moisturizer (even when applied directly after). Primer didn’t pill over it either. Makeup went well over it so it works well as a primer too. It’s not difficult to remove, and I just can’t say enough good things about it.",2019-04-28
P441644,3,"Smells good, but dries out my skin :/  I HAVE COMBO skin.",2016-10-17
P417238,5,Goes a little fast. But works sooo well. Feels so smooth on your face. My breakouts have been so much better. Have already repurchased.,2021-04-19
P7880,4,"This facial cleanser has been my life saver. I’ve tried to many things from drugstore brand to higher end products such as clinique’s 3 step, and this is definitely the calmest, purest cleanser. I have sensitive and occasioanlly dry skin (more so during the winter time). This product leaves no residue, doesn’t strip all the oils from your face, will remove makeup (although sometimes I like to use a makeup removing cloth), and will make my skin feel better. The main reason why it only has 4 stars is because of it’s hefty price tag in Canada. I don’t mind paying it since it is a life saver, but it is quite steep for a student.",2010-08-18
P378852,2,"I’m typically a huge fan of Origins products. Of the Origins products that I’ve used, this is (by far) my least favorite. I bought this to use as a lightweight summer moisturizer. While the scent is fresh (citrusy) and the moisturizer is definitely lightweight, this was anything but moisturizing. (I have pretty balanced skin that airs on the side of being a bit oily.) This moisturizer absorbed incredibly quickly, leaving my skin feeling sticky and dried out (in the tight-feeling sense on the term).",2015-10-25
P218700,5,"I went into sephora because of my dry skin, I have acne prone sensitive skin, so I use the first aid beauty cleanser and moisturizer but lately my face has been feeling stiff and cracked. The consultant recommended this product and I am so happy. I’ve never woken up without a red face but after one night of this product, my skin was even toned and more clear with no dry flakes or cracking. I can finally brush my powder on without cracking my skin! The key to this is that you must press this in to your skin; if you rub it in, it will sit there and not help. Press in with light pressure for it to truly work.",2015-12-12
P458219,5,Awesome toner. Its very easy to apply. The scent is not overwhelming. I have combination skin and I use it every night. I have notice an improvement in my skin texture.,2022-06-15
P433520,3,Nothing magikal   about overpriced MOUSTURIZER  which is all it is it is nice but magic  nope  lower your prices she sells a small travel size jar for 60 dollars like small     !!!!!!,2018-08-28
P480612,5,"I received a complementary sample sizedproduct to try in return for my honest opinion.I really enjoyed using this moisturizer everymorning after washing my face. I have noticedmy face looking and feeling smoother. I reallyenjoyed incorporating it along with my othermorning skin routine, and would like to keepusing this product",2022-02-27
P480612,2,This product was just meh for me. I found it left my face feeling sticky and heavy,2022-02-09
P269122,1,"I got far too excited with the buzz about these wipes and went ahead and purchased the 60 pack. I used them exactly as directed until I finished.I really wish I had as great as an experience with the wipes as everyone else, but sadly they had no effect on my skin.I really like the concept though and they are packed with great ingredients, so I would still suggest trying them!",2015-08-08
P418218,4,"Great great great for oily skin, feels amazing and makes my skin soft. The only issue is that I can’t keep spending nearly $70 on moisturizer every time I run out. Clinique has great moisturizer for less money.",2019-08-11
P420652,5,"Holy grail product.  It’s unreal it makes your lips like butter.   I use it on myself nightly and in my kit as a lip prep for my clients.  It’s great for artists, guys you can scoop a drop out and work off your palette and it will give you the results you need very quickly.  I also love this because it’s mess free, no stickiness.",2018-09-01
P122900,5,"I have been using this lotion for years. It is light-weight and leaves my skin feeling silky smooth. When I’m going through a dry spell, I can even apply 2-3 times a day and never feel greasy.",2010-03-24
P309308,5,"This lactic acid treatment cleared my skin up TREMENDOUSLY!! I have never written a review before, but I feel compelled to for this product. I have been struggling with hyperpigmentation and clogged pores for years. I have tried so many products including salicylic acid, hydrocolloid patches, AHA/BHA exfoliants, and much more. Nothing has worked this well! From just one night of use, it has improved my complexion soo much. After a few times use, it’s still consistently improving my skin. I only wish it wasn’t so pricey, but it’s worth it!",2021-05-31
P456412,5,I am completely in love with this cleanser. It smells great and leaves my sensitive skin feeling so soft. I finally found a facial cleanser that I can use everyday with no problems. Absolutely amazing!,2019-04-05
P441644,2,"I have extremely sensitive skin and usually YTTP products are great for me. But this wash dried my skin out so bad no amount of moisturizer undid it. I also have combo skin-wouldn’t recommend this for anyone else if that’s you. I gave it a try for 3 days and just couldn’t take anymore. But, if you’re interested give it a try and return it if you don’t like it! *side note, I also didn’t like that this didn’t foam up much. I used it with my Clarisonic and you need a good foaming one with it*",2019-01-17
P433520,5,I am someone who has sensitive skin. I have to be careful what I put on my skin. This product has left my skin looking smoother. I am excited to see how it changes after 30 days. I love this product worth everything.,2022-02-23
P430337,3,I was wanting to try a vitamin c serum. This stuff smells amazing! Like a creamscicle! It feels amazing on the skin and makes it feel super soft. I noticed some brightening effects after using it for a week. I have to give this three stars though simply because I am almost positive that ot made me breakout.,2018-04-22
P443563,5,I really liked this balm. It’s moisturizing and it smells and taste good. It also has a light pink sheer hue to it so I use it alone or on top of my lipstick.,2019-09-18
P450271,5,"As a tv news reporter, I wear full coverage foundation and the works. This is by far my favorite makeup remover/cleanser. I somehow have micellar water, Clinique eye makeup remover, REN cleansing balm and Boscia oil in my cabinet right now and this one makes me feel the most makeup free and clean after I use it.",2020-02-24
P471546,3,"I absolutely wanted to love this product, but like other reviews state, it does not build well!! This product will patch and cake if other liquids are applied on top, which make it a nightmare to use if you have acne prone skin and want to cover any blemishes while not wearing makeup! You’ll find you’ll need more because of the sunscreen in it and that it will wash you out, I have tanned skin so this product unfortunately didn’t work well for me. It wasn’t as moisturizing as other Dr. Jart products, so unfortunately it wasn’t for me, but I was glad to have received a sample!I received this free product complimentary for testing purposes!",2019-08-18
P441644,5,I love this I have acne prone skin this gets the dirt out and all of the gross stuff I got the Mimi size to test it out it’s so good I use it for two weeks I see a huge difference,2021-04-12
P427419,5,"Don’t use this as a separate first step; you have to mix it into your moisturizer. When I first tried this I didn’t like it. I was putting a few drops onto my skin alone before my moisturizer and it seemed to make my skin worse. It would flake and sting. I decided to try using it by adding 2-3 drops to my moisturizer and the results are phenomenal! I use 1 pump Drunk Elephant Protini moisturizer with 1 pump DE C-Firma serum and 2 drops of this, mix them in my palm morning. Use 1 pump DE Layla retro, 1 pump TLC and 2 drops of this night. I apply all over my face, neck and décolletage.",2019-06-01
P218700,5,"I first received a sample of this oil with my Beauty Insider card, and immediately fell in love with it. I was squeemish at first to use it on my face because I have such oily/shiny skin. But to my surprise I didn’t break out, and as long as I use it as a night-time moisturizer my face isn’t extra shiny. I will say this, if I use on my face in the morning, I’ll have some shine, but it’s still not bad. I’ve used foundations that made me shinier. I use it every night on my hands and cuticles, and once a week on the ends of my hair. While using it on my hair, I do it before bed and let it sit overnight, then shower in the morning as usual. WOW what a difference! I recently got the $48.00 bottle, and if that seems expensive, trust me, it is WELL worth it! I purchased it at the beginning of June and as much as I use it, it’s still almost full. I highly recommend this product to anyone, whether you have oily, dry, or combo. skin. At the very least try the smallest size and see how it works for you. I think like me you’ll be pleasantly surprised! :)",2011-06-17
P442563,5,makes face burn but works really well i would recommend and will buy again when i finish it,2020-08-16
P409800,5,The best face wipes!,2019-02-11
P443563,5,"i bought berry, pear and peach because i love the lip sleeping mask so much and i am so glad i got 3 of these. they feel so nice on my lips and leave my lips feeling moisturized more than most balms i have used. the scents are amazing and i like the packaging too. i didnt get grapefruit because i dont like that scent otherwise i would have all 4 of these. you cant go wrong with any of them and they are a must have for your purse, next to your bed and anywhere else. seriously my new fave.",2019-04-08
P42204,5,"what can i say, it works. i put it on at night and it really helps keep my lips moist, even in the dead of winter. it also works nice on cuticles.",2010-03-08
P420652,5,"Love! I’ve always had a problem with keeping my lips hydrated, and this finally fixed the problem. No serum, oils, or cream have helped like this has.",2018-08-24
P423688,1,"I’ve been using this product for about two weeks maybe a bit more and it’s been breaking me out nonstop, made my pores more visible the only thing it does is make my skin soft for five minutes!!!!",2023-03-08
P409800,5,Excellent exfoliating product! Great for my acne prone skin,2019-09-12
P248404,4,Just bought this and so far I love it. It is foamy but has a silky cleansing oil feel. My skin doesn’t feel dry afterward and I am dealing with a lot of dryness right now. ,2015-01-23
P411540,5,i’ve struggled with redness for years so when my coworker told me about this stuff i had to try it. i use the small size rn but i will definitely buy the bigger one even though it costs so much,2022-01-15
P126301,5,"this product just melts your makeup off. such a small amount goes a long way. You could be wearing a cake on your face and it will take it off with such ease and will feel so nice while doing it. it does not burn the eyes at.all. And does not bother my skin, and I have very sensitive skin.",2017-12-03
P481817,5,I only bought this bc I saw a woman pick it up to refresh her makeup during her shopping trip so it intrigue me to do the same. Love it! My makeup whether it a nite out on town or just my bb cream and some lite blush for daily wear i never go without it. Must purchase,2012-11-27
P421275,5,"I love these acne dots. Extremely easy to use and effective. If the zit is formed, this dot has the best result. Leaving the skin sooth and clear looking. And the redness is not that bad. Complimentary from Peace out skincare.",2022-01-07
P420652,5,This lip mask is amazing!! Left my lips feeling so nice and soft!! It smells amazing and it makes me feel pampered I when I use it. It’s definitely recomendable!,2019-06-05
P7880,5,"I find my skin to be usually quite sensitive to a lot of cleansers, but I’ve had no issues with this one. Leaves my skin feeling fresh and bright.",2020-04-24
P423688,5,Loving it sooo far! It’s a great product …. Leaves skin smooth and shiny,2021-09-25
P269122,4,So far so good. No harsh smell and seems delicate to use everyday. At first my skin was a little red but went away. I feel soft and cleaner.,2019-06-29
P375849,3,"I was super excited to try this essence because it is so hyped up, but was honestly disappointed. It had no noticeable effect on my skin. Thin and watery and not as hydrating as I prefer. Not bad by any means but not special. I received this product complimentary of Influenster for reviewing purposes.",2021-06-27
P454380,5,"Completely invisible on my skin and melts in like a moisturizer. I have sensitive skin and if it doesn’t like something I will experience irritation, inflammation, a dry spot, or something that ruins my clear face. My only qualm is that it’s so thin that I can’t tell if I should apply more or not lol. I’ve used Fenty beauty’s sunscreen and though I love RiRi, it just be the dye or something that my skin doesn’t like but it causes dry patches on my skin. I’ve also used sun bum’s face stick  since it’s super moisturizing and for someone with eczema (though mild) it was even to greasy/thick for me. Super Goop is literally the best I’ve tried - weightless, invisible, goes on well over my thick moisturizer, and doesn’t add unnecessary shine or sheen.",2021-02-24
P481817,5,"This elixir is fabulous! I keep the full size in my medicine cabinet, and in the 1 oz size, it’s one of my work bag essentials - I literally carry it with me everywhere!Not only does it feel refreshing as an intermediary step between cleansing and moisturizing, but it also sets my make-up perfectly. I like to bring this in my carry on when I travel (either to work or for fun) because just a spritz perks me up and makes me feel fresh.The mint in it makes my face feel tingly and clean, and it really serves double duty as a relaxant at night and a pick-me-up during the day.I can’t say that I see any pore tightening effects, but I will continue to use this product regardless because it just feels so delightful.",2009-09-23
P394639,4,I have the unfortunate plague of both acne prone skin AND dry skin all year long. I got a sample size of this with my purchase and I fell in love with it. It smells so clean and fresh. It goes on like butter but is *not* greasy. I’m going to buy the full size this week.,2016-11-02
P218700,4,I tried this on a whim after getting a major reaction from the argan oil light. This is much much better! I use this morning and night and it has no negative effect on my makeup application. I haven’t experienced any weird reactions or breakouts. I enjoy that there is different sizes for travel or budget as well. I would highly recommend this oil for anyone on strong retinol or acne medications like myself.,2017-08-28
P232915,5,I got this as a sample and LOVE it! It’s definitely worth the price and will be buying the full size! Made my skin super soft and supple and didn’t dry it out.,2016-01-04
P218700,4,"This is expensive!! I really like this product, it is very moisturizing and healing. I use it on my cuticles and hands and it keeps my dry skin soft and moistuzed.",2010-11-22
P421275,5,"These things work!!!! I am prescribed a prescription topical for acne, but these things work even better.",2019-07-23
P460779,4,I love bareminerals Skinlongevity Long Life Herb Serum because it absorbs into the skin quickly and doesn’t leave the skin feeling oily or greasy. Skin has a matte finish and looks great.,2020-11-19
P480630,5,"This product is complimentary gifted by Summer Friday in exchange of my honest review. I’ve only been using it for a few days and I have really oily skin with blemishes and pores. But since I’ve started using this product, my skin feels healthy and more hydrated. I’d continue using this product and definitely recommend this.",2021-07-02
P394639,5,"I first got this as a deluxe sample and loved it so much that I returned to buy the full-sized product. I highly recommend this cream! The cream is very lightweight and feels really refreshing on my face. I use it after cleansing at night and it doesn’t feel sticky or make my cheeks to break out, unlike other oil-based products.",2016-09-07
P442563,5,Makes my skin feel very refreshed after use. Make sure you use sun screen after because it can make your skin very raw. NOT FOR DAILY USE.,2022-12-08
P394639,5,"I recently started taking prescription acne medication and so my skin is a little more sensitive to particular moisturizers.  I have never had a single problem with this cream, it is unscented and hydrates my skin just enough.  I love it so much, this is probably my new go to.",2022-08-17
P394624,4,"I liked this product, not loved. For me, I have really dry skin, so I definitely need something with more moisture that lasts all day.",2020-03-30
P422905,5,Hydrated so well !!! I love the way my under eyes feel. It soothes and I feel more awake,2020-06-12
P456207,4,Pretty good! Its creamy and over time my skin felt more moisturized. Im grateful that I was gifted this product by Influester. Even a sample size makes my skin super happy and silky.,2020-02-19
P420652,5,"I wasnt expecting miracles with this product - i know that nothing short of injections is going to make a difference in my lip size and i got this to help my sad and peeling lips. but after 2 nights of using it, my lips actually do feel plumper and much softer. I love the smell - it’s pretty subtle - and it comes with a handy applicator. there are no miracles, but I think this is as close as I’ll get!",2019-07-11
P456412,5,I enjoyed this product a lot. It doesn’t get real foamy but just enough to create a nice sud. My skin didn’t feel exactly clean after using this product but it did feel soft and smooth so i would say this is very nourishing . Maybe use a deep cleaning cleanser first then this after to get the nourishment and still be clean! VOILA !!!!  I did receive this product as a free product for testing.,2019-04-27
P454794,5,"I have oily/combination skin now because I’m older. I’ve always been oily, but being 30 now my skins texture has changed a bit. I break out if I use any ol moisturizer. This is the second time I have bought this tatcha water cream. It’s a jelly substance, that has a boujee spoon to dip it out onto your face, so it doesn’t get contaminated. I love that. Smells amazing. Geisha skin care. I love it. My skin soaks this up, and always gives me a beautiful glow. If you want a preventive, anti-aging, light water gel moisturizer, I highly recommend this. One of the best ones out there for oily skin if you ask me. I never buy the same thing over and over UNLESS it works. This works, and the price tag is hefty, but the little spoon keeps you from using too much if used correctly. I take the spoon and tap dots of it all over my face, neck, décolletage and then pay it in. It’s worth it.",2020-06-01
P375849,1,So I’ve been using this religiously for 3 months and I honestly can’t tell a difference that would be worth this price tag.,2018-05-23
P232915,5,"so after my baby I got a few stretch marks, I’d been doing my research on how to body contour. This product not only has it lighten them, but also helped the texture. Ive never tried the body version of this product, yes the color and smell isn’t dreamy but the payoff is GREAT! this product is not for the weak hearted, it is very strong so please use it at your own discretion. LEAVING THE PRODUCT ON FOR A LONGER THAN SUGGESTED TIME WILL NOT MAKE THE STING GO AWAY !",2015-03-21
P421275,5,Absolutely amazing!!!! You can hardly even see the sticker! Wake up and boom goodbye acne!,2020-02-06
P392246,5,"This product, like any other skin care product, takes time for results. It’s stronger than anything I’ve used before, because I mainly was concerned about balancing my skin. Having not been using an acne treatment or face wash before, it stung for me at first. I can imagine it won’t sting for those that regularly use stronger washes and moisturizers.I’ve been using for about a year. My skin is even in texture and color and FINALLY balanced in terms of moisture. This is an AMAZING product.",2017-04-25
P394624,5,"Lightweight, comfortable, absorbs quickly. I live in Colorado so, this works wonders for me. I love it!",2018-09-21
P456207,5,I absolutely love this! The luxurious whipped gel-cream really left my skin feeling nourished. My skin doesn’t look oily but rather it’s glowing. And it doesn’t feel oily either. A little goes a long way! I’ll be purchasing this item regularly.,2020-03-06
P427421,5,"I use this cream as a night moisturizer and it is AMAZING! Hydrating, light weight and is great for dark spots.",2020-09-17
P454380,5,Finally no white cast! Not easy to find a sunscreen that works for deep skin tones.,2019-03-30
P427417,5,Not only have my sun spots gotten lighter since I started using this product (4-6 times a week for the past month or so) but I also noticed that any mild breakouts or hormonal acne have seemed to go away much more quickly than is normal for me! Definitely loving this product and two added bonuses: you can use either day or night AND it has a very noticeable firming effect after it sinks in. Huge fan!,2020-03-16
P427421,5,Noticed a difference overnight! I’ve been using for a few weeks now and it gets better and better. Very lightweight but my skin has never felt smoother or more moisturized.  It is a bit pricey but a small pump goes a long way. Love the packaging. Smells refreshing and clean.,2018-04-05
P122900,5,"I received a sample, immediately fell in love and had to buy the full size. It is the perfect moisturizer for combo/oily skin. It gives just the right amount of hydration without any greasy feel or look. It’s also one of the more affordable options. I did recently notice that the largest size (that I purchased) is not no longer available:( I hope it is still being produced and I can purchase it elsewhere since I assume that it’s just discontinued for Sephora Canada as that seems to be happening a lot lately:(",2016-09-29
P430337,5,Ahhhhhmazing product! I received this complimentary product in the mail,2018-05-29
P7880,4,"I love the smell of this product! It leaves my face feeling extremely clean and fresh, but also hydrated. I can’t say enough good things about this product. I do however wish it came in a bigger bottle for the price. It’s very small.",2017-01-05
P441101,3,Listen. I love buying useless things and I love splurging. And this works so well for me you’d think I’d have no problem repurchasing something so useful but I really do. Does it smell amazing? Yup. Does it moisturize my dry skin just the right amount without drenching me in grease? Yup. Does it pill and look icky over other products? Nope. Does it prevent bumpy forehead acne unlike other moisturizers? Yes it does. Does it make my skin brighter? For sure. But the price man!!!!!!!!!! I have really expensive serums and essences but for whatever reason I cannot justify buying this again. I use a moisturizer from Avene now and even that isn’t crazy cheap but I just cannot justify spending this much on this cream. Would I recommend the product itself? Yes I would.,2022-09-20
P450271,5,"I bought this after looking at an influencer video.  She had oily skin and reared about it.  As someone with ily skin, I was nervous on using a balm to remove my makeup.  I admit I was wrong.  It doesn’t matter how much makeup I use, this removes it all.  I use a scoop, massage it into my skin.  It smells so fresh and clean, and it rinses of beautifully with no residue.  I will ever use another cleansing balm to clean off my makeup.  I even scooped a little into a travel jar for my  purse in case I have to remove my makeup.",2020-04-15
P309308,3,"I really liked the way this stuff made my skin feel when I first started using it. I’m towards the end of the bottle and I find myself using less and less of it because it’s irritating my skin and making it peel weirdly all the time. Most importantly, I don’t see much of a difference in my skins breakouts or texture. I have a sensitive combination skin with a tendency to break out more often than not, which is what I’ve been stuggling with my entire life. I have some pretty bad scarring and large pores which I was hoping this would help with more than the breakouts (since I know those are hormonal so whatever) but I’m getting close to the bottom of this bottle and I still have uneven skin texture and Scars from previous breakouts. That being said I use it less frequently now (less than once a week) and my skin still reacts negatively to it. So I’ve started using it on my neck and chest and I feel the same results from when I started using it on my face (which in the beginning were good) cuz This stuff is expensive and I’m getting my money’s worth. It was a good buy but I won’t be doing it again",2018-05-02
P450271,3,"It is really good, wipes of make up easily but as I have dry skin, it makes my skin more dry.",2021-03-03
P218700,2,I wanted to like this but I just didn’t feel it had any effect on my skin.,2018-09-16
P460779,4,Glowy skin in a natural proven product . I love this and the purity of it and what it does for my skin,2021-01-28
P456207,4,"- a súper hydrating gel cream with a light weight and cooling feel on the skin. Left my skin hydrated without feeling heavy. I used the whole travel size sample that was sent for testing and review purposes from @influester I used at night for almost a month. I loved the light almost unscented smell, my skin felt smooth, soft and bounces. The most noticeable changes were the brightness and glow to my skin, it also helped with my texture and pore appearance. I used it a couple of times before applying makeup and I didn’t need a primer, it was absorbed really fast, the base application was smooth and my skin looked flawless.",2020-03-14
P375849,5,I received a sample free to review. I used this after cleansing my face and immediately I could feel a softness to the touch.,2021-06-21
P471546,5,What an interesting product! It definitely took me a few tries to use it the right way. You need to warm it up in your hands first bc it is very rich and a little dry. You’re also supposed to work it in your hands until it turns beige. But once you do and massage it into your skin it’s like magic. Super lightweight feeling. Instantly relieves redness plus it has spf. A little goes a long way so it will last you forever. Layers beautifully under makeup and some times I even use it as a primer. Love this. I received this product complimentary for testing purposes.,2019-10-02
P248407,5,"I have used this product for years and always had great results. I have very sensitive skin and it’s hard to find anything that works and doesn’t give me a reaction. Recently I’ve bought some other products thinking I might get better and quicker results, not so much. All I have done is waste money. I’m back for good with a product that works for me. I also have some dark spots and after a while they began to show improvement.",2022-12-02
P420652,5,"My lips are constantly dry so I decided to try this overnight lip mask. This mask stays on the lips for the entire night. In the morning my lips are moisturized and feel great! It doesn’t leave your lips feeling sticky which is a plus! I love that it comes with an applicator since I don’t really enjoy dipping my fingers in a jar. When I purchased it, the only one that was available was the Berry one, it’s not my favorite smell but it’s very effective at keeping dry lips at bay !",2019-06-10
P42204,5,I use to be a Keihls Lip Balm fanatic but after trying this item (because of all the hype) I am hooked. The container is compact enough to travel with and I use it when I need to. It lasts a long time and I love to layer it with lipstick when I am going out. I am hooked on this item.,2010-03-07
P441644,5,"I have sensitive combination skin, and this cleanser does an amazing job of removing makeup/dirt/etc. without stripping my skin or causing any unwanted irritation. I’ve repurchased 3 times and it’ll continue to be my cleanser of choice unless something else  tops it!",2019-08-30
P480630,5,"This product really works! Made my skin look dewy and supple, young and healthy after I used it. As someone who doesn’t wear foundation I want my skin looking as healthy as possible and this products definitely aids in that goal. Give it a try!",2021-10-25
P122900,5,loved it my skin feels like new,2019-01-11
P12573,4,I was recommended by one of the staff working there. 2 different ppl actually suggested it. I tried it and love it,2009-12-23
P417238,5,I have rebought this so many times I’ve lost count. I love the subtle fresh scent. It removes even my waterproof mascara and doesn’t break out my skin. A little also goes a long way!,2023-02-16
P441644,5,I am soooo in love with this face wash!! This face wash leaves your skin so smooth and healthy and honestly you dont even need to follow up with a moisturizer. I use to use drugstore face wash and it usually leaves my skin dry so i would invest in so many moisturizer until i discovered this. but this literally changed my skin routine!!! It leaves your skin and complexion more brightening and glowier! I totally recommend this! Plus knowing that this face wash is vegan AND made with organic and natural ingredients is honestly  amazing haha .,2019-08-10
P423688,5,This product was my first product from this brand that I have tried. I think it is a great daily and gentle exfoliator. My skin was left nice and smooth with no irritation. I will definitely try other products.,2020-03-28
P309308,3,"I bought this because of all the amazing reviews it has and honestly, it hasn’t done much for my skin. It broke me out the first week I used it, and after almost a month later, I don’t see a difference. My skin doesn’t seem clearer or brighter. The only pro I can give is that it is moisturizing and leaves my skin feeling smooth. But there are no real visible results I’m getting from this. Save your money.",2020-06-12
P7880,5,Very nice gentle cleanser. Great for sensible skin and smells like cucumbers!,2020-05-16
P375849,5,I love this product it’s pretty light it doesn’t make my face greasy and it has cleared up my face that’s far my dark spots have been reduced dramatically,2021-05-21
P441644,5,Best Clean Superfood Cleanser there is!!! So soft on my skin! Cleanses thoroughly and has not harsh chemicals :),2019-07-24
P430337,5,"This combined with Ole’s Vit C serum, has changed my skin in only two weeks. I have dry/sensitive/redness prone skin and I’ve spent months looking for something that can hydrate and give me a glow, and I was pretty close to giving up. I decided to try these two and it’s basically made all the other products in my routine expendable. It actually makes my skin glow and I haven’t had any issue with it drying me out or hypersensitivity.",2018-06-24
P126301,5,"I LOVE this product. I don’t understand why it isnt more popular, and I wish it was. I originally started using this product as I personally didn’t want to continue using makeup wipes or cotton pads because of how wasteful they are. I wanted something simple, and also read that oil based products are better for your skin. So, I come across this product, being a fan of clinique and their generally well made products I thought I would try it out. I haven’t gone back! This lasts so long, anywhere from 6 months - 1 year (I dont wear that much makeup). I have sensitive skin, acne prone, combination skin type. This has always worked well for my skin and whatever I was wearing on my face. If you’re considering getting this, I would strongly urge you to do it! PS - I saw a review about being travel friendly, but BE CAREFUL because my (new full container) container got taken away at customs in an airport because it was considered ’liquid’ as it can be manipulated at room temp. So it can’t go in carry ons!! Lol",2020-05-22
P420652,1,Broke my lips out had bumps and dark spots after 3 nights of use I do not recommend,2022-04-09
P420652,4,Very good. Better than other things on the market!You have to use a generous amount but you get a lot of product for the price.PROS:-moisturizes -plumps-softens-taste and smell is very mild and pleasant -anti aging properties are very mildCONS:-in the morning you have to wipe off the residue of the mask-your lips are still dry but soft and plump you would need to use something else to avoid you lips from being chapped during the day-not good under liquid lipsticks!-fine lines and wrinkles have a very slight improvement.Would I buy again? Yes it’s a lot better than other things on the market,2018-05-18
P7880,5,My favorite cleanser ever! It cleans really well without making your skin dry.,2021-07-02
P418218,5,"I love this cream. It feels like water after putting it on, it’s so smooth and silky and good for my dry skin type.",2018-08-24
P302103,5,This is my 3rd Sugar purchase and I think its my new favorite! Goes on so smoothly and leaves my lips honestly... kissable! What else do you want? Im not the girl to splurge $26 on a freaking chapstick but this is the best item I have spent this amount of money on for my lips.,2016-12-28
P420652,5,I have extremely dry and chapped lips and am always on the lookout for good lip balm. I bought trial size of this as well as the other Agave lip mask. My initial impression wasn’t great on the first day but then I realized that I just used the sheer layer from the top layer of the product jar. I gave it another run for 3-4 days and it’s really really good. Gives me softer lips longer than any other balm. This also has more lasting results than Agave mask. Agave mask is good as long as it is on the lips but this one has longer lasting results.I do have to keep reapplying the both but I need less applications of this.This is a great night time lip mask and can also be used a thin layer like a balm during the day.,2017-11-12
P297524,5,It works great on my skin. I feel like it tightens up my large pores a little and I can literally see the oil coming out of my pores when I have pimples.I am over 40 and I was worried that it would dry out my skin and accentuate my wrinkles. I haven’t found that to be the case at all. my skin feels soft and clean after using it.,2016-08-16
P248404,5,"I’ve used this face cleanser forEVER ever since Sephora started carrying FAB products.. It really does remove ALL makeup without any makeup remover, its a one step process! I have super sensitive skin and eczema and this product is very understanding towards my skin’s needs =)",2012-12-03
P421275,1,I am so disappointed as it doesn’t work for me at all. I have been a loyal rough member of Sephora for many years and it’s the first time that I feel that it’s a waste of money and time.,2021-05-01
P454380,5,Really loving this as a makeup primer. It’s lightweight and I don’t get oily when I use it.,2021-04-16
P420652,5,Agréablement surprise de l’efficacité de ce produit. Dès la première application de nuit j’y ai vu une très belle différence sur mes lèvres. Ce masque pour lèvres devient un incontournable dans mes soins quotidiens.,2020-11-20
P441101,2,"When I first felt the texture of this “cream” it reminded me of a makeup removing balm. It has a balm/ paste like texture, not what I’d call a cream. This smell is great, very light, refreshing scent. The product however is extremely thick and extremely emollient. You have to tug a bit to get it to blend in and even then it was too greasy for my combo/dry skin. The thing I disliked the most was how it peeled up on my skin. I was in bed after having it on a couple hours and rubbed a strand of hair off my face and the product was peeling up on my skin. Definitely couldn’t wear under makeup. If you decide to use this try it at bedtime, no makeup.",2020-01-20
P218700,5,"I really like this product. I have acne prone skin and this product really helped to even out my skin tone. I noticed a difference right away after my first time using it. I just put some on before I sleep on top of my normal moisturizer and I wake up looking fresh (even if I didn’t get much sleep). A little goes a long way, I just got a little sample of it and I’ve been using it for over 2 weeks. Will definitely purchase when I’m done.",2014-01-02
P12573,5,"I have chronically chapped lips, and although this hasn’t permanently cured them, it’s the best instant treatment I’ve used. It absorbs really well and makes my lips soft while it’s on (instead of just laying on top of my lips and being oily, like other lip treatments can be). I love that it’s SPF 25 and it smells great, but not super girly. My fiance doesn’t even mind using it when he really needs lip balm.",2009-07-21
P420652,5,Love it. Worth every penny.  Leaves lips super soft. Smells delicious.  It’s not stick either.,2019-08-08
P270594,5,"What a beauty staple! This cream is so luxurious in there, a glads right onto the skin and absorbs fast! I still like to use SPF underneath this product, but my make up still goes on top smoothly! It definitely helps to shrink down the size of pores too!",2023-01-13
P439061,4,"I have been using this toner for a few weeks and I’ve definitely seen results! While my dark spots aren’t completely gone yet, they have definitely faded. It also helps to remove dirt that isn’t always removed when washing your face. One thing I’ve found is that it is a little drying (for me at least), so I had to take extra care to moisturize after. I received this toner complimentary for testing purposes.",2019-01-27
P456398,5,"I really liked the fragrance of this sunscreen. It doesn’t smell like a typical sunscreen, more like a nicely scented lotion. Goes on super smooth, and doesn’t leave your skin sticky or greasy afterward. Make sure to shake the bottle well though, or an oil will come out without any lotion.",2021-03-13
P42204,2,"Eh. This stuff just works ok. This is a sheer moisturizer that adds a healthy glow to the lips - for about 10 minutes. It is very lightly tinted, but not so much so that my husband can not use. The color it gives is more of a natural lip color than an actual color. I have to reapply more than once every hour.The packaging is a real issue. It is really cute - I love the retro theme. But the container can be very hard to open. I have a few containers of this that have been sitting around because I can’t get them open. I guess the cover just gets on there the wrong way, and when that happens, it is stuck. When I get desperate, I have to pry it open with my husband’s swiss army knife, and it takes a long time. Now I just immediately put the salve into another container to avoid this problem.The price is actually a bargain for the amount of use you should get out of it. One tub lasts me a year. I use it to tame flyaways as well as in my eyebrows.If you can find the minted version, I think that one is a little bit better than this, but not by much.",2008-09-11
P409800,2,Charcoal exfoliating wipes were too much for my skin! Really rough and harsh.,2016-08-15
P433520,5,"Just like the name, it is MAGIC, indeed! It is such luxurious feeling when applying it to my skin. The cream quickly smooths and blends into my poor, dry complexion! It’s just such a pleasure to finally have found a product that truly lives up to my high expectations! I honestly have never heard of this brand, but I started researching and it does have good reviews. I’ve recommended it to all my friends and I think it will also be a great gift idea for moms! You don’t ever have to reapply in the middle of the day or night- it lasts all day!",2022-02-16
P394639,4,Bought this product based on the glowing customer reviews. So glad I bought it! My skin feels rejuvenated and super hydrated when I use it! I recommend purchasing!,2016-10-18
P441644,4,"Finally got my hands on this cleanser - it often sells out and sells out FAST so recommend not waiting if it’s available and on your wish list. Pros - glass bottle and packaging - ingredient formulation - gentle, non stripping and foams nicely to remove makeup, SPF etc - various sizes in the product, which I like! Cons- cost seems a touch high, for a cleanser - the scent is fresh and natural, from the ingredients itself, but I don’t love it. I prefer no scent when possible. A very similar alternative was the Farmacy Clean Bee cleanser and I’m not sure which I love more.. I do recommend looking at the farmacy one if a) YTP is not available or b) you’re not in love with this option.",2021-01-19
P471546,5,all i have to say is get it! if you’re debating just do it honestly 10/10 product. nearly perfect at covering redness. makes me feel so much more confident when i’m not wearing makeup. the fact that it has spf in it too?! genius. loveee it and i’m thinking of trying some other products in this line sometime soon!,2020-08-26
P42204,5,Pretty moisturizing. A little goes a long way. I use it under my matte lipsticks and lip pencils.,2015-03-20
P453816,4,"Easy to use, gentle, reliable product to remove my eye makeup and mascara.",2020-05-22
P378852,2,"So I used the Origins Checks and Balances Frothy face wash, The Night a mins and this product. The first few night my skin was amazing, I had no oil or acne. After about a week my skin still wasn’t oily but I had little bumps on my cheek some pimples on my cheeks and on my nose. I use the face wash and my skin is amazing. But the night a mins is very thick and it makes my skin feel like it is clogging up, which it does. If you do buy this I would recommend omitting the night a mins, get this product and use a SMALL AMOUNT.",2018-07-08
P392246,4,"Hate how much I like this product because of the price so giving it 4 stars rather than 5. I have normal to dry acne prone skin and this product has been really good at preventing new breakouts, getting rid of current breakouts, and with consistent use fading hyperpigmentation. I really do see overnight results. The directions say to start using every other night and then work up to every night but it’s a strong chemical exfoliator so 2-3 time per week is plenty enough for me.",2020-07-03
P460779,5,"I received a free sample of bareMinerals Skinlongevity Long Life Herb Anti-Aging Face Serum from pinchme and was very disappointed when I ran out. This is the first serum I’ve tried that didn’t leave my face red after applying! It has a very pleasant scent that’s not too strong, so no fear of headaches. Even though the sample was small it proved that you didn’t need much to cover your face since I used it about 4-6 times. I also feel like I was able to notice a difference in my skin in that short amount of time. I highly recommend for sensitive skin.",2021-01-25
P42204,4,"I love this rosebud salve, but in the future, I will be purchasing the tube version for easier application.",2014-09-01
P232915,5,So first off try this first for only 1 minute not including the 30 second application to test your skin. I was ok and moved on to leaving it on for 2 minutes... So I revived this as a complementary sample and it came at the perfect time. My skin was looking dull and I didn’t want to spend on another exfoliating mask that I think is just too expensive. This product is simply amazing!! My face literally has glow after I remove and my make looks so much better because my skin has improved.,2017-10-14
P450271,5,"good for removing make up, sunblock, oil and dirt from my face. gentle and hydrating. also has a nice subtle lime fresh smell to it. love the texture, really is a balm. love how it turns to an oil as I rub it it and it’s easy to emulsify it before rinsing",2020-04-08
P420652,3,"I love this product because of the scent and the way it makes my lips feel after waking up. Honestly, however, vaseline does the same thing! Would only recommend if you are interested in treating yourself!",2020-08-06
P443563,4,"I just love the smell and the taste. It leaves your lips perfectly glossy, not to shiny, not to lackluster... Great finish! But after applying it, it tends to become a little bit sticky... I my hair are always glued in it:(",2019-08-13
P392246,5,This   marula oil = amazing combo. I have extra oily/acne skin. Next day results. Restocking ASAP.,2016-11-03
P411387,3,"This cleanser is a nice cleanser, however, I don’t think I will repurchase it. It serves good as a second cleanse step,but if you are trying to use it to remove your makeup, good luck. I ended up using the whole bottle in a month. It takes 2-3 times to get my makeup off.",2017-02-11
P42204,5,"Very pleasant smell and feel on lips, moisturizing.",2018-01-11
P470255,5,This feels so light and so soft that you might even forget you need to apply anything else to your skin.,2019-04-19
P7880,5,"Im an early thirty something year old with very oily skin and this has been a dream come true. My skin is great when when I use it. I love that it removes makeup, cleanes, and tones all in one.... just clean and moisturize and your done",2014-08-18
P297516,5,"this replaced my salon, expensive ’enzyme-clearing’ face wash and I haven’t looked back since; this is such a great quality facial wash - both in texture and formula! I have very dry skin on my face usually and this is great - it doesn’t dry out my skin too much, but you definitely need a moisturizer afterwards (for those with dry skin)",2013-02-25
P309308,5,I have struggled with hormonal acne since I hit college. 8 years later and it still comes and goes. Full disclosure I am currently also on prescription medicine for my acne. Using doxycycline and a benzoyl peroxide topical gel to get it under control. I introduced the Good Genes about a month into my new medicine and started to see my scaring go away. In 2 weeks of consistent use in the morning under my moisturizer (using glossier riche cream) I have seen my complexion begin to even out finally. I’m noticing less redness and my scars are deep so I don’t expect this to work like magic but I’ll provide a photo so you can see what I’m seeing. This is a something I see myself using for the foreseeable future. My skin is also smoother and my pores are smaller. Less oily pores on my nose and chin.,2020-05-05
P427421,2,"I have fair, mature skin. This product makes me break out within 24 hours of use. I tried it 3 different times months apart just in case the break out was caused by something else. Nope. It was the Drunk Elephant.  On the positive side, it dispenses just as much as you need rather than being an open jar, keeping the unused product protected.",2020-03-26
P439061,5,Definitely saw a difference in my hyperpigmentation with the use of this toner! Now it doesn’t happen overnight but with time and patience you too can see a difference,2020-05-15
P270594,5,"I now understand what all the hype is about! This is the perfect makeup base! It makes my skin look so radiant and smooth.  I love the thick texture,  a little bit goes a long way! I highly recommend this especially for drier skin!",2021-12-22
P418218,5,I repurchased this product. A little goes a long way. My makeup primer (Tarte) goes on a lot smoother with this as my moisturizer vs what I used before (Loreal).  I have combo skin and it works really well. I use a second layer on the dry areas on my face.,2019-09-01
P411387,5,I cannot stress enough how much I love this cleanser. This product really does work so well. And it leaves your skin feeling so fresh and clean.,2020-08-23
P420652,5,I’ve purchased this multiple times. I wear it night and day. Really love the shine it brings and how soft it makes my lips.,2019-09-08
P232915,5,"WOW just WOW!! I have tons of skincare, and I love and swear by a lot of them I’m the type of girl who has a 6 step day and night skincare routine. I haven’t wrote a review in a long time but tonight I tried this for the first time having bought it her exfolikate foaming cleanser glow cream all came in a set it was VIB Riuge sale and I had purchased Kate’s retisphere for my mom and I a month ago and am loving it so I decided to try more from her line and OMG I am dry(no flakes or patches) but I just don’t produce any oil what so ever it’s ridiculous!! I don’t have acne but I just want glowing skin from within not have to put an oil on THIS DID just that!!! I sent my mom a video showing her and she was shocked! It literally looked like my face had marula or argan oil on it except it was completely dry!! It stung a little at first and I was about to wash it off thank god I didn’t!! The sting goes away don’t worry but that lets you know it’s sorkinf! Please try this even in the mini if you don’t want to buy the big bottle I wish I would have tried this sooner! I had heard about it for years but just never attracted to it now I purchased her other retinol serum!! Her line is amazing. I’ll never stop using this",2019-08-31
P439061,4,"It’s works very well for combination , prone to acne skin.",2021-01-06
P420652,4,"I have always been a big fan of laneige products so when I received a sample of this I was extremely excited. First of all, it smells delightful. I wasn’t expecting the consistency to be like a light grease. I am not the biggest fan of it being a pot, but that’s a personal preference. I did however wakeup with no cracks at all. Throughout the day my lips continued to feel moisturized.",2019-05-30
P417238,5,My only complaint is the scoop and flimsy cover that holds it.  I have very dry skin and most cleansing balms/oils I’ve used can cause me to breakout (not just a new product breakout either) they will just feel heavy and then once you add moisturizer it just keeps building up.  This product is not like that.  I use it at least twice a day and while I do think I’m going through product quickly I’m less worried about it because it is working and doing a good job.  Definitely will purchase again.,2017-11-06
P453816,4,I got this product as a sample size and loved it. The tiny sample lasted about 3-4 uses!! I will be purchasing the full size soon. This product gets all traces of eye makeup off my face and leaves my skin hydrated even after washing off with water.,2016-04-08
P418218,3,"Wanted to love it. It’s not oily and goes on nice. But, I didn’t see any positive changes in my skin so for me wasn’t worth the money.",2021-05-18
P302103,1,"After reading a lot of reviews I went with this lip balm instead of the dior creme de rose , I’ve given it a few days and will be returning it. Didn’t feel like it gave my lips any moisture just sat on top of them , not something you can wear under lipstick. For the price it should be amazing! Going to try the bite agave mask next.",2014-10-16
P420652,5,This smoothes out your lips and makes them look so juicy. You never wake up with dry lips!,2018-04-12
P427417,5,"...things I’ve learned over the past 10mo. The most important thing is that more is not better (I scaled my ~12 products down to 5), and to not use them all every single day. I also learned that this product is fine to use with Vitamin C and retinol BUT I need to spend 15-20min doing something else in my nighttime routine while it seeps into my skin. I also learned that skin pH is different from water, and this product can also be different from others as well, which can cause stinging or pilling when molecules react negatively. Drying my face completely where I am going to apply this and waiting between products alleviated this for me. I scaled back to just the Youth to the People Super Greens cleanser, this serum focused on the center of my face, and Dear Klair’s Juiced moisturizer at night, with only a water splash and Strivectin Vitamin C SPF during the day (got it on sale) and no matter WHAT I switch to, or the $200 chemical peel I had done... that routine is the ONLY thing that made the pores on my cheeks DISAPPEAR along with any trace of blackheads, plus I no longer consider getting filler because my moisture barrier is finally balanced, eliminating the wrinkles I’ve had for years. This stuff is amazing and works so well with Vitamin C and Retinol. Get this before spending thousands on products and procedures that don’t work.",2021-11-27
P42204,5,"I have been using this on my elbows and it has really helped smooth them over. I usually use something like this on my lips, but my elbows are so rough and dry I needed something for this purpose. I’m happy with this purchase and would repurchase again.",2012-12-15
P248407,5,I have extremely sensitive skin and this worked perfect for me. In addition to sensitive skin I also have dry skin and this worked really well without being too light wieght or too heavy. I can say I have definitely noticed a significant change in my skin since using this. It is a huge jar and you only need a little per application so it’ll last you a good while.,2015-01-22
P394624,5,"This is the perfect all around cream. I have pretty dry skin and in the winter months it can get worse, but at the same time I’m prone to breaking out due to creams. I’ve used this over and over again and find it’s the best cream if you are looking for moisture.",2021-01-02
P394624,5,Great moisturizer!  Leaves skin silky & soft without feeling greasy or heavy.,2020-03-26
P429952,2,The products had a nice scent and texture but it stopped here for me. It doesn’t absorb into the skin and caused me to breakout.,2019-10-23
P7880,5,Love love love this cleaner! Very light and gentle on the skin. Smells great and leaves my face feeling refreshed! I received this as a complimentary sample,2019-06-18
P269122,5,Such an easy product to use and left my skin feeling so soft and smooth!!! I really like this product!,2019-07-19
P427421,5,"Best moisturizer I’ve used, EVER. I use it every morning and evening and it had left my skin feel more even and reduced oil production.",2019-04-10
P421275,3,These don’t do anything. They stick and hurt to peel off. I use ones I bought at the drugstore that are much better.,2020-04-05
P433520,5,I normally like to use gel moisturizers in my skincare routine but I was pleasantly surprised by this cream. It’s very hydrating for my dry skin and was not oily or sticky feeling at all. It worked wonderfully under my foundation as well.,2022-02-23
P480630,3,"This is such an over hyped product because of Instagram. It really doesn’t do much for my combo skin and I’ve used this for MONTHS. Winter or summer, I don’t see a huge difference whether I use this as a mask or moisturizer. My mom used this too, she has dry skin so it worked better for her, but there are other skincare products that work much better for her dry skin. If you have combo skin, I don’t think this is worth your money. Alot of people like it, but not sure if they mostly have dry skin or something because I don’t see this do anything much on me.",2019-06-13
P411387,5,"Not stripping at all but some how effectively cleanses. Not oily, either- this is a true “gel“ cleanser. I have oily skin and this product has been a game changer at balancing my oil production but also maintaining the moisture barrier on my skin. My face is so soft after I use it!",2017-06-26
P470255,4,"I had been using the tinted version of this, which gives a nice glow. But, it was starting to rub off when I’d get sweaty, during the summer. Figured I’d try this version instead. Not greasy, rubs in well with no whitish tint, and doesn’t make me break-out like so many sunscreens do. Now that its November, it seems a bit drying, so I’ve added my Fresh Seaberry oil beforehand. No problems now.I wish it had a higher SPF, but this is a great everyday face sunscreen. I have purchased several bottles now, it lasts me about 4 months.",2020-11-02
P458219,4,"Received this from my Influenster Vox Box.  Very thick, but this left my skin feeling soft and over the first week of using it I began to see good changes in my skin!",2020-06-25
P443352,5,"Complimentary from dermalogica the daily microfoliant is amazing. I’ve only used it once, but I absolutely love this product. It makes your skin feel so smooth, I will definitely be purchasing the full size once I go through these. It’s also extremely easy to use by simply adding water and a little bit goes a long way!",2022-08-19
P417238,3,"Smells great and does the job, but the fragrance and citrus oils could be irritating for some people. I can’t say I found it irritating, but I did find it clogged my pores and caused some breakouts, even when followed up with a good quality water based cleanser.",2020-07-30
P392246,3,"I want to love this. I want it to work. In giving it one more try before I return it.I read that this might cause some breakouts as it brings impurities. My chin looks like a battle field. I was using this nightly for almost 2 weeks. I was getting new pimples daily. Many were white heads, some were below the surface.It DID noticeably reduce my stubborn nose blackheads. It also seemed to help with stopping all of my flakiness since I have dry skin.I’ve stopped using this product for several days and the breakouts stopped. I’m going to try every other day. Otherwise I’ll have to return.",2016-04-03
P411540,5,"This product gave me the confidence to step out with no makeup on! I was tired of wearing makeup just to do quick errands in order to cover up my eczema. This product feels like it disappears into my skin, leaving a very light weight finish. A little goes a VEEEERY long way so apply lightly and build more if needed! Bottle will last you and goes great with the value! I use the new Ilia foundation over it if I want a very subtle, glowing, LIGHTWEIGHT coverage with SPF!",2020-04-29
P420652,5,MY FAVOURITE LIP MASK IN THE WHOLE ENTIRE WORLD! SMELLS SO GOOD AND DOES WONDERS FOR DRY LIPS,2022-08-10
P480612,5,"I received a free sample of this from Influenster In exchange for my honest review. I’ve never tried any Korres products before this, but I am now truly a fan. This moisturizer does exactly what it claims. My face feels amazing after using, and I truly believe it did minimize the appearance of my pores. I also liked that it has salicylic acid. I have acne prone skin, and this has helped with a current acne episode to take out the redness and shrink my pimples. I will be purchasing this for full size, and I highly recommend.",2022-01-26
P421275,3,"Doesn’t work on Papules, Nodules, and Cysts. I used this in the morning and at night on 3 to 4 types of acne on my face including pustules. It reduced the swelling on pustules after 6 hrs of use. It sped up the “acne stage“ on larger acne that were in the beginning stage. The larger acne nodules became larger and more inflamed after 6 hrs of use. The swelling of smaller pustules were reduced the next day after using it overnight, but did not suck out the pus. After 2 weeks of usage, some of the smaller acne diminished, and some of the larger acne were aggravated and left my skin dry and flaky.",2019-07-10
P411387,5,My favourite cleanser!!! I have sensitive skin and it has never broke me out and feels extremely gentle.,2019-08-09
P433520,1,This smells like my grandmother’s expired night cream from 1940. My skin was incredibly smooth but very greasy as well.,2021-04-11
P218700,3,"I have a few bottles of this from various Sephora Favorites sets and am just finishing up my first bottle.I can’t see what would set this apart from any other Argan Oil. When it comes to essential oils I suppose that purity and corporate responsibility are going to be your rubric.I have a bit of experience with carrier oils and I can’t see what sets this particular oil apart from the others. I find that pure Jojoba oil produces similar results for less money. I’ve used both on my hair, face and nails and don’t see too much of a difference. I prefer using the Argan at night because it’s a bit heavier and more moisturizing than the Jojoba.For my hair, I still prefer coconut oil but for my face and nails I find myself reaching for this bottle more.I’m a big advocate of oils in general and this is a nice bottle to have around. But don’t feel like it’s your only option because there are many others that accomplish the same things this one does.",2015-09-07
P420652,5,"I love love love this product!! I have a bad habit of biting my lips when I’m anxious, which makes my lips chapped and always peeling. I’ve tried lip scrubs, but they don’t have lasting effects on my lips. This product, however, does! Scent is not overpowering, and a little goes a long way. I put this on right before I go to bed, and when I wake up I am left with smooth and healthy lips. This lip mask will be a staple in my skincare regimen.",2020-07-27
P456207,5,I received this as a #complimentary gift and I couldn’t be more happy with it. I will surely be buying this. It doesn’t feel sticky when you use it which is a huge plus for me. #gogreekbeauty,2020-02-18
P12573,5,Received this little jem as a sample but I know for sure I will be purchasing this when my sample is finished. It is long lasting for a lip balm and has spf which is a plus. My lips feel so hydrated and smooth even hours after the lip balm has worn off. I am so addicted to this!! My lips get dry very easily and this has helped tremendously. I can go on and on. Just buy it. You won’t regret it.,2015-12-16
P411540,5,It’s a really good product when you have a little redness  on your face. I use it in some specific spots of my face and already do a great job!,2021-02-26
P42204,2,"I have extremely dry/chapped lips all year (but gets worse in the winter) and have been going through products for a while to find the best. I purchased this because of the rave reviews and stories. While it does soften my lips a bit and give it a nice rose color after using it, it wasn’t enough for hydration and it didn’t penetrate. Once I put it on, it just sat on my lips and never felt like it was really absorbed. I would have to keep reapplying it as much as possible but my lips would still be dry after the salve would wear off. This product was fine for the short term to soothe my lips but not for the long term for hydration. I did find another product that works wonders for my lips (and cheaper) , so I won’t be repurchasing this rosebud salve.",2013-12-01
P420652,5,Love love love. I am the queen of lip balm. I always have to have something on my lips. This stuff is so worth it! I use it at night before I go to bed and I wake up with hydrated lips (even though I sleep in a mouth guard). It’s so great that I bought one for all the women in my life for Christmas this year!,2019-08-16
P394639,4,"Really nice moisturizer! I love the texture, lightweight factor, and the fact it didn’t make my skin oily. On the other hand, this moisturizer wasn’t suited to my drier winter skin.",2022-03-19
P480612,5,"My skin feels soft and smooth, my pores feel smaller, overall a pleasant experience. I was given a free sample for review by influenster.",2022-02-04
P456207,4,"I liked this product. I received a sample size and a little goes a long way. I have super oily, sensitive, prone to breakouts skin and this was a good product. It’s a good consistency and doesn’t make my skin oily. It also doesn’t have an overwhelming smell. The price isn’t all that bad compared to other products either which is a plus.",2020-02-28
P458219,4,Not my favorite toner… a little too milky and doesn’t leave my skin feeling fresh like I think a toner should.,2022-04-06
P427419,5,This is my favourite serum ever it’s so affordable but it works so well. I recommend applying this on damp skin because I find it sinks in better.,2020-11-30
P394639,5,"Totally honest— I tried belif’s true cream aqua bomb a few years ago, and my skin HATED it. It was TOO hydrating causing my forehead to look like an orange peel enlarging my pores. It was not a good look.HOWEVER— I tried it again this week and— my skin LOVES it now! Go figure lol.Pros: - lightweight moisturizer perfect for spring & summer- a little goes a long way- absorbs into my skin quickly- a great boost of hydration without clogging my pores- price point is totally affordableCons:- it can be too much hydration if I put too much on. Depending on the other serums in your skincare routine, you need to be super aware of how much of this gel cream you actually need. Because you can overdo itOverall, I would give it 5 stars. I love clean K-Beauty skincare! Definitely gonna add this to my summer skincare routine!",2021-05-01
P429952,5,"This is one of my favorites! I keep it in my bag for anytime throughout the day that my skin needs a pick me up. It’s hydrating and and refreshing and the texture is amazing. It’s smooth, creamy and glides on skin. The smell is also subtle which is good because I don’t like over fragrant products on my face.",2021-07-19
P418218,5,"I LOVE THIS MOISTURIZER! I got this in sample size, and seriously it is the best ever. Most moisturizers make my face feel like I have a film over my face, but this moisturizer melts into the skin and makes my skin feel great! I have combination skin so this is perfect!",2020-03-16
P418218,5,"I had recently been diagnosed with rosacea and was put on prescription topical and oral medications. I thought that my skin was becoming increasingly dry due to the medication, drier than it does get in the winter time due to me having combination skin. I tried the water cream based on the raving reviews, and was so happy to see that it not only made my skin so soft but I was able to watch it continue to work even on days that I did not use the moisturizer. After washing my face every day, I put on the water cream. You use the SMALLEST amount on your face. Like literally a pea size and it covers your entire face! It lasts forever. I brought the cream to my dermatologist who gave it his stamp of approval and I have been using it ever since! I’ve been recommending this cream to everyone I know!",2018-12-22
P420652,2,Hydrates like the original but smells like grape cough medicine. Will definitely go back to the berry scent,2021-09-04
P126301,4,"This is the first cleansing balm I’ve used and I like it. It removes my face makeup effortlessly , however, my waterproof mascara and stila stay all day liner need more than just this. I don’t mind still having to use eye makeup remover so I am happy with this and can’t imagine my routine without it.",2014-02-13
P443352,5,"One of my favorite skin care products, gentle enough to use daily and does a great job of exfoliating my skin. A staple in my skincare routine.",2021-11-27
P443352,5,"Gifted by Dermalogica sampling, opinions are my own! Absolutely love this stuff. I love a facial exfoliant, but most can be too harsh on the skin. This stuff is perfect! Love the foam texture and how gentle it is on the skin. My skin is always left feeling smooth and looking glowy.",2022-08-30
P122900,4,"The Dramatically Different Gel is an entirely different product than Clinique’s original yellowish cream. The cream caused me some breakouts and was a very mediocre product. This gel, on the other hand, has a great balance of moisture and oil-control. It hasn’t cause me to break out and is a great day cream. I wish it had a little bit of sunscreen, but I use a little over top of it. It doesn’t get 5 stars because it burns a little when applied to sunburned or irritated skin. The gel burns a little if I use it after exfoliation.",2010-04-30
P443563,4,"love this, makes your lips so shiny and hydrated and smells amazing! a little pricey for such a small amount but overall impressed",2022-09-30
P42204,5,This leave your lips feeling so hydrated and smooth. It smells great.,2020-06-21
P441644,1,This product immediately dried my face out after using. I wouldn’t recommend this to anyone who has dehydrated skin. Overly priced as well,2021-03-03
P460779,4,This serum helped my redness go away! It smells really good and isn’t super sticky. I didn’t notice any difference in my fine lines though,2020-08-29
P480612,4,"I received this product complimentary for testing purposes and so far I love how light weight it is, it has a smooth buttery texture that isn’t heavy or filmy on my skin, has a great smell, and leaves my face dewy and evenly hydrated. Looking forward to continued use!",2022-01-27
P456412,4,"love this cleanser. I got samples and feel in love, definitely going to purchase this product as soon as I ran out.  My skin Feels and looks so much healthier also works great as a makeup remover.",2019-04-09
P454380,5,This is my favorite daily sunscreen! I’ve never felt the need to use makeup primers and I think this product is why. It smooths and fills pores and makes complexion products apply so easily. I also love that this new formulation is reef safe - yay!,2020-01-28
P441644,5,Works wonders for my acne-prone and dry skin. It feels like an effective yet gentle face wash. I also love the smell and the company’s mission!,2020-01-23
P456398,5,"This is a very liquidy type of formula, it’s more like a serum than most sunscreens. But is liquidy enough to be kind of messy if you’re opening it up in a hurry so be careful with that and definitely shake the bottle before use. It’s slightly tinted so doesn’t have a white caste and has a little bit of a blurring effect. The product is greasy so I would recommend it on your body but not on your face especially if you have oily skin and are prone to breakouts. Used this product at the beach and will say I think it’s a great sun protectant",2021-03-04
P417238,5,"I’ve tried so many different make up removers, both high end and drugstore but this is by far my favorite. It removes all makeup so easily without putting and stress on your skin or lashes. Normally I have to rub my eyes to loosen my mascara enough to be removed but this just wipes it off in a couple of gentle motions. So far none of my lashes have fallen out while using this product which is worthy of 5 stars in itself. The product also leaves your skin feeling baby soft and doesn’t leave an oily residue which I really appreciate as I have combination skin with an oily t-zone.",2017-08-15
P218700,5,"Colorado is mostly dry desert, in spite of winter snow! With heated air indoors and dry air outdoors, there is no escape from the desiccating effects of this place. This oil is one of the few products I’ve ever found that helps to counteract this dryness. My skin drinks it up like water. Highly recommended!",2012-12-29
P411540,5,Read this....!!! I’ve been using IT cosmetics bye bye redness neutralizing correcting cream for as long as I can remember to cover broken capillaries which made my cheeks blotchy,2019-01-09
P394624,5,"The first time I tried this cream was with a sample, and I loved it. I decided to buy it and now it became my daily cream. I use it every morning or after the shower and my skin stays hydrated for many hours.I’ll definitely keep buying it. I also love the whole line of “belif“ creams",2019-02-05
P427421,5,"I love this moisturizer.My only complaint --> the biggest bottle had manufacturing defect. the pumping does not work. and aftr the moisturizer is used below certain level, I ad to literally open up and use which beats the purpose of Hygeine.Thankfully, sephora’s kind policy helps me return it and get the 70$ bottle with refund of the difference.",2021-04-07
P420652,5,"this lip mask is life changing, i have tried many many different lip treatments, and none of them have done what this mask did for me literally over one night. you get a good amount for what you pay for, it should last months if you are using it only over night, but ive also started using this during the day. my lips are so soft and supple, already have the reminder set for when its back on, need one to keep in my purse!",2017-12-17
P248404,5,Love this stuff. Pulls all of the black heads off of my face,2018-06-28
P421275,5,These are amazing!!! I place one on an inflamed spot of skin before bed and overnight voila the spot and whatever was inside had drastically reduced. AN ABSOLUTE LIFESAVER!!!,2018-03-07
P470255,5,Goes on sooo smooth with no greasiness and a little goes a long way. The texture makes its more comfortable for when you’re re-applying throughout the day,2018-06-11
P481817,5,I love the product but just except the smell of the product. Other than that it works perfect,2018-01-13
P427417,5,I just got this about a week ago and I can already see my acne scars fading and my acne going away! My boyfriend even noticed that my scars were getting lighter. This is like a must have.,2020-06-16
P7880,4,My skin is really sensitive and this seems to be the best cleanser I’ve found to help me deal with irritation caused by make-up or allergies. The botanicals are soothing and the soy helps with pigmentation issues.,2009-05-20
P471546,3,"What is good about this product: SPF, Tiger Grass, oil-absorption. This is a great base layer if you have oily skin, it makes a good primer and is very calming.What is not good about this product: It settles into every pore and is visible. I had little white dots all over my face.This seems to be a good product for oily skin, as it provides a soothing, oil-absorbing base layer, but since most people with oily skin also have larger pores it is probably not a complete win. I worry about the long term effects of it settling into my pores and perhaps making them worse over time. That being said, if you put foundation over it for special occasions it helps with staying power and oil control. I am happier with this as a date night product rather than a daily product. Which is what I had hoped it would be.If you have larger pores I would still recommend the line, just not this product. Instead get the Tiger Grass Serum, it is amazing.",2017-10-25
P417238,2,"First review I have ever written but I have to warn for my acne prone people, this broke me out so bad! I tried it a few months ago and my skin had never been worse so I stopped. Used it after again last week and my skin is so bad again. Needless to say this just doesn’t work for me",2020-04-23
P417238,3,It’s really good... but just disappointing that it has polyethylene in it which is a micro plastic.,2020-07-11
P417238,5,"I’ve used wipes, make up erasers, high end brands and clean or cost affordable brands. I always come back to this cleansing balm. My skin stays clearer, and my make up removes with little to no effort. I’d used both scented, and unscented. My sensitive skin has never had any issues.",2023-02-18
P422905,3,"It’s hydrating immediately after application but after a bit of time the product pills and bunches up in such a strange way. Whenever I wear it to bed, I wake up with balls of moisturizer all over my eyelashes and face.",2018-09-26
P460779,5,"I’ve been using this serum twice a day for several weeks now. I love the light, clean scent, and the lightweight formula that sinks into my skin quickly and leaves it feeling healthy. Over the past few weeks my skin has looked clear and fresh.",2020-09-03
P458219,5,"I received this toner complimentary from glow recipe. I cannot tell you how excited I was to get this toner. It makes an immediate difference, which is not normal for me with any toner. Usually I have to use a toner for at least one week before I start to notice any difference in my skin. But this toner immediately improves my radiance, smoothes my skin, which was a little surprising, and leaves me with a beautiful glow. It layers under products so well, and I just enjoy using it. I do not like the smell. It has a somewhat fake watermelon scent that I’m not really a fan of, but I do not care about that compared to the benefits it’s providing my skin. I love this stuff.",2022-05-22
P456207,5,"This product took about a week for my skin to get used to it, because apparently my skin was really dry before. At first it would absorb right away and my skin wouldn’t feel any different. But now that I’ve been using it a few weeks, wow! My skin is so hydrated and literally glowing. I use it in the morning and before bed. 10/10 love this stuff. I did receive this complimentary product in exchange for honest reviews, but I’m definitely going to buy it once it’s gone!",2020-03-09
P270594,5,"My skin feels so soft and it makes my makeup look beautiful, I love it, it is very moisturizing and the consistency is very light. it has a lovely smell.It is not sticky in the slightest. it was easy to apply makeup on top.worth every penny, a little goes a long way.",2023-01-06
P7880,4,"I really wanted to love this cleanser. Truly, I did.I have very dry, sensitive skin and in the past, I’ve had issues with my skin flaking and dry patches that made wearing make-up impossible.I used this product for about 2 weeks. The smell was off-putting at first, yes, but you do get used to it and I much prefer the smell of this cleanser to many others.After 2 weeks of use, my skin went from being moistened to dry and tight again. While it took care of the skin flaking issues for me, it felt like it was stripping too much moisture from my face in general, even when paired with an intense night cream.So, I definitely won’t repurchase for that reason. It just doesn’t work for my skin. However, if you just have dry and sensitive skin, I would still give this a try.One of the best parts of this face wash was that I could rub it over my eyes entirely without irritation. You don’t understand how impressive that is to me. My eyes are insanely sensitive because I have really bad allergies.Great product for normal to dry skin and definitely those with more sensitive skin. Just not enough for me. I’ve switched to the Boscia Cleansing Cream, which is AMAZING.",2014-03-09
P270594,5,THIS PRODUCT IS AMAZING! I don’t know who sold their soul to create this but it’s wonderful. I personally like to use it as a primer when my skin is feeling a little dry. It gives a nice hydration boost and foundation goes over it smoothly regardless of what type of coverage the foundation is.,2019-04-10
P248404,5,I went in looking for a cleanser and moisturizer not having a clue of where to start. A beauty consultant recommended this one for my skin type. It was perfect! So light and no heavy smell. I feel like most cleansers are too harsh for my skin so this was perfect followed by the moisturizer! This was a keeper.,2017-07-31
P453816,5,"Never thought this magical product would be for me but it is!  It takes off every ounce of KVD liquid eyeliner, Marc Jacobs skinny high liner, foundation and everything else. Does not sting, burn, or irritate my skin or my eyes and I’m a contact lens wearer. Highly recommend this was my second purchase and I’ll grab another during the fall sale.",2016-08-15
P443563,3,"I really wanted to love this.  It’s actually very moisturizing, and is great overall.  In fact, I use Laneige lip mask.  The one caveat for me is, the lip glowy balm is glossy.  Now I know the description says ’glowy’ but I was hoping it’d be subtle.  I’m 39 going on 40 this year, and I’ve discovered that I don’t like lip gloss anymore.  I prefer my lips to be more natural, which is why I’m drawn to lip balms.  This is the first glossy lip balm I’ve come across.I think Laneige should have packaged this as a lip gloss, and not balm.  It’s way too glossy to be a balm.  If you’re like me, and don’t like gloss, then this isn’t for you.",2019-05-03
P248404,5,"This cleanser lathers up really well with just a small amount, has no extra added chemically fragrances, is amazingg for sensitive acne-prone skin and does removes every last bit of makeup but is still very gentle and doesnt dry out the skin.",2014-11-23
P420652,5,"I have very dry chapped lips since I live in Canada with such long cold winters and I’m also notorious for picking and peeling my lips but this product saves my lips!! I’ve had this product for 5 months now and use it all day rather than the night and have only used 1/4 of it, so even though it is expensive it is definitely worth it. Bonus points for smelling like gummy bears :)",2021-05-07
P392246,3,"Broke out my skin so not for me.Overall, good texture and absorbs into the skin well.",2017-12-19
P12573,4,This product is very good to be kissed with. I suggested to buy it for your partner/spouse. It’s minty (the best one) and it cools your lips leaving a great feeling to have a romantic moment with that one. It also makes your lips nice and soft for the later on moments.,2012-07-30
P458219,4,"I usually LOVE Glow Recipes products and this is no exception. It feels great on your skin, doesn’t feel too dry on your skin after using, it the thicker consistency is actually very nice. The only complaint I have is that it smells less like watermelon than the other watermelon products from this company and more chemically and almost like dirt. But other than the smell it is a great product.",2020-05-15
P480630,5,I have really dry skin in the summer and this product has saved my skin on so many occasions. Definitely going to repurchase. the product isn’t too heavy but makes your skin feel well nourished. I really like the peppermint smell as well.,2018-06-05
P478030,5,I love this product!! It does a great job taking off my makeup. It also leaves my face feeling fresh and smooth.,2023-03-03
P456412,5,"I received a sample of this from Influenster and I’m obsessed with the smell of this cleanser! Not only does it smell amazing, but it’s such a great facial wash. I love that it is soap free and it doesn’t irritate my eyes and it works great at removing waterproof eyeliner and mascara.",2019-04-04
P218700,5,I absolutely love this product! I use it every night right before I go to bed. I have mostly dry but oily T zone face and it completely hydrates me with out leaving me greasy in my oily areas. I’ve never broken out to this oil but have to others. Must try and totally worth the cost.,2014-01-01
P456207,5,"This product is so incredibly good! I struggle with oily/combination skin and this moisturizer did wonders. It left my face feeling soft, moisturized and clean. I have  really bright scaring on my face and within a few days of using this product I noticed that my red “spots” had started to fade. My face has never felt this refreshed!! I received this product #complimentary from influenster!",2020-03-06
P248407,5,Fantastic for dry or oily skin. Super hydrating yet light weight. Sits well on top of serums as well as under sunscreen! I will be purchasing this until the day I die!!,2021-05-26
P232903,5,"IF I could give more than 5 stars I would. I purchased this for my tween-aged daughter. I had some reservations, but let her decide if she wanted to try this. She put it on as directed. Wow it really works!!! Use at the first signs of a breakout. The next morning she had forgotten it was even on. When we wiped the treatment off, not even a blemish remained. Very impressive. Too bad I didnt have this growing up.",2012-11-17
P480630,2,"Although there’s a lot of hype behind this mask, and it smells nice, if you have sensitive skin I would be cautious. I tried the sample and liked how moisturizing it was and bought the full-size. However, now that I’m using this more often, my face gets red and hot in places. This also happens with my mom. Unfortunately I threw out the packaging so I can’t return it, I guess I’ll just use it for my neck or something.",2020-06-26
P392246,5,This serum DRAMATICALLY improved my skin over the past month. Before I started using it I had little red bumps all over my skin and I swear they are GONE now with the exception of 1 or 2. I use this serum every other night under my moisturizer and it’s just incredible. HIGHLY recommend,2016-04-26
P409800,1,"Was really drying and did not remove my eye makeup at all. Trying to return the second one I bought, I bought two thinking it was an amazing product because a review this beauty guru on youtube gave it. Never purchasing again",2017-09-11
P420652,5,"I have tried numerous lip scrubs, masks and balms and this by far has been the best to help combat my dry, wrinkly lips! I love the way it feels (it’s not tacky or goopy) and that, since I’ve started using it, I’ve cut back on my balm use during the day dramatically. I’m so glad I found this mask ahead of the dry season. I highly recommend this product and the price for what you get is great. Also, love the applicator, it’s a very nice touch!",2017-10-28
P392246,3,Ehh just ok. Sticky and no major skin difference.,2019-05-29
P417238,2,It’s okay sort of a waste of money in my opinion I find it hard to use having to take the stick out each time in the shower or in general gets annoying as it’s super slippery. The product only lets my face stay clean for about a few hours before I start to feel yuck again. I don’t think I will be buying this again!,2020-04-27
P411387,5,"I love, love, love this cleanser! I have normal/dry skin, and this is the best I’ve found. It makes my skin feel really clean, without feeling stripped or tight. It almost leaves it feeling a bit hydrated! The ingredients are also amazing, which is something I look for.I’m giving it 5 stars, because the product itself is awesome, though I’d give it 4.5 if I could due to the packaging. If you don’t keep the pump locked, it leaks like crazy. About 1/3 of the bottle leaked out before I realized what was happening. So now I have to keep the pump locked and unscrew it/pour some out every time, which is a bit inconvenient. Great product though!",2017-12-16
P429952,5,I picked this up on a whim and discovered it’s actually very popular in the YouTube beauty community. When I first applied it my skin seemed angry. Had a couple of red dots. Went to sleep and woke up with the softest most gorgeous skin of my life. MyFoundation applied better than ever. I rarely find products that truly live up to the hype but for me this was a win and I use it every night. I think it depends on skin sensitivity but I would say definitely give it a try if you’re not super sensitive.,2019-06-30
P411540,2,"Purchased this after reading reviews and thought it would be what my skin needed. My face gets red throughout the day without foundation but I don’t have the time in the morning to apply a full face of makeup. I liked the premise of this. When I applied it, at first, it looked amazing and thoroughly blending it in, however, after about 30 minutes, I noticed my face started to look orange and it looked like the product was sitting on top of my face, it did not look like that after I first applied it.Yes, it color corrects and didn’t make me look oily but was otherwise disappointing, returned it.",2017-01-27
P480630,5,LOVE THIS. I’ve been traveling a lot this month and face mask sheets on the plane aren’t ideal since I have a 10 months old I bring everywhere. I apply this mask before a flight and my skin feels so good and don’t that dirty dry feeling that flying can cause.,2019-06-01
P392246,5,"With combination/ oily, acne-prone, and sensitive skin finding skin care products takes an act of God. I received this along with the C-Firma Day Serum for Christmas this past year and I LOVE IT! I put a pea-sized dab of the Glycolic Night Serum on at night under my Origins Night-A-Mins moisturizer and I wake up literally GLOWING. With acne scars and breakout-prone skin this is a life saver in staving off breakouts and improving the overall look and quality of my skin. I’m not one to write reviews but I could not love this product more. It is not harsh at all and absorbs really quickly. I can use it every night and not have to worry about it being too drying. I have only been using this for about a month but I 100% notice a difference. This has become a staple of my skin routine and I will buy it again and again.",2017-01-26
P411540,5,"I really enjoy this product. I have pale skin so having something that can add some tint to my skin while also canceling out redness and protecting my skin with spf 30 is really nice since I don’t like wearing foundation. I hope some day that Dr Jart makes a product like this that also accommodates those who have dark skin- this product did not work on my mom’s tan skin. So it also wouldn’t work for the beautiful she, he, and they’s with brown and black skin.",2021-04-08
P454380,5,Ok wow i get the hype now. I received a sample and i used this on my skin in Florida. I didn’t sunburn and my skin felt so soft. It felt more like a primer than icky sunscreen. Def will buy again!,2021-12-21
P12573,4,"I live in Colorado and it is always so dry, especially when it’s windy. I was at a Sephora and my lips were cracked and I was looking for anything to soothe me and I found this. There was instant relief. I thought that maybe this was just another product that would make my lips dry out even more but I thought why not try it. I couldn’t be happier. It doesn’t make your lips glossy, it just stays matte which is so hard to find. I have since bought one for every single place you could put a chapstick. I absolutely love the shea butter one. You might ask yourself, how good can chapstick be? Take it from a lotion/ chapstick/ moisturizing product hoarder, this stuff is amazing.",2017-05-27
P394624,4,Really works well to moisturize dry skin especially dry skin from sun exposure or colder weather. Was not oily,2020-03-09
P423688,5,gifted by Dermalogica sampling  These samples have been amazing! After even the first use my skin feels more bright and smooth. After a few days I noticed my skins texture becoming more even and it’s gentle enough to use everyday! I’d love to see how the full size continues to make my skin look and feel!,2022-08-20
P427421,5,"After buying the mini version and resisting the full size because of the price, I finally gave in. I love the feel on my skin and I really do see a difference with the fine lines on my forehead - they’re less noticeable now. And the packaging is very cute AND functional. I think it’s worth the investment!",2020-06-13
P456207,5,Didn’t clog my pores and got rid of flaky patches on my combo skin. I use retinol too and this was the perfect amount of moisture after my retinol application. It has a more cream consistency than a gel but the way it melts and soaked into your skin is reminiscent of gel. I think this moisturizer is a good all year round moisturizer for many skin types,2020-02-29
P481817,4,I swear by this beuty elixir now. Just a little fun make up tip: spray this over your make-up for the dewey (no make-up) look.!,2009-04-13
P441644,4,I’ve only been using this product for two weeks but so far no complaints it doesn’t dry the skin! The price for the travel size is also excellent.,2019-08-14
P458219,5,"I LOVE this toner. It is such a refreshing way to start my skincare routine each morning—it leaves my skin dewy and literally glowing, but also layers well with other products. Toners have always seemed very drying in the past but this is such an exception—definitely something different. I feel like you get a good amount of product for the price. Like other reviews have noted, I just apply with my hands as I don’t want to waste any of this on a cotton pad!",2021-05-12
P460779,3,"Good product just not for me, I received the Bare minerals skinlongevity long life herb anti-aging face serum as a sample from Pinchme unfortunately I have very sensitive skin so this product doesn’t work for me.",2021-02-23
P427417,4,"The only reason I’m giving it four stars is because when I first used it, I had a heinous cystic acne break out. I am sensitive, acne-prone, and so oily the US could go to war over my jawline by 10am.After some research (s/o to r/Skincare Addiction!) I went to only using a pea-sized amount, only in the morning, and mixing it with my moisturizer.For the first time in two decades, my skin is SO much less oily, and I’m not breaking out!",2019-05-03
P443352,5,"dry/sensitive skin!!! Such an amazing cleanser!!! It works perfect with sensitive skin, makes your skin feel so smooth, soft, glowy! I really like it, very effective and no irritation on my skin which it’s amazing",2022-01-06
P423688,5,I got to sample this daily microfoliant complimentary from Dermalogica.  The product comes in powder form and when mixed with water turns into a lovely cleanser that doesn’t leave my skin feeling stripped but smooth and hydrated.,2022-08-24
P218700,5,"Buy this instead of the new argan hair serum, as it is 100% pure and undiluted with other ingredients. A little goes a super long way. Put on wet hair like serum and comb through. Apply slightly less if you aren’t going to heat style/dry. I died my natural blonde hair black and went back to blonde, and this really saved my breaking off hair!!! My hair has never looked better now. Well worth every penny paid! Great for curly or straight hair AND you can put it on your skin!!!",2010-05-12
P417238,5,Love love love this product. Very gentle and does the job of removing makeup. A little goes a long way!,2018-12-27
P433520,5,One of the best moisturizers I’ve ever tried! It has a light texture and doesn’t irritate my skin. It’s perfect for Chicago winter when skin gets extremely dry!,2020-01-19
P427417,5,"I absolutely loved this product! Within the first week of using it, I noticed immediate results. Not only did it help my acne, but it also helped my acne scars which I had been dealing with for a long time.",2020-04-01
P456412,5,I added this product to my face care routine and I LOVE IT!!! It’s super soothing after my harsh acne cleanser and I absolutely adore this product!! It’s fabulous and I will absolutely be buying much much more of this cleanser!,2019-04-03
P394624,5,"This is such a great night moisturizer! It’s thick but not so thick that it doesn’t absorb. It has a nice, light scent and the dry patches around my nose and eyebrows have all completely gone away since I started using this. It does leave me a little shiny, so I don’t generally use it during the day unless I’m staying home.",2016-05-30
P297516,5,super gentle soap that always leaves my skin feeling refreshed but not dry. My sister loves it too even though we have different skin types!,2018-10-28
P42204,5,"I bought it as an extra lip balm. And it’s very good! The balm-y product is light and feels nice on the skin (so different from the heavy Vaseline Jelly). It has a light rose scent that’s almost unnoticeable. I like the packaging as it’s easy to carry around. And being multipurpose, I have started to use it on other areas like my nails. I’m definitely ordering more!",2017-07-22
P478030,4,Omg..it’s melt’s my makeup so fast.. but I feel little bit of waxy feeling on my skin afterwards. I do follow up with regular cleanser. This is the first inkey list product I ever tried. Will definitely want to try more.,2022-05-05
P248407,4,"This is very hydrating but I feel that occasionally my skin feels rather itchy after application, it’s possible it’s only when it hasn’t fully absorbed yet. But my skin looks much better when I use this, no dry patches to worry about. I do only use this on my body though, don’t know how it works with your face",2017-04-19
P394639,4,"I was excited to try this as I absolutely love Neutrogena’s Hydroboost Water Gel Cream. I found this to be very similar; I loved how my skin felt; however, the scent was a little too strong for me. I will stick to buying Neutrogena’s.",2021-04-08
P12573,5,"One of the best, if not THE best Lip Balm I have ever used. My chapped lips were soft and healed within 2 days. Truly amazing!",2021-01-11
P375849,1,This did absolutely nothing for me whatsoever! In fact I feel like it made my skin ruddy looking accentuating my problem pore and redness areas. I waited until I finished the entire bottle before I write this review just to make duration of use was a factor and trust me it’s not. This is NOT worth it..at all!,2018-09-08
P454380,2,"This is great in every regard, its clear, it smells nice, it goes on smooth, EXCEPT that it clogs my pores and gives me the most awful whiteheads and blackheads for at least a week after each use. I don’t usually have issues with acne, or with sunscreen for that matter, so this was a bit of a disappointment. I really wanted to like this product, but it seems this product does not like me! For that, 2 stars.",2019-11-04
P409800,5,"I love Sephora cleansing wipes because they take off my make up without stripping the moisture from my face or feeling astringent on my skin.  After using these wipes, my skin is clean and soft.",2018-09-06
P122900,5,This has been one of the best moisturizers I’ve ever used. Most others contain fragrance or oil that cause breakouts even if they are labeled for oily-free I have combinations skin and I notice that unless I moisturize I get very oily after cleansing since my skin has to compensate for me washing the oil off. This stuff sinks right in and if I need more it doesn’t feel heavy and has yet to cause me to break out.,2009-04-27
P269122,5,Dr. Dennis Gross extra strength daily peel is a great product. I’ve been using it nightly and it leaves my skin soft and fresh. This isn’t like some peels I’ve used where it’s sticky and leaves your skin feeling like a film layer was left on it. It’s great and will having your skin shine and feeling clean,2019-07-15
P420652,5,"Laneige never fails me! I wake up to baby soft lips every day because of this amazing product. Love to cap off my skincare routine at night by showing my lips some TLC with this mask. Wonderful smell to have added to my night time routine, and results always speak for themselves. So glad I got this as the skin on my lips felt more dry than usual with the change/transition of the seasons as we’re heading into summer. Can’t wait to get the other scents (trying to control myself not to buy them all at once LOL). Def recommend and will keep this as a staple in my routine!!!",2022-06-06
P248404,5,"Without a doubt the best facewash I have ever used. I have sensitive skin and have had problems with eczema patches on my face in the past, and a Sephora associate suggested FAB. I’ve been using it for almost two years now and am absolutely hooked. It cleans off makeup really well (although you will have to use a heavier remover for waterproof mascara). It doesn’t make me break out or make my skin dry. It’s foamy and scentless and basically made of awesome. FAB products are the best!",2013-05-11
P456412,5,"I am a huge fan of this product. I have combination skin, so it’s very hard to find the happy medium when it comes to facial cleansers. After receiving this product for free from Influenster, I was eager to try it. Needless to say I will happily be coming back for more! My skin feels so much softer and smoother already and isn’t dried out! I am beyond happy with my new discovery and would recommend this to anyone looking for a new cleanser. It took my face wash a second to really start foaming up, but I really like that it foams from a lather.",2019-03-29
P450271,4,I’ve been struggling with dry patches on my combo skin now that I’m in my mid-thirties and decided it was time to put away the gel cleanser for something gentler.  Just a few days after switching to Green Clean my dry patches are almost completely gone and my skin is much happier.  I still need a deeper clean and mud mask once or twice a week to completely unclog my pores but I’m glad someone recommended the product.  If you absolutely have to have that squeaky clean feeling this isn’t for you but then again stripping your skin if all oils isn’t good for it.,2018-05-08
P480630,5,"I loved that the mask was really light almost like a lotion, I was a little skeptical about not rinsing it off and instead just patting with a damp warm towel BUT I did, and my skin felt really good. Also it did not break me out. Very hydrating.",2019-10-20
P248407,5,I use this right before bed and rub the excess into my hands. Absorbs quickly and doesn’t have an overpowering smell. I think this product is well worth it for the price.,2012-01-26
P7880,5,"This is a staple in my skincare routine, I’ve been using it for years now. I love how gentle it is, even on post-treatment/procedure skin.",2020-07-22
P429952,5,"My mom and I are obsessed with it, she is 60 and I am 25. this fits all ages and all skin types. Im glad I bought it",2018-06-05
P433520,3,"To start, don’t come for me! I normally love the brand, and I do have VERY dry skin. I had high hopes. The smell is nice, not over powering. The texture of the cream is nice, thick, almost indulgent. And a little goes a long way. That being said, it simply doesn’t absorb into the skin very well. It makes my skin feel like it’s suffocating. I’ve tried for almost two weeks, but wind up having up to clean my face off, every time. There is no way I could/would layer makeup on top of this, and sleeping in it feels almost claustrophobic. I’ve tried using way less product, but it’s the same result. I’m not sure why. I can honestly say it’s not something I would purchase again. #complimentary #magicskin #magiccream @Influenster @charlottetilbury",2022-04-13
P443352,5,Im obsessed with this brand. It never disappoints. I have been trying this exfoliarle for couple of days now and I love the results. I love how my skin looks so fresh after applying and it gives a better look to my makeup.,2022-08-29
P426183,5,"I got this as a free sample. I didn’t expect much...after all I never used a toner. Well, what a surprise the next morning. My skin looked amazing, bright and fresh...just like after a facial. I bought it during the same since it was so expensive. It’s worth it.",2018-05-09
P420652,5,"Produit magnifique! Je l’utilise tous les soirs. Hydrate en profondeur mes lèvres, je n’ai pas eu de problèmes de toute l’été avec mes lèvres.",2021-08-05
P309308,5,SO GOOD at fading hyperpigmentation and evening out/brightening the skin tone. Expensive but WORTH IT.,2019-05-20
P441101,5,"So I suffer from eczema and dry skin, specifically in the top right side of of my face. When I first tried this, I had already run out of my past holy grail moisturizer (due to the pandemic), so my skin was dry and cracking in some parts and I was relying on hydrocortisone. I have been using a hyaluronic acid serum underneath my moisturizer so I used that first and my skin soaked it up. I used tatcha right street and immediately my son loved it! I was super scared that where my skin was kinda cracked it would burn like crazy, and instead it felt like it calmed it down. My skin did feel dewy and plump, which it super hard to come by, because some moisturizers feel oily out watery, but this one feels thick and it goes on smooth. When I first opened it I was afraid of the fragrance and feared for my skin, but it honestly did not effect me in any way. I put Supergoop’s sunscreen unseen on top before going out in the morning and they mixed well! Even when I did sweat a bit (bc of Texas heat) I didn’t feel oily or sticky, my skin just felt normal and still very plump. Immediately from the start you could see a difference in my dry patch of eczema. You couldn’t see the flakyness (in fact it shedded off painlessly) and where I had small abrasions it did not burn at all!! Do I think you should get this if you have oily skin? Probably not, simply because you might not like there dewy feel on top of that. I have super sensitive skin that breaks out almost immediately after using something that my skin doesn’t like and so far I don’t see anything wrong. Stuff with a fragrance usually makes me break out, but after seeing all the hype about this product, it got me curious to try it. I will say that the product does kinda sit on your face for a while, which has never happened to me because my skin usually soaks it all up, but I feel like that’s what it’s supposed to do in order to provide the right hydration. All in all, I LOVE this product!",2020-05-22
P7880,5,"Wow 🤩 why I didn’t try this before. Makes my skin soft, a smooth and hydrated",2023-01-25
P248407,5,It makes my skin soft n smooth .. my textures have reduced ..,2017-09-08
P232903,3,I tried this product in desperate search of something that will help my acne. I can’t bare the smell of this stuff. Made me nauseous so I’m returning it,2016-02-28
P420652,5,"Truly love this. My lips are so plumb and hydrated in the morning it’s amazing. It’s not lip fillers plump, but your natural best looking lips! It’s hard to do in this Colorado dryness, too!",2019-11-20
P420652,5,My lips feel soft and unchapped its like a fast acting repair! I personnaly think this is a must have !especially if you want to have soft beautiful lips :),2018-08-01
P427417,3,"Works well as a Niacinamide serum, but the texture of the serum is very tacky and sticky. Even when applied and left to dry, it leaves my skin really sticky. Because of this, I have to opt for a different serum :(",2021-02-26
P7880,5,Received a sample of this and absolutely love it - it does a great job cleansing the skin and the cucumber is very soothing to the eye area - definitely noticed a difference from other cleansers and would purchase,2020-06-22
P471546,2,"I only took a 1/2 teaspoon amount into my fingers and ended up rubbing this in for about ten minutes. Even after that time, the treatment did not blend in to my skin whatsoever. This turned my skin almost white. This is not for people with darker skin.",2020-02-16
P394624,3,This is a great night cream for me that isn’t exactly breaking the bank and my no means am I saying that it is wallet friendly either! But I find it worth the money to do what it claims I am 23 with dry skin an am not using or in a place where I can afford anti aging products so I try and keep my skin as moisturized as possible especially at night and this is great for that ! I’ve used it in the day for not in the summer it’s to heavy for that for me personally where I live summers are usual 89-101 degrees daily but in the winter I would use night and day,2017-07-20
P409800,4,It is so good makes your face feel so refreshed !!!,2016-11-16
P248407,5,"The tops of my hands are extremely dry and as much as I hate the way that looks, I’m not the type who has the time or the inclination to reapply hand lotion throughout the day. This cream has pretty much solved that problem for me. I truly transforms the appearance, texture and elasticity of your skin and somehow manages to keep it that way. This will be a staple in my beauty regimen forever!",2015-04-13
P411540,5,This is my absolute favorite product to use. During the work week I generally only use this. It doubles as a moisturizer for me AND hides the redness!,2016-12-13
P470255,5,Amazing product! It doesn’t have that strong sunscreen smell most sunscreens have. It’s super light isn’t chalky looking. Would purchase again! Love it!,2020-02-22
P269122,5,"I recieved the Dr. Dennis Gross Alpha Beta Extra Strength Daily Peel as a free sample through PINCHme and really liked the product. I have dark under eye cirlces and saw immediate improvement, additionally I could really feel my skin tighten from using the peel. I would definitely recommend it to others.",2019-05-30
P427421,4,"I love this moisturizer in the winter and when my skin is extra dry or at night. When I use it during the day it feels a bit too greasy to me and I don’t like the way it sits under foundation. During the summer I found it way too heavy for me, even with dry skin. Still recommend the product but for more specific use cases and not as an everyday moisturizer.",2019-08-28
P42204,5,"I like the consistency of this salve, and although it doesn’t last very long on your lips, it provides soft hydration and a smooth gloss. I bought this in the tube as well, for my purse, so I wouldn’t have to stick my fingers in the pot unless I had just washed my hands.",2015-03-05
P126301,5,"My friend had originally bought this, but ended up not enjoying it so he gave it to me. I used his up and got another quickly (normally takes me about 4-6 months to use up). I use this every day, even when I didn’t wear makeup that day. It takes the makeup off very well when I cleanse for 60 seconds, but I don’t necessarily recommend opening your eyes much. I don’t particularly notice any smells that jumps out either. I would recommend and will continue to repurchase!",2020-08-04
P427417,5,"I never had bad skin until this last summer when I started getting horrible cystic acne leaving scars and discoloring on the sides of my face. One night, out of desperation to find something that would help me I ordered this because of the price and other reviews. After just two days of usage, one of my male workers asked me why I looked different. My skin almost immediately looked tighter, smoother and brighter. After now over a week of use, my scars have almost disappeared. I can’t express how much I love this product. If you are struggling like I was, please consider trying. The price makes it almost a no-brainer.",2019-04-14
P443563,5,"I love this lip balm! The only one I use. I don’t like it as much as the nighttime mask... but this is an amazing day time, on-the-go lip balm. I have purchased it in the peach as well and the pear is my favorite kind.",2020-03-24
P439061,4,"This AHA toner not only smells amazing (like an orange creamsicle), it doesn’t contain salycilic acid!!!! This is a godsend for me, as salycilic acid is the go to for most products with AHA and that breaks me out. This is a nice, gentle exfoliator that works well so far. I haven’t used this for longer than two weeks so can’t say if it helps combat dark spots but will keep using it in my routine!I recieved this product for free for review purposes from Influenster!",2018-12-30
P417238,3,"Does the job very well but like many others my vision is blurry after using.  I make sure to take my contacts out first so it doesn’t ruin them again, but it gets in your eyes and you really can’t wash it out. Just have to wait. It’s upset because it TAKES OFF WATERPROOF MASCARA which is AMAZING. I will use it until it’s gone and will not repurchase.",2021-02-01
P248404,3,I have dry skin and since this is very tacky I use it before I put on my primer. It’s a good moisturizer.,2017-09-14
P456398,5,I love this sunscreen! It works really well and doesn’t leave my skin feeling like sunscreen. It also doesn’t have a super strong smell.,2020-05-07
P429952,1,Super disappointing! Decided to purchase after seeing all the hype but it doesn’t absorb into skin.,2020-02-24
P420652,5,"Luxurious product and packaging.  I bought the full sized after trying a generous sample, so I already knew the product works great on my very dry lips.  The packaging and amount of product in the full sized blew me away!  Great deal for the price.",2020-02-13
P421275,4,"This product really intrigued me so I had to try it out. The dots stick on and don’t come off which is awesome and they do not smell like chemicals. I put one on overnight, with a whitehead pimple, and it definitely shrunk in size. It didn’t completely go away but this product really helped if you’re looking for a quick way to reduce inflammation. I will be continuing to use these!! I was sent this product in exchange for an honest review.",2018-06-28
P467762,4,"Okay, I got this product to try through influenster. I was excited to try a clean beauty toner! It smells great, it feels great, but it just doesn’t tone as well on my skin as my holy grail witch hazel toner. The summertime is the perfect time to try this because of its watermelon scent, but if you love your toner- don’t rush over to try this one.",2020-06-22
P420652,5,Absolute necessity! Always keeps my lips nice and hydrated.,2020-05-15
P478030,1,"I absolutely hated this product. Couldn’t wait to get rid of it after it was finished! The smell is gross, it’s way too thick, and there’s honestly so many better balms out there for the same price or cheaper! I don’t know why people say this is so great I mean it just isn’t pleasant at all to use this! For reference, I usually use Farmacy Green Clean or Banila but thought I’d try something new for fun especially since people rave about this! Instant regret the moment this went on my hands…don’t buy!",2021-12-27
P441644,5,Great product with great results. I would highly recommend to anyone.,2022-03-12
P248404,5,"Love, love this cleanser. I have sensitive skin. I started using this product on the recommendation of a Sephora employee after I told her about a severe reaction I got from another product. Im glad I did. It helped in the healing process and the acne, and blackheads problem I had before using this product is under control. Highly recommend this product",2018-04-20
P427419,5,"First off, let me preference this with the fact that I’ve been using this product since September 2018. I transitioned from a much more expensive hydrating serum to this one (along with the niacinamide one by The Ordinary). The formula is less cosmetically elegant (it’s a little sticky) but my skin stayed the same as when I was using the $30  serum. At the end of December, I ran out, and decided not to repurchase for the second time since I wasn’t sure how much this product was doing. BIG. MISTAKE. Since then, my skin has gotten way worse. More closed comedones, oilier, more visible fine lines (I’m only 21!), and even cystic acne, which I never get. I tried compensating with other hydrating products, but my skin never really bounced back. Well, finally bit the bullet and repurchased this, and within a few days, my skin has changed dramatically. The little fine line I had? Gone. Oiliness? Better. Acne? Clearing up with no new pimples on the way. So, essentially, this is my holy grail serum and I am never giving it up again.I truly think everyone could benefit from adding this to their routine, not just those with dry skin. Many acne or anti-aging treatments can be irritating or drying (I’m looking at you, acids and retinol), but this product can help balance the negative effects out. It plumps skin up. It can reduce oiliness and balance skin by adding hydration. It soothes dry and irritated zits. You really can’t overdo it or harm yourself with this product, plus it’s only $7. Sure, it’s not going to eliminate your wrinkles, dark spots, and acne on it’s own, but it will greatly enhance the quality of your skin and other treatments.",2019-05-12
P270594,5,Use as a primer，really moisturize my dry skin and create a smooth base for my makeup.,2018-08-30
P427417,2,"I wish so badly this product would’ve worked for me because literally every skincare expert is recommending it. But I broke out In tons of little white heads around my chin and nose. I have very acne prone skin however, and many skincare products cause me to break out. However, I honestly would recommend others to still TRY it, because I know people who absolutely love this product. So if you buy it and start seeing pimples, just return it.",2022-01-24
P420652,5,"I have used the Laneige lip mask for years now and I was so excited to try out this new flavour! the formula is so soft and hydrating and wears for hours. I love using this overnight to help my dry chapped lips. the scent is not over powering and it feels super light on my lips. the lip mask really hydrates, exfoliates and brightens my lips! here’s a tip: use this throughout the day when your lips are feeling extra dry! (not just at night!) I love a multi tasking product.I received this product complimentary from Influenster for testing purposes.",2019-05-23
P420652,5,I’m so glad I got the opportunity to try this lip product. It smells just like bubblegum and I love it because it’s not an overwhelming smell. I used it at night and the next morning it was still on. Once i washed it off my lips felt very soft and mosturized. You don’t need a lot but I put on two light layers for extra moisture. It feels just like a regular lip balm but it’s a little softer in texture. Over all I’m pleasantly surprised by how nice it felt and how well it performed. The packaging was so cute and little and matched the bubblegum pink of the product.,2018-07-09
P421275,5,I put these on my trouble spots at the beginning of my workday as long as I don’t have zoom meetings. By the end of the day I am satisfied with the work that it has done,2021-02-21
P248407,5,"I had three hard acne bumps on my face last night (probably due to pms), which I had picked at earlier :/ Anyways, before I went to bed I slathered some of this cream on, thinking I’d try it out and my skin couldn’t get any worse! I woke up this morning and 2 of the bumps were healed (and the other bump is significantly less raised!) plus my skin was supple and smooth! Put on again this morning and it feels so good on my face! Definitely recommend!",2012-01-24
P248404,5,This is my favorite Fall/Winter creamy foaming cleanser to use in the months when my skin is drier. It removes all my makeup in one sudsing and doesn’t leave my face feeling dry or tight.  Smells nice as well.,2018-12-13
P248407,4,"i like the fact that large in volume as it is, ultra repair cream is not too expensive. but it does not come with a too pleasant fragrance or texture either, so i may not purchase again.",2019-10-31
P394624,5,I received this complimentarily on Influenster. I like how my skin feels when I apply it overnight and before doing my makeup. I will probably purchase it again and I am happy I received this.,2020-04-02
P411387,5,"Been using this cleanser for years now and it is still my go to, I’ve tried a few other cleansers, and their either just too strong with chemicals or just not effective. This cleanser has been the tried and true and will continue to be. My skin has cleared well with this product.",2019-11-12
P460779,3,"I received this product as a sample from PinchMe. The small sample didn’t wow me into purchasing. Smelled nice, but I don’t plan to buy. I can understand why someone might want to though.",2020-12-01
P394639,5,Love this cream... it feels so light and luxurious on my face. I got it in my August Ipsy bag. Also love that it can double as a primer for my makeup as well.,2017-09-06
P443563,5,"I have been using the Laneige lip sleeping mask as lip balm because my lips are that dry, but it’s not easy to use on the go. Bought this to try and I am in love. Works just as well as the mask but not as sticky and easier to use on the go!",2019-04-19
P422905,5,"For sure helps with wrinkles & dryness.!!! Even the next day , under eyes feels hydrated & plumped. Highly recommend!!!!! U need the tiniest amount!",2018-11-11
P458219,5,"This product did exactly what it says, I’ve been use everyday for the last couples weeks and my skin is glowing, also don’t get sticky on your face and smell watermelon, so good!",2020-05-21
P460779,4,I received a free sample for my honest opinion. I liked the smell of the serum and it felt very smooth going on my skin.,2020-11-28
P411387,4,"This is one of my favorite cleansers I’ve used. My face feels clean and smooth after using it. I love the smell, just like a kale/spinach smoothie.... it smells healthy haha. I also like what the company stands for. I only give it a 4/5 because the price makes me unsure if I will repurchase. I use this both morning and night, one pump each time but I’m not sure how long the standard bottle will last me. This is one of those items I would definitely purchase if it’s on sale.",2020-06-08
P122900,4,"I have combination skin(oily w/ some dry patches) & I found this to be nice to use after applying my serum in the mornings. It absorbs quickly, is lightweight, does help with moisturizing. It’s perfect for everyday and under makeup! I gave it 4 stars because it’s not as moisturizing as I thought and the ingredients could be better.",2015-06-16
P427419,4,Using with the no brained kit - one week in and I’m already seeing results.,2018-01-11
P429952,1,"got this as a sample because i read good reviews and really needed deep hydration.. put this mask on and 10 minutes later my face was so red and hot felt like the worst sunburn I’ve ever. Put aloe and cold compress on for the rest of the night, next day my face is still red but went down. Very bad reaction, proceed with caution!",2019-10-19
P394639,4,"This product is hydrating! It soaks into skin and makes it feel nice and soft. I used this right before applying my foundation. I think it allowed my foundation to look really natural! The downside is: it smells a little chemical-ie, I’m not sure what exactly. The good thing is that the scent goes away. Also, for the mini, the opening is pretty small, so if you have long nails, it’s hard to get into the compartment. All in all, it’s a good product!",2021-04-14
P411387,2,"After a week of using, the product feels like its tightening my skin and drys every time I use it. It was a great wash the first week but then just started to really show a different texture after using it for a few weeks. I have normal skin and it even made my skin feel overly dry, can’t emphasis that enough.",2018-11-30
P42204,5,"I love this salve! I have the original in addition to the strawberry and minted versions.Rosebud salve is an excellent moisturizer for lips, and I’ve used it when my cuticles are dry after heavy dish washing and cleaning. It’s great for overnight use as well, and has a lovely mild fragrance. I would recommend it to anyone looking for a good value because a little goes a long way - and it does the job the best of any lip balm I’ve ever used (even Burt’s Bees and Fresh... Really!).",2013-01-24
P441644,3,"I liked it, but was too drying for me. I dont have dry skin, but it made my face dry and red (from the dryness). I wanted to love it.If you dont have problems with dryness might be great for you. Definitely kept my skin clean and had no breakouts from it.",2017-12-16
P270594,5,"Perfect base for makeup , it smells heavenly not too much fragrance though . Goes on super easily and leaves a great base to add your foundation on next . I also feel like it keeps my foundation on longer .",2021-12-30
P126301,5,"I LOVE this item. I have oily acne prone skin, and this product has been a skin saver! Forever going to repurchase it. It has no smell, and it looks like a giant lip balm. Your fingers melt it a bit as you scoop some out (I usually use my knuckle to get the right amount). As a makeup remover: A tiny amount really removes a lot of makeup. For a full face of makeup, I use maybe a penny size amount and it takes EVERYTHING off. EVERYTHING. As a cleanser: I use this before I use my cleanser, just to make sure my skin is completely clean after a day of makeup. Pros: Cleans very well, no residue is left behind. My skin has cleared up a ton after using this product. My skin tone seems more even after using this product. My skin feels smoother after using this product. Easy to wash off with water. Cons: None! Purchase this product! It is the best makeup remover I have ever used and really makes a difference in my skin care.",2016-03-24
P433520,5,I really love this cream! The redness in my face disappeared as soon as I put it on. My face instantly felt softer and more plump. It smells good. A little goes a long way! I would definitely reccomend!,2022-03-31
P270594,5,I wish I’d tried this sooner. I had in my mind it was going to be a very silicone-y type product but it’s actually quite moisturizing. It doesn’t feel heavy or greasy and makes my face super smooth. My makeup applies flawlessly with this as my base. I also enjoy wearing this on no makeup days as well. The scent is light and pleasant and a little amount is all that’s needed. This will be a definite repurchase!,2023-01-04
P409800,5,I have tried several different Sephora facial wipes and they are AWESOME. I Love them and will buy more.,2018-09-17
P423688,5,I was very happy to see that after a week of use my skin was so much brighter and smoother. My darkened acne scars were visibly lighter as well as darkened stress around my mouth. It was not overly irritating as well. I’m very happy with this product and am adding to my skin routine.,2022-09-10
P450271,5,so soft on my skin this has been a game changer product for me!,2020-07-21
P456398,4,I received this product complimentary from Influenster and I really like the light texture of this sunscreen as well as the floral scent. The scent is truly luxurious like a perfume. My only complaint is the oily base because I spilled some on my shirt and it left a little oil stain that I had to use smdish detergent on to get out. Now that I’m aware I will be more careful. Otherwise great product.,2021-01-19
P480630,5,"Let me start by saying this product is amazing! I have very dry skin that constantly sheds and cracks but the first night I used this, I woke up the next day with hydrated, soft skin. I followed my normal skincare routine but coated my skin with a thin layer of this product then went to bed. I woke up refreshed and moisturized. Let’s face it, moisture content in skin makes all the difference in the world and this achieved that goal. This will be a go to in my routine!",2019-01-16
P460779,5,"I tried this serum and love it! It’s moisturizing, made my skin smooth and I love the smell.",2020-12-29
P7880,5,"Such a good product, easily takes off makeup while still cleansing your face. Leaves skin feeling fresh and moisturized. Best gentle face wash.",2019-01-10
P269122,1,I have used the reg strength pads and haven’t noticed any issues but tried this extra strength and now my skin has red spotty skin and an overall pink darkened skin.  Hope the redness fades. Won’t be using these again.,2017-12-19
P297524,5,"Amazing! My skin was softer, brighter, smoother, and de-gunkified after using. I have made this a ritual to use at least once a week...buy it! You’ll be thrilled!",2013-09-03
P309308,5,"Holy Grail!! This product has helped my skin more in ONE WEEK than any other products has during its entire use. My skin is smoother, fine lines aren’t as noticeable, hyper pigmentation is starting to decrease, and I haven’t had a new pimple since using this (I have pretty bad cystic acne...this has even helped some of the huge bumps go away that I’ve had for months!!!) if you are at all curious with this...I would definitely try it. I know it’s expensive, but there’s a reason why!! I’ve only been using a week but I can already tell it’s a holy grail product. Go buy it!!",2018-04-03
P441644,5,"Absolutely adore this cleanser. I previously used the Milk jelly from Glossier, but after finding out about how they treat their Black, Indigenous + racialized employees, I decided to look for a different brand. I had a free skin consult with a professional who helped me choose products for my skin type (I did this through their website) and was happily surprised by their warm welcome. This cleanser is refreshing, takes off makeup and leaves my skin feeling soft and clean! I highly recommend.",2021-02-26
P394639,5,"I love this bomb! I got it first as a sample, and tried it that night. It completely cleared up the dry patches around my nose and on my chin instantly! I love this stuff!",2015-11-17
P421275,5,"I have terrible cystic acne. Like ... grows roots, spreads and stays for months cystic acne. My face flares up at just about everything - *Oh hey wind! Are you blowing? Sure why not break out?“. IDK why but this stuff works. It doesn’t totally stop the cysts, but it does prevent them from spreading and shortens their lives significantly. Tried some drugstore brand for comparison and these are definitely the best. Worth it if you’re struggling with bad flare ups.",2020-03-23
P378852,5,"This moisturizer is very hydrating and I like the fact that it is a gel.  I’m not sure that it’s “energy boosting“ but I wouldn’t buy a moisturizer for that quality anyway.  This doesn’t break my face out and it has a pleasant scent that is not too overbearing.  It absorbs quickly, is light weight, and isn’t thick or sticky.",2017-08-02
P427417,2,"I started using this a few weeks ago. I saw that it was great at eliminating old acne spots and acne in general. I never really had breakouts. One or two spots, but they were long lasting and reoccurring. For example one that has lasted over 2 years... I have seen improvements on that one, but I’m having SO MANY MORE now. My whole face is getting pimples. I’m planning to stop use to see if it gets better again.",2021-01-30
P309308,5,"I love my Good Genes...can’t live without it! I recommend giving this product a full 6 weeks to start really seeing results as your skin will go through a purging stage, getting rid of all the bad stuff. But my skin is the softest and smoothest it’s been in years with the help of this product! REMEMBER: wear your SPF daily with Good Genes!",2017-12-29
P218700,3,I really think this is the answer to those concerned about split ends. It kept my long hair well moisturized through winter. However I used it on my skin several times to help with moisture and it did nothing.,2011-04-29
P12573,3,"Definately not worth $7.50. Bought it to reach my 50 dollar free shipping amount. Thanks, but I’ll stick to my 1.50 chapstick.",2011-05-09
P423688,5,"This Daily Microfoliant was a gifted by Dermalogica. I have never used cleanser powder before, excited to receive it and try it. I have a sensitive skin, and this microfoliant is gentle enough and clean. Very easy to use. I feel my skin refreshed and bright after using it. Worth to try!",2021-10-11
P42204,5,"I can’t live without this stuff. I use it on cuts, scrapes, dry skin, under my eyes, and of course as lip balm!",2010-03-24
P269122,5,"So I tried the free 7 day trial and feel in love! I had to purchase the 60 treatments because I DID notice a difference to my face after the 7 day trial. I have countless number of products from all kinds of beauty boxes, but Ive never noticed a change like this. I wish they were not so darn expensive, but you get what you pay for.",2021-02-17
P471546,1,I purchased the trial size since a sephora specialist recommend it. Worst skincare product I have ever used. it felt pasty and leaves a white cast on your face! Also v drying! -100/10,2022-09-16
P453816,5,My absolute favorite makeup remover!! It can struggle with some mascaras but everything else is gone. It feels silky smooth as you use it and then washes off without leaving a residue. I love that a little goes a long way so it always lasts me a long time!,2017-11-14
P427419,5,"Hyaluronic acid works BEST on damp skin!! When used right, this is such a good product especially for its price point. A plumping and hydrating serum! The only SLIGHT problem I have is that it can get hard to twist/open overtime.",2021-02-10
P417238,5,This is my holy grail of makeup removers! It can even remove eye makeup gently. I highly recommend it! You won’t be disappointed!,2022-02-20
P427421,5,"I tried it with reluctance with a trial sized container. I’ve suffered with years of acne breakouts and came to find out I had rosacea which I finally treated. This product has brought my facial appearance back to life. I don’t use too much at once. The third time I tried it, it burned on areas of my face because my skin was over sensitive at the time but now I apply it and it is quite amazing. I see a difference with fine lines. I agree with the plumping of skin it mentions about the effects. After using this product, I see results of healthy looking, young and pretty skin. Just purchased the one size only offered, which is very pricey, but it really has proven to be worth it. I love this stuff!",2020-01-31
P126301,5,Melts my makeup away like butter! I LOVE this stuff! I will never go without it from now on!!!,2019-04-06
P450271,5,"The best makeup remover ever....removes makeup like an oil, washes off like a cleanser without any residue. Absolutely love.",2020-04-15
P453816,5,Works like a charm taking stubborn eye make up off. Im almost out of product. Makes me sad :(,2017-01-25
P470255,2,"I hate that this didn’t work for me.... I really love the feel of it and how truly unseen it is... however I think it’s clogging my pores because I’m getting breakouts :-(  if it was truly non-comedogenic, It would be a keeper",2020-07-17
P443352,5,I have always issues with discoloration and texture problems of my skin. I used to be a terrible young adult with taking self care and skin care days . My skin 3 years later shows the signs but dermalogica daily microfoliant is the answer . My skin looked amazing after just after four uses. I use it only once a day for about 7 days to see the difference my dark spots have faded. My skin don’t look so rough and my post acne scars are almost gone. I just worked this baby into my already daily skin care routine. So worth the try if you have discoloration or texture issues. I received this product complimentary from Demalogica Sampling and in no way has  my honest opinion been influenced by outside sources. My opinion is 100 % my own.,2022-08-28
P443352,4,"The powder took some getting used to, but I ended up really enjoying this!Love the gentle physical exfoliation. Feels effective without being too harsh. The powder granules scrub.a bit, but also dissolve into a foamy cleanser that left my skin soft and fresh. Not drying at all. Sad this is so pricey, I’ll be on the lookout for similar products.",2023-03-21
P443563,2,"Not sure what all the rage is about.... very thin, scent is underwhelming, and it’s overpriced.I really thought this would create a nice, plump, dewy lip but I’d be better off with Vaseline. I gave it 2 stars because I like the tube & my lips feel softer for the 20 minutes it lasts. Will not repurchase!",2019-04-17
P297524,5,I just came back from an Origins free mini facial treatment today where they used this charcoal mask on me and I must say - IT REALLY WORKS! I was amazed that my pores tightened after only 5 minutes worth of having this mask on! Feel free to check out my blog [28nottoolate] for more details of my experience with Origins!,2014-01-12
P450271,5,I tried this after Clinique - and I won’t go back. Love the texture and the fact that it comes with a spatula. I find that I use less per use than I did of the Clinique. And the smell is super fresh!,2018-04-17
P478030,4,Does a good job at removing makeup & sunscreen. Doesn’t irritate the skin. My only issue is that it leaves a film on your skin after washing it off.,2022-01-15
P443563,5,"LOVE IT!! This is my favorite lip balm and it smells SO good, I use it all the time",2020-05-23
P430337,5,"I received this product for free from influenster. I used the product as directed, without the truth serum. I noticed my skin looks brighter and is definitely more moisturized. I would recommend to anyone who is looking for a new moisturizer, to try this out.",2018-04-07
P427417,1,"BEWARE! My skin is normally dry/combination where I would mostly get 1 or 2 little zits on my face the week of my menstrual cycle. However once I began using this (10 days now) my face is completely full of painful deep huge acne, I have NEVER had this problem in my life and I’m even reluctant to leave the house now (my face is NOT oily people). Stay away from this, it causes painful breakouts.",2019-04-13
P126301,5,This is so gentle on my skin and gets off my makeup in just a few swipes. Only a little bit of product is required to get off your makeup so I imagine this will last for a very long time.,2018-12-16
P450271,5,"This has been my favorite cleansing oil for years now. It feels wonderful on the face, emulsifies easily with water, and takes *almost* all my makeup off. I’ll sometimes have a smidge of mascara left because I don’t want to pull on the skin around my eyes roughly, but because I always follow up with a cleanser (as you should when using an oil like this) anything left is quickly washed away as well. I have been rebuying this religiously since I first tried a sample of it. For those of you that do not like scented skincare, do be aware that it is lightly scented. It reminds me of a lime sorbet - personally it makes me like it more but I know not everyone will like that.",2021-07-01
P122900,5,"This little number was a pleasant surprise. Not only is it lightweight, but it quickly absorbs and softens the sensitive areas around the eyes along with laugh lines around the mouth. Because I love this product so much, I am now looking at other Clinique products for various skin care needs.",2010-08-26
P456412,5,"I have used this cleanser, in all of its iterations and packaging, and I still love it. I used to use Fresh’s soy cleanser, but this feels better, somehow. It doesn’t make my face feel tight, it smells light and lovely, and it isn’t overly foamy/soapy and hard to rinse off. I will continue to buy this each and every time. Highly recommended for combo, aging skin (like mine).",2020-04-30
P456207,5,First I want to say I got a complimentary sample of this in an Influencer VoxBox. Second holy molly this stuff is amazing! I hate using moisturizer because I have Uber sensitive skin that breaks out easily. Well when I used this my face never broke out. This is definitely going on my list of future purchases.,2020-03-08
P423688,5,I was gifted by Dermalogica the Daily Microfoliant brightening rice-based powder exfoliant. I have dry skin and this didn’t make my skin drier! It did a great job and I really like how soft my skin felt and no more flaky skin.,2022-08-28
P269122,5,"I really liked these easy to use peels. They were easy to use, felt great and left my skin feeling and looking brighter. I have already bought a second batch because I am so happy with the results.",2018-12-25
P309308,5,"I an on my third bottle, I tried to save money and switched to The Ordinary lactic acid but it’s just not the same (the ordinary lactic acid works GREAT on my KP arms though) you really don’t need a lot of product, maybe one squirt for your whole face.  I had dry patches right above my cheeks, the pesky 11 between my eyes and some crows feet.  The patches are Gina and the other stuff has diminished greatly.   I use this with the ordinary retinol or the Sunday riley sleep oil and my skin is GLOWING.  I even got a compliment from my 13 year old daughter!!  I doesn’t make me break out and I personally love the smell.  Someone mentioned they use a little bag for the product... that’s only in the half ounce size.   The full size is the entire bottle.  I don’t even care about the price anymore, it lasts a long time, it works and it eliminates so many other products I was using.  So in a way, I’m saving money.  Lol.",2020-04-29
P480630,2,"This mask is incredibly over hyped. Social media and all of the beauty influencers did a great job pushing this mask. I personally do not feel the product actually absorbs into the skin and I’m unable to wipe it off without the product flacking off. The residue that sits on top of the skin makes me reach for other masks. Additionally, I had breakouts after using this mask a couple times.",2018-04-07
P232915,5,"First off i have really dry skin with a normal to oily tzone. i have big pores and rough skin texture but, this stuff saved my skin i use it once a week. no more dry patches, glowy complexion, blackhead almost all gone, and my skin oh my skin smooth as a babys bottom. will resume to purchase untill god forbid its discontinued.",2013-10-11
P430337,5,This is the best gel creme I have ever tried! Would recommend​ any time!,2018-05-25
P417238,4,Did it’s job. I don’t see how it’s different from banila co or Clinique.,2019-09-13
P297516,1,This stings my eyes so horribly!! It may be nice for your combination skin but it is not worth it!! Unjust threw my tube out so I wouldn’t mistakenly use it again!,2015-09-04
P378852,5,This product smells amazing! It has a citrus scent that is not overbearing. The consistency is really interesting. It’s thick yet lightweight at the same time. It absorbs really well and gives my skin a radiant glow. My skin feels so hydrated and firm. The only thing that I think will make it better is if it came with a little spatula so it’s easier to get the product out - I think it’ll be more convenient and hygienic :),2017-08-03
P478030,1,"Oat cleansing sounds like something I would love, but it doesn’t seem to rinse off; I have a lot of residual oil left on my face which I don’t love. And it also feels like it’s separating already and I only bought it a few weeks ago.",2022-05-15
P218700,5,"Does not have the typical argan oil scent probably because it’s in its natural form. Absorbed easily, hydrates, and overall feels great on the skin",2020-09-20
P269122,5,I liked this Dr. Dennis Gross daily peel a lot because it doesn’t make my skin sensitive which is something I was worried before use. It’s made my skin glow and radiant and skin tone is even out and greatly improved. I used it for about 10 days with a good result and I could see the difference.,2020-08-27
P232903,1,"I am in my mid 20’s and have quit wearing makeup for the summer. Hoping this will help with the summer humidity to keep my skin clear, however, it has not! When I saw this online I was hoping it would rid my face of the pimples on my chin, instead more kept coming and the ones I already had are still there. (I would use it morning and night after washing my face and toning.) I decided to keep using this thinking that my skin is just trying to fight it but will more or less clear up in time. It has been a month since I used this and No clear skin. Still pimples! I still have half the bottle since it does last but it didn’t save my skin though. Also, it does flake when it dries so I had to use a cotton swab to wipe off the dry flakes to avoid them falling onto my clothes :-(",2017-08-31
P453816,3,"Overall, it’s very good at taking your makeup off especially mascara/eye makeup. I use it mainly for my eye makeup, but afterwards it leaves a weird fog over your eyes for a minute or so and makes your eyes water a lot after using it. I won’t be purchasing it again for that reason.",2020-02-19
P394639,5,10/10a I don’t know why I haven’t tried this sooner but I’m never going a day without this product. My skin feels amazing and hydrated.  I have tried similar products and always felt like I’ve wasted my money but I have beyond satisfied with this product.,2021-05-02
P375849,2,"For my normal/oily skin without any problems (i.e. acne, scarring, etc) I didn’t notice any benefit after using this product twice daily for a few weeks. If you don’t have a specific skin problem, I would save your money and buy another less expensive toner or essence.",2018-12-20
P427421,2,"I got this as a birthday gift this past September and was really exited. I used it over several days careful not to use any active ingredients that could react with one another and I noticed my skin getting deep angry acne around my nose and my lower chin. It cleared up after I discontinued use of this product. I wish I could love anything from Drunk Elephant given the luxury price tag, but given the ingredient list I would never pay what they ask for.",2020-04-08
P423688,3,"I, personally, was not able to use this every day. Very drying, ended up having cracks and flaky skin, even after applying moisturizer. I normally have very oily skin, so this was very surprising to me that it dried me out so quickly! I use it about 1-2 times a week and that seems to be working the best. Clear and soft skin!",2020-03-23
P42204,4,"I really love this lip balm! I love that you can pack it on and wear it over night, or that i can use a bit less during the day to wear undering more drying lipsticks or lip pencils. Plus I love rose anything!",2015-04-15
P411387,4,I like this cleanser. It smells nice and doesn’t dry my skin. The only thing I don’t like is the glass bottle. I think it’s dangerous as it will break if I drop it.,2019-06-05
P427419,5,"Three drops; one on each cheek and forehead is all you need. I rub it in a little like when I’m marinating some baby back ribs, then gently pat till the face is kinda dry. It moisturizes the deeper layers of the skin so you still need to moisturize with a cream or something afterwards or you’re going to feel like your skin is a bit tight. It goes great with foundation (I use NARS) and makes my face feel hydrated underneath. I’ve lost count of how many bottles I’ve gone through. It’s relatively inexpensive and works just as well as Drunk Elephants hyaluronic acid too.",2020-03-08
P394639,5,"This is the most refreshing moisturizer I have used. It definitely has that “burst” feeling after being applied. It’s gentle and cooling, perfect for warmer months. I love that it absorbs quickly and never feels sticky!",2020-06-19
P417238,2,Can’t get past the smell. Smells like bathroom cleaner.,2017-11-27
P411540,2,This made my skin gray. It’s also thick and hard to work with. I’m a huge add Jart fan but this one didn’t work with my dry skin,2022-07-01
P297524,5,I love this mask! It does exactly what it says. It is like a magnet for pores. I have noticed a huge difference in my skin.,2011-11-29
P429952,5,"Just yes! Used this for the first after we went to the pool , took a shower and applied it , normally my skin would feel very dry but it smells amazing and feels so hydrating.",2018-07-16
P420652,1,be aware if you have any sensitivity.  this scent burnt my lips like a lip plumper would. would not recommend,2021-10-14
P422905,5,This product is truly a life saver!!!! It is super hydrated and smell amazing. A little goes a long way. Note: I received this product complimentary for sampling purposes.,2018-01-17
P427417,3,I like it but it will cause pilling. I tried to apply it in different order in my skin care I tried everything. This is the culprit. It’s fine if you use it alone but that’s not really much of a skin care routine for me,2022-03-20
P232915,5,"I’ve used her products before and always had positive experiences. I loved that this was not only a physical but a chemical exfoliate too so I did have immediate results and after a couple weeks I had more noticeable results that I usually get from using a chemical one. Softer skin and smaller pores, less self conscious of my skins texture.",2023-02-19
P309308,5,"Sunday Riley gifted me their Good Genes Lactic Acid Treatment.. and now I understand what all the fuss was about! This product just does something to the skin to awaken and boost radiance like no other. My skin looks glowyier, brighter, smoother, and more radiant than ever. It performs beautifully with the other products in my routine, which I love - and seems to have improved the appearance of wrinkles and improved my overall skin tone & completion. I would absolutely recommend trying this one!",2023-01-10
P456398,5,"Very smooth application. A little oily at first but after a few minutes, it’s great!",2020-11-29
P126301,5,This stuff is a game changer!! I cannot rave enough about it. I use it with my Clarisonic to take my makeup off and it does an incredible job. I used to have very acne prone skin and was very self conscious of it but my skin is beautiful now! I get compliments on it all the time and I know for a fact this stuff had a lot to do with it.,2018-04-21
P270594,3,This is rather pricy - although I got it for free to try and review through Influenster -  it also isn’t worth the price. It is rich and creamy and does make make up go on smooth but you can feel it there. It doesn’t ever go away. Additionally it oddly made my face feel warm. I know that sounds strange but it was almost like a heavy layer. I did give it three stars because it was moisturizing and did allow for smooth makeup application.  But I definitely wouldn’t buy this especially at this price. Much better options elsewhere.,2019-05-12
P443563,5,"The BEST lipgloss ever! I am not one to spend too much on my lipgloss however listening to bloggers I follow I wanted to see what all the hype was about. This truly makes your lips feel so soft, there is NOTHING sticky about it. Stickiness is usually my number one complaint. This makes it feel like a chapstick gloss and the smell is not overpowering but just enough. Although it’s a little pricey it is worth every penny! This will be my go to, forever!",2019-08-26
P453816,5,"This seriously gets off any kind of makeup imaginable, winged liner, waterproof mascara, glitter, you name it. The first time i used it i had glitter all over my eye lids, eyeliner on my eye & also in my waterline, AND very full coverage foundation with blush, highlight, contour, etc and this took it all off. It’s a bit of a splurge but I don’t mind spending a little extra on skincare related products. I’d rather spend the $29 on this than find something cheaper and have to worry about going to sleep with makeup residue. This way, there’s no doubt in my mind that there’s absolutely no makeup left behind. I’ve tried many other products similar to this but this is hands down the most effective.",2016-07-20
P453816,5,This is awesome! Even the tiny sample I got in my Play box is lasting several days. The texture to start is solid but quickly melts into a thick fluid. It emulsified with water and rinses clean. And it’s gentler than any wipe or my Makeup Eraser!,2019-04-19
P453816,4,This is my favourite makeup first cleanse. It’s not as nice as the it cosmetics one but it doesn’t bother my eyes like other ones do.,2020-01-04
P441101,1,"Very sticky finish!! And gave me a breakout. I tried to use it as a body cream just so it won’t go waste and the stickiness feeling is so irritating even for a body location. Won’t recommend it, unless you like an oily finish and stickiness feeling.",2019-04-22
P443352,1,But I just can’t. I can’t get it to lather. There are little bits in it that won’t go away and scratches my skin. I think it cleans well but I’m too nervous to really cleanse because of the little bits that scratch. Absolute no for sensitive skin. I’m sticking to chemical exfoliants.,2021-12-10
P480612,5,I really like this face cream. It feels so nice on the skin not overly heavy. It feels light but also moisturizes so good. My skin looks so nice after a few days of using it. It’s really improved my skincare routine. It keeps my face moisturized which helps my makeup go on more smooth and evenly and it really does help with minimizing your pores which also helps with makeup application. I would recommend it to my friends and family :),2022-02-10
P411387,5,Amazing product! Leaves your skin feeling so smooth and clean. Love you use this product to remove my makeup.,2023-01-17
P456398,5,"I loved the way this smelled as well as how it soaked right into my skin after applying! The only thing i wasn’t crazy about is the price! I’m not sure who on earth would pay $50 for a sunscreen, but a little does go a long way, even for someone like me who uses a TON! I also want to mention I received this product complimentary via Influenster for reviewing purposes, but these opinions are genuine, authentic and my own!",2020-05-08
P42204,5,"This stuff is really great. After using, we bought several to give away as gifts and our friends are still our friends so it must work...",2009-02-04
P427417,5,Has really helped with my hyperpigmentation and acne scars! Also really great for active pimples.,2021-04-27
P467762,1,"I really wanted to love this toner after hearing such great things about it. However, it broke me out HORRIBLY. Within about 6-7 days of use, I got so many pimples under the skin and my poor skin was so irritated. The consistency was good, but I’m wondering if the fragrance is what broke me out. I went back to my other toner with no problems.",2022-06-13
P411540,3,"Overall I like this product! It’s nice for a “no makeup” makeup look. Definitely reduces redness if you have acne scarring or uneven skin tone. I did try wearing it alone but it looked too oily for my liking and it did separate in areas like on my eyelids, so I added a setting powder over it and it doesn’t separate at all now. Not giving it a 4 star because it’s pretty pricy for what it is.",2022-05-02
P417238,3,"This is a very nice cleanser, and I assumed when buying it there would only be natural ingredients. However, I was horrified to come across polyethylene as one of the top ingredients. This is plastic. The fact I don’t want to wash my face with plastic is one thing, but this also filters into our waterways. Farmacy - please! Ditch the plastic! Also - Sephora, why are you awarding the Clean at Sephora seal to something with plastic as an ingredient?",2019-01-07
P441101,3,"I got the birthday testers of this moisturizer and the face wash, i have fair skin, dont really get zits, and my skin is almost always clear. I used the face wash and was fairly impressed with the first couple uses. The moisturizer is definitely hydrating, however ive noticed i began breaking out after just a couple days. I have red spots all over my jaw line, alongside my nose, across my forehead, and both my cheeks, aswell as multiple white head zits. Its pretty gnarly.Im super bummed as i heard good things about this brand, but it definitely will not be used again by me. Id save your money and go a different route for sure.",2022-12-16
P443563,4,"I was looking for a lip balm that would be easy to carry around with me. When I used it, it’s not sticky. There’s a slight tint of colour and I wake up with soft lips. Took out one star because $20 is a bit pricey for the size.",2022-09-08
P426183,5,I love this product. It goes on nicely between washing my face and applying makeup. I love the packaging and scent. I could tell it’s of very high quality.,2021-06-04
P248404,5,My favorite cleanser when I want something a little stronger than my hemp matcha cleanser which is a bit more hydrating. This one is super gentle and leaves your skin soft and slowly fades my red acne marks. My sister has stolen a couple of these from me since she said her bf complimented her skin saying she was glowing. Never broken out from this,2020-09-09
P394639,5,Love the fresh feeling it gives your skin when applied! My skin loved it and looked amazing. Will buy again!,2017-09-15
P297516,4,"I love this cleanser. This is my second bottle and I’ll probably continue to buy this cleanser! I use this with my Clarisonic and it lathers up amazingly. The smell is kind of minty and afterwards, my skin feels really clean but not tight; but again, I have oily to combo skin. When using this, be careful not to get it in your eyes because IT BURNS soo bad; also if you get any into your eyes, they get really red. That’s the only downfall of this product. Other than that, I love Origins in general because of how light and “organic“ in a sense, their product feels on my skin.",2013-11-30
P467762,5,"This product came to me on Monday of last week and I have been using it every day, I have noticed the change on my face, the skin is more hydrated but not greasy and my pores are less visible. The smell is delicious and super fresh, I loved it, I recommend it, I loved this toner.",2020-05-12
P429952,5,,2019-07-03
P429952,5,"I’m a math major. I love math. Why? Cause it’s easy. You use a FORMULA and you get a SOLUTION. Okay, sometime’s it’s not that simple...but GUYS THIS IS!!! This FORMULA GIVES SOLUTIONS! LIKE RIGHT AWAY! I was skeptical at first, like everybody who tries out products that are super hyped up and raved about, so I went in with low expectations. But ya’ll, I put this on as an overnight mask, and the next morning I woke up with such an amazing complexion. My skin was dewy, even toned, and so so hydrated, and my skin is usually so dry in the mornings! ALSO my forehead wrinkles were soooo smoothed out and practically gone. SADLY, I am only 20 yrs old and have such pronounced forehead wrinkles (probably from always scrunching my face up when doing math problems hehe). But this was a fix! And no mess! It’s so easy you don’t even have to wash away with water, whaaaaat?!!!Guys. Buy this. It’s effective, it’s easy, it’s amazing. Trust me, I’m someone who actually likes to see results quickly and this delivers. I’m actually excited to go back to school cause I know Summer Fridays is going to make my Winter Mondays a loooot less dreadful ;)",2018-06-05
P411387,5,"I adore this cleanser! It’s so gentle and doesn’t strip my skin but does a great job of cleaning it. It has a great thick gel consistency which i love, and It has such a light pleasant smell, just smells like dark leafy greens. Great for any skin type!",2020-04-30
P309308,5,"Part of me is horrified that I’ve become the kind of woman who spends this much money on one bottle of ANYthing...  But I can’t deny the fact that it works really, really well.  I first tried Sunday Riley products after receiving a small sample of Luna (which is also pretty amazing).  Looking into reviews, I found a lot of references to Good Genes, and thought I’d give it a try.  I ordered the duo: Luna and Good Genes -- and wound up going through the smaller Good Genes bottle fairly fast (for me...which means w/in about 4 to 6 weeks).  Alas, I was addicted: my skin tone was nearly flawless, definitely brighter and all around glowing.  When I went back for more I decided to go all in and got the regular size.  Yes, it’s pricey...but the results are honestly worth it.",2016-08-15
P409800,4,Just got these and tried them out last night. I was surprised by how rough the exfoliating side is. If you have sensitive skin I would definitely pass on these and try one of the other kinds. I have thick skin so I could take it but I still had to move at a slow pace and be gentle. All in all my face felt clean and refreshed and I really think I got a whole layer of dead skin off!,2016-10-17
P394639,1,"Overpriced and overhyped , Neutrogena Hydroo boost cream is better and cost a fraction of this",2022-02-12
P454380,5,I love this product! Most face sunscreens make me shiny and I feel greasy. This one leaves my skin matte and is a great primer under my makeup. Goes on smooth and feels good on my skin.,2019-04-25
P7880,5,"I have always used Clarins products, I was introduced by this and I got my hands on 4 foil samples. One foil, and I had on full make up, everyhthing you could imagine, occlip tars,12 hr gel liner,24 hr Shashbox waterproof mascara with Anastasia beverly Hills mscara top-coat, smashbox photo finish primers, Sephora cc / foundation, Katvond Lock-it Powder,Sephora Illuminizer,4 colors from 4 different Sephora-Pantone eye shadows with UD Ageless primer underneath, and a light coat of Italia diamond dust in Coper at the corner of each lip to make myself feel better. A friend sat me on my main bathroom counter, I decided to skip my normal Clarins and use thes “FRESH - SOY CLEANER“ and I am amazed.I believe my next facial cleaner will be this, for a larger bottle its $20 bucks and it works miracles! Everything came off in less than 3-5 minutes of gentle circular motion, my eyemake up I put an extra small dot on the end of my finger - they have never felt cleaner or smelled cleaner.My pores look great, I did not even use a mask, I used a 1/3 foil of OLEHENRIKSEN for my entire face and some L’Occitane eye balm, wich I didnt need and regret, because it burnt and has shown no results from just the SOY FACE CLEANER and the small amount of oil, that I am now sure was not needed. I will be buying this SOY Cleaner, an I recommend it to everyone...as soon as I patted it dry it was plump, soft, full of color, squeaky clean and SMELLED BEAUTIFUL!",2014-03-19
P394624,5,"I see a lot of skincare ’influencers’ stating how much they dislike this product... always claiming the ingredients aren’t great. Honestly, I love this moisturizer so much. It’s one of few where I’ll wake up looking more hydrated and it doesn’t break me out at all.",2021-08-31
P297524,5,"Not my favourite mask to use. I sometimes use this as a spot treatment.",2017-03-21
P427417,5,Love this for my skin. The Ordinary provides such great value for money.,2020-04-02
P126301,5,"I first was sold on this product in store when I had swatched an Anastasia liquid lip on my hand, tried to take it off with the in store makeup remover, and after that didn’t work I accepted my fate that I was going around with lipstick residue stuck on my hand for the day. I remembered I wanted to look at the cleansing balm and I tried the tester on the lipstick left on my hand and it took it off immediately. I bought it right after that",2016-12-09
P467762,5,"I LOVE THIS. I have been fighting clogged pores and acne since I was like 11 (I’m 19 now) and since I started using this, my skin has been GLOWING and has cleared up dramatically. I would definitely recommend this for people with problematic skin",2021-03-21
P478030,5,I didn’t think I would like this due to the texture but it really is good for taking off a full face of makeup and leaving your skin feeling smooth! I would definitely repurchase:),2023-03-06
P427419,5,"I have super dry skin and this has made a wonderful difference! It looks so plump and feels so hydrated. You have to use it right, otherwise it doesn’t work well. Personally, I found that applying it in a steamy bathroom on wet skin, applying a generous amount of lotion, then a heavier cream does the job great! I always felt like lotion and creams didn’t deeply hydrate my skin, but now with this, my skin soaks the lotion right up! I have to reapply lotion often, but I can’t complain, because my skins looks so good and feels so much better now.  My fine lines have improved.I would recommend to people with dry skin that lotions and creams alone don’t seem to hydrate. But beware! You will be using extra lotion.",2020-12-22
P439061,4,"I received this product for free and for testing, I have to say I absolutely love this product. I have used it for over a week now and at first I didn’t notice anything and all of a sudden I noticed my spots were clearing up and my face looks a lot more toned. I noticed people complain a lot about the smell but that was a plus for me, the smell wasn’t so strong that it would affect me",2019-01-02
P269122,4,So nice! It feels wonderful! Strong smell at first. Makes your face tingle but in a good way! My face seriously feels amazing!,2019-08-15
P232915,1,After reading all the reviews i took the leap and decided to try this product it did not measure up to the rave reviews. It was too harsh for my skin and broke me out i returned it. Decided to give the Detox cleanser for acne a try by Kate Somerville so far im pleased with the results half the cost,2016-04-12
P417238,5,"Literally my 3rd jar, tried another go-to brand, and while it was affective, the other brand just was not Farmacy Green Clean! I love the smell, the feeling, the process, and most importantly the result! Really do not see myself purchasing anything else to remove the day!",2019-08-13
P443352,5,This micro exfoliant is a cult favorite and there are reasons why it is so loved. And now you get these is satchets which even makes it better. It is travel friendly and in every packet you get the perfect amount. Gifted by dermalogica,2022-08-26
P439061,1,"Half a bottle later and my skin is no different, and now it has started to burn my skin and cause little red bumps although I only use it 1 time a week. Ouch.",2020-04-02
P411387,1,It’s not for dry skin . Make  flaky to your skin.Worst experience with this product…,2021-07-29
P218700,5,"I have dry skin, I use this as my day moisturizer.when I was trying to find a moisturizer for my dry skin, after selecting anti-aging and dry skin and blemish control, this product came up so I bought the small size to give it a try. it is good so far. it definitely keeps my skin moisturized. not oily.",2016-05-01
P394639,5,"This super lightweight facecream is amazing. Got a deluxe sample and usually I don’t stray from my facecare routine because I have sensitive skin and new products can give me redness, irritation, breakouts, etc. Aquabomb is AMAZING! As soon as I put it on for the first time I was amazed at how cool it felt, without any menthol burning effect, how moisturizing without being at all greasy, how quickly absorbed and how pleasant it felt on my face. This is a great investment, and the price is fair. I usually count on Clinique, Caudalie, Origins, Algenist for face creams, toners and treatments but I’ve just added Aquabomb to my list and I use it as a lightweight moisturizer any time, especially in hot weather for its cooling, light effect and ability to give my skin an added moisture barrier without feeling sticky or like a coating is on top of my skin. Also, FYY I got a sample of their Moisturebomb and it’s just regular- not remarkable at all. AQUABOMB is where it’s at! Plus it’s a pretty color and little goes a long way!",2017-06-03
P309308,5,"I am in my mid fifties and GF Luna oil=!game changer! My pores are diminished and my skin actually glows! When I wake up each day the results are apparent. I have clearer pores, fewer lines, fading age spots and plumper, smooth even skin! I tried to go without it due to cost but it is back in my basket!",2018-10-27
P470255,1,I was excited to have a lightweight sunscreen to wear under makeup. This gave me the worst breakout I’ve had in years. I unfortunately cannot recommend this product. There are sooo many other options out there.,2019-05-25
P453816,5,"I saw this in MannyMUA’s review and I wanted to try it out. I got to Sephora and decided to put the balm to the test and see for myself. I swatched a lot of stuff at the back of my hands (eyeliner,foundation,liquid lip etc). I got a small amount of the balm and rubbed it in and im honestly left speechless. Its one hundred percent the best makeup remover i have ever used. It literally turned into this milky oil on my skin and when i wiped it away with a regular makeup remover, it left my skin feeling soft. I will say that when you apply it to your eyes and especially close to your bottom lash line to remove mascara and all that jazz, you might get it in your eye. And when you wipe it away you might have blurry vision for like a couple of seconds but it goes away fast. Other than that, i love it. Im going to try the one thats specific for eyes, and maybe it’ll help with my blurry vision problem.  YOU WILL BOT REGRET BUYING THIS. IT REMOVES EVERYTHING WITHIN 30 SECONDS. YOUR WELCOME",2016-08-23
P430337,5,"I have been using this product only for about a month now, and I noticed results immediately! I was previously using Kiehl’s Ultra Facial cream, and was never truly satisfied or felt completely moisturized. After using this cream, I don’t know that I’ll find another that compares...it’s light weight, non-sticky, hydrating, and really makes my skin glow.I promise, this will be your new favorite moisturizer✨",2018-05-08
P471546,5,"I don’t know what they put in this, but it magical! All other green correcting products just sit on top of your skin, or makes your skin look colorless/pale. Or if you have flakiness on your face, the green sticks to it. This stuff melts right into your skin. The first time I put it on, I was amazed and didn’t even put my foundation or concealer on. And I’m 8 weeks postpartum. So if this can make a new mama’s skin look radiant, imagine what it could do for you!",2017-01-09
P248404,3,"I have combination skin, and this cleanser left my skin feeling tight, like overly dry tight. It worked to get my makeup off, but didn’t leave my skin feeling healthy like I find with the Belief Creamy Cleansing Foam. I guess you can’t please everyone!",2017-01-03
P443563,4,Like this a lot. There are others out there that work better though.,2023-01-25
P430337,5,"I received this product complimentary for my honest review. I being using this cremé for 2 weeks now, I add it to my skincare routine, right after applying it my skin feels refresh and brighten. I will be definitely keep using this product specially in the summer time! I’m a fan of this brand and this product made me lovebthe brand even more!",2018-05-03
P442563,5,"Best home peel you will ever use.  It feels like a real chemical peel but made for home and newbies.  I feel like it is a safe peel for beginners and effective enough for experienced peelers. I always get the most compliments when I use this (as directed) consistently in my facial regimen.  I always see improvement with my texture and tone.  I also see fewer breakouts too!  The bottle last a long time too!  I have bought this for my friends and sisters, that’s how much I swear by it!",2019-04-11
P450271,5,"The gentlest, most wonderful cleanser I’ve ever used. My skin feels so clean after use. Like the rest of Farmacy’s products, smells divine.",2019-01-21
P427421,5,I love this lightweight moisturizer. This whole brand has changed my skin so much. I use this twice a day and I will repurchase this over and over. It’s hard to find a good one with how oily my skin is. Good under makeup,2019-03-20
P232915,5,"Great product! I highly recommend it. Left my skin feeling smooth after only one use! If I feel any signs of dryness, build up or blackheads/acne I use this exfoliator to prevent any of these from happening. It never feels to rough on my skin and you can feel it working without rubbing it in. It also evened out my skin tone, so much so that I had to buy my face powder a shade lighter!Plus a little bit goes a long way. I use it once a week and the small size lasted for about 6 months.",2012-11-26
P269122,4,Easy to use and effective.,2015-05-10
P427421,5,"I had the strangest experience buying this product, but it was worth the wait. My first jar arrived empty. I thought I was just having a ridiculously hard time getting the pump to dispense, but I took it to my local Sephora and the associate opened it up to find it completely empty. So that was awkward. The manager had a new one shipped to me, and now I look forward to using it every day.I mix it with Umbra, B-Hydra and C-Firma in the morning, and with TLC Framboos and B-Hydra at night. (Shaba for day, C-Tango for night.) It also mixes nicely with D-Bronzini and a couple drops of marula if you’re refreshing your face for the evening.I love the smooth texture, both of the product and of my skin after I apply. It applies like a dream after you rinse off Sukari (add a pump of B-Hydra and two drops of marula for a sleep treat).I use this product as kind of a bridge between all of the DE sets I have. Lala feels a bit heavy for me, so I sub Protini where others might prefer Lala, or where Lala was included in a set and not Protini.Highly recommended and will be a staple in my routine. Looking forward to figuring out when to use this with Passioni.",2019-01-02
P394639,5,"This is my HOLY GRAIL moisturizer. I’ve struggled with acne for the last 8 years, and this is the only moisturizer I’ve found that completely balances my skin without breaking it out.",2017-10-19
P126301,4,"Great product. Love Clinique line, because my skin tend to get sensitive these days... Lancôme eye makeup remover even irritates my skins..",2017-07-12
P455364,5,I received this as free sample and have to say I was very impressed! I love the way my skin feels after using this! Highly recommend!,2020-03-27
P218700,5,"This stuff is amazing, plain and simple. If you have dry skin, you need this in your life. My skin was feeling extremely dehydrated when I first tried the oil as my facial moisturizer, and it made the biggest difference in just one use. I have been using it for just over a week now, and my skin tone is much more even, my face has cleared up (I tend to get tiny little bumps/breakouts if my skin is dehydrated), and my skin now feels perfectly hydrated all the time. The oil is quite pricey ($58C) but it is SOOOO worth it for the amazing results!",2014-07-11
P411540,5,"This product is my holy grail. I have reactive skin, so it turns red very easily. Especially in the winter when the weather is cold. Ever since using this, I feel more confident. It covers all of my red areas, and helps even out my skin texture. The only down side is that I have oily skin, and it seems to make it very shiny. However, if you use Becca’s poreless primer, it helps it tremendously! I highly recommend!",2020-10-16
P394639,5,I have been using this cream morning and night for a week and I love it!  It goes on like silk and a little goes a long way.  My skin feels so soft!,2020-05-19
P441644,5,really like this cleanser. my face gets oily by the end of the day and I was looking for something that would clean off the oil without drying. good job. very refreshing.,2018-08-29
P232903,5,"I applied it 3 times in one day because I was just lounging at home, and that night it was gone!!!",2014-06-12
P427421,4,My skin has never been this soft or clear. Its such an amazing product!,2020-02-18
P126301,4,"This balm goes on the face and eyes and melts into an easy to massage cream. However the jar makes it unhygienic to scoop out especially with girls with long nails. I use a small spatula to remove product because of this. Also, this takes off my waterproof mascara & eyeliner, eyeshadow and lipstick very well. However I don’t think it removes all foundation completely- it’s best to double cleanse and just use this as a eye/lip makeup remover.The thing that makes me take one star off for this product is the blurry vision it gives me after rinsing off. I rinse my eyes a lot but when I open them it gives that oily clouded vision that only goes away after a minute or so.",2014-08-04
P441644,5,One of the best face washes ive ever tried! so much product of such great quality! its the perfect combination of cleansing and non stripping,2019-08-05
P443352,5,I have used Daily Microfoliant from Dermalogica before and I really really like it. It adds a double cleanse and exfoliant step simultaneously to my full night face wash routine . These small sample packets are perfect for travel. Gifted by Dermalogica Sampling,2022-08-25
P418218,5,"Always my go-to. I have dry skin, so I usually use Tatcha rice wash. I think this water cream is aimed for people with more oily skin, but it’s always been best for me. I also have sensitive skin, but I’ve never had a problem with anything Tatcha.",2022-12-18
P429952,4,"This product has saved my skin! Since the weather here has been fluctuating from cold in the mornings to warm in the afternoons, my skin has been through some crazy conditions. I love how hydrated, soft and glowy my skin is after just 10 minutes! It feels so light on the skin that I forget it’s there! Also love that you do not have to rinse afterwards!",2019-10-22
P430337,5,"my face feels very hydrated and normally i have dry patches, it smells amazing and seems to smooth my skin very well",2019-02-18
P309308,5,I love Sunday Riley products they are expensive but really works. It made my skin feel so soft after use and it got read of all the dead skin and my moisturizers worked much better after using this product. I received this product complimentary from Sunday Riley for testing purposes.,2021-02-12
P248407,5,"This is my FAVORITE moisturizer! It sinks into my skin quickly and leaves no nasty residue, it has a great clean smell and leaves me feeling fresh, in the morning and night.",2016-06-21
P297524,5,"Wow, I’m always that beauty guru who is skeptical of other reviews but I’m glad I listened to my fellow sephora reviews; THIS STUFF IS FANTASTIC! Left it on for about 25 minutes (I don’t have sensitive skin so a longer amount of time is fine for my skin) and washed it off with a hot washcloth. I kid you not, it brought any gunk from a blackhead/pimple/blemish right to the surface so it made it easy to pop, my pore are no more and my skin is sooooooo soft! Definitely a game changer and definitely bang for your buck! :)",2015-09-03
P218700,2,I used it to “enhance“ my fragrances’ staying power. It was just okay.,2014-02-04
P470255,5,I love this sunscreen! I wear it everyday sunny or rainy and this makes me feel real smart and proactive. It also sits great under my makeup. The consistency was new to me so I was worried about breaking out at first but I’ve been using it for almost a year and can safely say it has only changed my skin for the better.,2020-06-30
P269122,5,This product is amazing - I instantly saw and felt a difference in my skin after using this. Worth the price.,2016-05-28
P429952,5,"I absolutely love this mask!! I suffer from dry skin, and started applying the Jet Lag Mask on top of my skincare routine & moisturizer at night time and leaving it on while I sleep. I used to wake up with very dry and dull skin, but now every morning my face looks super plump and dewy! This mask does pill a bit if you don’t leave enough time for your moisturizer or other products to soak in before applying, however, it isn’t enough to really bother me or discourage me from using. It is also on the pricier side, but I find I only need to use a few pea-sized dots of it each time so the full size will last me a long time. If you have dry skin, this isn’t a necessity but definitely benefits your skin if you’re willing to splurge a little!!",2023-03-10
P218700,5,"I have been using this product for almost two weeks and I love it! I have even used it on my boyfriend (who is very low maintenance) and he really liked it. I use it every night after I wash my face and a little in the morning before I apply my makeup. Besides moisturizing, it gives me a nice glow and just makes my skin so soft and easy to apply makeup to. I have noticed an improvement with the overall appearance of my skin. I am hoping for it to help with the large pores on my nose. I just wish the bottle was a little larger for the price, there are some places online to purchase argan oil for much less. I love to use this after I use Philosophy’s Microdelivery... the two combined give me baby soft skin!I used Clinique’s moisturizer before, and I had to use so much and my skin was STILL dry in certain areas. I use only 4 drops of argan oil I use on my entire face, and I am completely hydrated.",2011-03-29
P378852,2,I really loved the scent of this cream when I first tried it in store. Then I decided that I would like to try it on for a couple of weeks to see its benefits. The first time I applied the cream I hated it. It does not sink in your at all! It just leaves a sticky texture on your skin and a strong smell. Unfortunately I will have to return it.,2018-05-10
P470255,2,"I know people love this product, but it was just too thick for me. If you have sensitive skin or can’t handle thicker products, I would not recommend. Smells great and and oily, though. I’m sure it’s great for other types of skin!",2021-07-26
P460779,5,I really enjoyed this serum more than I thought i was going to ... it melted right into my skin and made my skin feel nourished and plump within minutes ..my face felt super soft afterwards. Need to try it out more to tell if it will help with wrinkles but so far I thoroughly enjoy it .,2020-12-02
P218700,5,I use this under my eye cream and it helps to hydrate the area and helps my concealer go on smoother. I have normal to oily skin but sometimes I get dry patches. I put this on and it gets rid of the patch but doesn’t leave my skin oily. This is the 3rd bottle I have bought.,2014-01-16
P394639,5,"I’ve been using aqua bomb for about 5 months and it’s my absolute favorite! I use it every morning and night under my makeup. I have combination skin and live in very dry weather, and this has been a life-saver!",2016-05-09
P433520,2,This is a fine cream. I got a bunch of 100 point perks of this cream when Sephora had them. I just think for truly dry skin it isn’t enough. I always find my skin getting dry and tight after an hour or so of having this on. Maybe better for normal/combo skin that like a glow. Feels nice going on and isn’t heavy but I much prefer the JLO beauty Blockbuster cream over this. That cream is incredible and they share similarities but the JLO keeps my skin comfortable all day and I see more skin benefits from the Blockbuster cream.,2022-11-29
P420652,5,"Seriously the best lip product i have ever tried! I have very dry lips, especially in the winter. I haven’t applied chapstick more than once during the day since using this",2018-03-16
P12573,5,I swear by this lip balm.. It has sunscreen and moisturizing components that hydrate my lips when they are dried out and protects them from harsh weather conditions. I’ve tried all of the scents except lemon but I’m sure that one is great too!,2016-06-14
P232915,5,"Usually use glam glow mud for my weekly acne fighting/pore cleaning treatment- received this as a sample and it is truly a game changer. Brought it on vacation in lieu of my glam glow, used it once, looked in the magnifying mirror and my pores were facial level clean. I have bad acne and a lot of blackheads and literally 75% of blackheads in my t-zone were removed.I’d say this product works about 2x-3x better than the glam glow mask, and in way less the time. I honestly had very little expectations for this product, but I’ll be purchasing the full sized one and trying that out long term instead of my glam glow. An excellent pore cleaner in literally minutes. In my opinion, that IS worth the price.",2016-02-27
P427417,5,This product has changed my skin. You’d think at 23 I’d be done having breakouts but still got a few a week. Since I’ve used this I hav only had one little one pop out. I don’t have scarring so I can’t comment on that but it really has cleared up my face. I have a bad habit of picking at my face too so when I put this on and it gets in there it stings but by the next day it’s almost gone. The only thing is if you have dry skin you need to follow with a moisturizer or it will really dry you out. Will definitely repurchase.,2019-03-16
P12573,2,"This is balm is nice and soothing.  I liked it in the beginning when i used it.  I left it in the car, and the product is impossible to squeeze out in any slight colder weather.  What i hate is the white print keeps flaking off everywhere! the little white bits are which deters me from continuing to use this.",2017-01-06
P454380,1,"I was excited for this but it seems like it would be better used as a primer rather than a skincare product. I have sensitive, acne-prone skin and it broke me out after 2 days of use (pictures in natural & indoor lighting below) It also pills over my skincare and feels grainy. I just wanted a sunscreen I could wear on its own without white-cast :(",2021-04-13
P394639,5,I often have trouble with moisturizers because they are oily or irritate my skin. I found this aqua bomb cream to be very light and it did not leave my skin greasy. I enjoyed the feeling on my face and it left it feeling very smooth/soft. So far I haven’t had any skin irritation either. I would recommend to my friends and family,2021-09-03
P442563,5,"JK. But it does look like it when you put this on..which is kind of empowering. Lol. It’s definitely intense. Especially, after you dermaroll or do a little face scrub prior. Just remember, this is a mask you wash off! Don’t leave it on for more than 10 mins. But it does make your skin look brand new! Be sure to moisturize after. For reference I’m a redhead, sensitive skin, only use once a week, and it has definitely made my skin more luminous and helped with my overall skin appearance.",2021-02-28
P420652,1,"If you are buying this because you have dry or chapped lips, don’t do it. It provides no nourishment for your lips. If you don’t have chapped lips and just want to use it as a balm, it does add shine.",2022-01-13
P454794,5,"light, perfect for day wear",2018-07-14
P394639,4,"This moisturizer is extremely rich. I got it as a free sample when I had particularly dry skin because of the harsh winter. I used it as a night cream because it is so rich that it made my face look a bit greasy. I definitely can say that it worked wonders. After two or three nights of use, my dry patches healed and they started looking less flaky. The only downside is that it is a bit oily and I can imagine that it could feel uncomfortable if you have oily skin, or in the summer.",2018-01-21
P427421,5,Got as a sample and fell in love. Will be purchasing the full size,2020-04-02
P269122,3,I have very sensitive skin and I have rosacea.This was not a good product for my skin type.  But I think with normal skin this stuff would be great!,2019-07-13
P270594,5,"Love this product, it’s amazing & makes my face hydrated & refreshed, love wearing alone not under foundation.",2020-04-15
P7880,5,This is my favorite cleanser and it probably will always be. It smells so good. It’s gentle enough but gets the job done. And I love that now it comes in a bigger bottle,2020-12-14
P443563,5,I am literally obsessed with this balm!! I didn’t have high expectations at first but after trying it out and seeing the results I can say I am obsessed. I love the way it smells and the way it keeps my lips moisturized for a long time. It isn’t like other lip balms I have tried where it dries out your lips after a while. This keeps them luscious pretty much all day. I am very thankful that Topbox and Laneige sent this to me as a complimentary gift! I will definitely be purchasing all of the other shades. It goes with me everywhere. #laneige#laneigeca#freeproduct,2019-07-08
P7880,1,"It wasn’t for me. I gave it 4 months, hoping it would help my sensitive skin and breakouts, but it only made things worse. At first I thought it was just my skin purging, but it continued to get worse as the days went on and the acne is painful! Surprisingly, it wasn’t drying, and I do like how gentle it is, but it just wasn’t effective for my skin.",2021-05-25
P427419,2,"Maybe I didn’t use this product right, but it didn’t do anything for my skin. At all, even made it worth. Granted it’s $7, but HA is amazing when you find the right product - the skinceuticals one is PHENOMENAL. A huge price difference but I actually saw amazing skin results.",2020-05-08
P411540,5,I love using this as a primer. It helps mask my redness while sinking into my skin and even gets rid of some blemishes! I love it. I use it instead of my bb cream now and would suggest it to anyone with sensitive or uneven skin tones.,2019-01-25
P7880,4,"I have been washing my face twice daily with this soap and it leaves my face smooth, soft, and smelling great. However, it is not effective at taking off heavy foundation or mascara, like it claims, so I wipe my eyes with makeup remover first. It does effectively remove my bare minerals foundation without any effort, so if you wear powders this soap will work for you. It does smell amazing though, like fresh cucumbers. This was rather expensive for what you get, and while nice I just cannot see myself purchasing this again for that reason alone.",2016-02-29
P7880,4,"This cleanser is gentle; perfect for those with sensitive skin, however when I compare it to the Shiseido Ibuki cleanser used previously my skin felt softer, brighter and smoother (note: skin is sensitive). I would recommend the Ibuki cleanser (3.5 stars overall).",2014-06-30
P409800,3,"I liked it moderately. While it cleanses really well, I found the exfoliating dots feeling somewhat rough on the skin, I mean it feels that my skin with peel off if I rubbed it with medium pressure.the exfoliating dots should be gentler on the skin esp on your face skin .",2019-07-20
P411540,5,I have tried so many different tinted moisturizers and bb creams trying to find something to even out my skin tone and give me that no makeup look but they all either have too much coverage and make me look too “made up“ or look orange on my pale skin. I got this in my sephora play box and instantly fell in love! It blends so nicely and looks so natural.... I just put a bit of Glossier Cloud Paint over top on my cheeks and am good to go. Best product ever!!,2019-12-09
P441101,1,This is the only Sephora sample I’ve received that has made me certain I would never buy it! It broke my skin out twice. I tried it the first time & it broke me out but I thought or hoped it was a fluke but after the second try I knew it was the Tatcha. It also piles on your face & doesn’t smell the greatest in my  opinion. I threw it away & definitely don’t recommend.,2022-12-20
P218700,5,"I use it for everything. I treat my dry skin, split ends, bikini area after waxing, and cuticles. I even use it on my dog. She needs to be super moisturize due to skin allergies, and it works wonders on her too.",2011-04-26
P454380,5,Feels like nothing once its on your skin. Perfect primer.,2020-08-16
P417238,5,"I love this oil cleanser so much! It is very gentle, to the point where you can use it on your eyes and there’s no discomfort at all.",2019-03-17
P450271,5,Finally got my order w/ this gem inside and I’m loving it!! I started using as part of my nighttime double cleanse routine and it melts away my makeup so easily. I love how easily the balm does into a oil and works great on eye makeup!,2020-05-10
P309308,1,"I wanted to love this, especially since I spent SO much on it. My skin is very sensitive and prone to cystic acne when I use harsh products. Unfortunately I think this product exacerbated the cystic acne and definitely caused little breakouts when used semi-regularly. I wish I had figured it out sooner so I could have returned it but I kept trying it in hopes that I was wrong. I’ve finally given up :(",2020-05-27
P471546,5,"Love this product! The color correction works really well for reducing redness. And it has SPF 30, but no greasy sunscreen feel! It feels very matte. It is a thicker consistency cream and takes a tiny bit of work to spread out across the face. I find it applies best by patting and gently spreading into the skin.",2018-08-03
P394639,3,"So I initially got this as a sample, and liked it enough to try the full sized product. But now that I have it I hardly ever use it. It reminds me a lot of the Neutrogena Hydroboost and not in a good way. It feels like it has a lot of alcohol in it, and almost burns when I use it. I’ve used better and more affordable moisturizers. Maybe it’s not good for sensitive skin.",2020-04-22
P454380,5,The best sunscreen. No scent . No white overcast. Fresh feeling skin. Perfection!,2022-08-05
P126301,4,"This is a staple in my routine. It removes stubborn makeup (waterproof mascara) with ease and it feels good going on my skin. It makes my eyes feel a little foggy and it does take a warm wet washcloth to remove, hence the 4 stars. It has not caused breakouts and I’ve used it for a year now.",2019-11-30
P456412,5,"I thoroughly enjoyed this facial cleanser, it felt so nice on the skin and didn’t dry it out. It’s great for sensitive skin too. It smells amazing!!! I received this product complimentary in exchange for my honest review.",2019-05-07
P218700,4,Absolutely love facials oil and this was a great addition to my collection. Does all the needed wonders for my skin! Love the bottle.,2016-05-10
P456412,4,I love how this feels and works in my face. It first feels like a moisturizer and then it starts to foam up a little more like a cleanser. Honestly just that melting feeling alone is enough to make me fall in love with this. BUT the smell is not for me at all. For some reason in my head I think of stink bugs when I hold my hands to my face...,2019-05-10
P392246,5,This is by far my favorite drunk elephant product I have ever used. I’ve been using it a month and the way it is clearing up my skin and scars is amazing. If I had to recommend anything from DE it would be this product. It transforms your skin.,2019-12-26
P394639,5,My new favorite cream! This cold cream keeps my face hydrated and moisturized.,2020-05-28
P420652,5,When I wear long-wearing lip stains it tends to make my lips peel. Using this every night stops that. One pot will last you a year or more. It’s worth it.,2019-05-21
P270594,2,"I was excited to receive this product as a free sample from Influenster in exchange for my review.  I have been trying to incorporate Vitamin C into my skincare so I thought this would be a good first layer under my moisturizer, taking the place of my vitamin C serum. Unfortunately this product was too strong on my sensitive skin and I t made my skin flake and peel around my mouth so I can only use it a couple times a week. It has a nice consistency and fresh fragrance. I didn’t notice any particular priming benefits, but perhaps I would if I used it as a final layer on top of my sunscreen. I would not repurchase it.",2019-10-04
P378852,5,I received this product complimentary from Influenster for my honest review. I love this moisturizer because it’s really hydrating without having to put too much on. It doesn’t clog my pores and it allows my skin to breathe. I love the citrus smell that it has while putting I put it on and it leaves me with a nice dewy glow. Will continue to use it along with the eye cream.,2017-07-28
P471546,5,I have sensitive skin which tends to be red in the mornings and I loved that this gave me a more natural look while still cutting out the redness in my face and on top of that it completely evens out my skin and looks like I’m wearing nothing! Also I really like the fact the it gives the SPF protection to my skin because I used to struggle to find a product that didn’t cause me any reaction.,2021-02-25
P422905,5,"This truly is a bomb of hydration. I have tried various eye creams in the past and never truly understood the purpose, that is until I tried this product. The jelly like texture is cooling and smooth- easily applies to the delicate under eye without any tugging. Instantly moisturizes and reduces puffiness and fine lines. I love how quickly it sinks into your skin. This is the first product I have tried from this line and I definitely plan to purchase more products.",2017-11-28
P456412,5,I loved this mask :) I liked the fact you could wash it off and not have to peel it off.,2019-03-28
P442563,5,"This has really helped my skin--it has made it smooth, seems to be clearing up some of my blackheads, and my skin is looking overall fresher.I haven’t experienced any problems with my skin drying after this, but after using this, I use an overnight moisture mask so maybe that is the solution.The first time I used this, it tingled/burned a little bit in some areas. But only for a couple minutes. Now, I barely feel anything aside from an occasional short tingling when I first apply.",2019-03-26
P471546,2,"Oh man. This stuff is probably fine if you have fair skin.But I don’t. The “green to beige“ was more like “green to white“ on me. If you have really fair skin it’s probably worth a shot. If you don’t, avoid it.",2018-05-08
P458219,5,Very impressed with this toner. I use it in the morning and it’s surprisingly gentle and makes my skin feel soft and hydrated,2021-05-21
P248407,5,"Ths is the most amazing moisturizer I’ve tried so far! It’s been great, even for someone with oily skin like myself. I would definitely reccomend this to anyone looking for a good quality moisturizer. I would reccomend the med size because it has lasted me 2 months already and it was only $12!",2016-05-10
P409800,1,Very strong perfume smell... I loved the green tea a lot more!,2019-08-06
P422905,5,"This has got to be one of the best under eye creams I have ever used it smells so good, and instantly I felt it moisturizing! Would totally recommend",2020-05-27
P433520,4,Feels nice and luxurious going on. Moisturizing and made my skin feel smooth.,2021-04-14
P218700,5,"I got this as a free sample and have instantly fallen in love with it. I have normal skin (not too oily, not too dry) and few breakouts, so I didn’t have some of the skin concerns that some of the review have - but I DID see a marked improvement in my skin with this product. It just GLOWS, to put it simply. Absorbs quickly, perfect under make-up, a little goes a long way. Well worth the cost! I may have to try the foundation!",2011-05-19
P394639,5,"Perfect plumping, lightweight hydration, amazing coverage. Just a small amount perfectly hydrates and refreshes my somewhat normal skin. Because of its gel properties, it works best under makeup when you apply it and give it a few minutes to soak in. Love the glow it leaves!",2015-10-25
P302103,5,"FAVORITE! This is my favorite product. Even with a little mascara and this tinted balm I feel presentable. Really pretty natural pink that gives a soft glow. Smooth application, never sticky or tacky. Love this brand...although a bit pricey and will melt in the heat (be warned!!!)!",2018-07-10
P218700,1,"I used one drop on my forearm and I started having welps, an allergic reaction from neck to legs a couple of hours later. It sits on the skin, does not get absorbed, it feels heavy. I am just thankful that I did not put it on my face. I have sensitive skin. Needless to say, I gave it away to someone who uses this argan oil.",2014-08-27
P456207,5,"it is a light weight moisturizer. absorbs good into the skin. I was concerned about the smell at first which is quite intense, and I didn’t want to break out, but it didn’t. it works well under my makeup. I have been alternating between this one and my aquabomb.",2020-03-05
P478030,1,I’m sorry but this does absolutely nothing but apply a layer of grease and shift around some makeup. I wanted to love this. But after using it for several weeks I learned that it does not completely remove the makeup. It leaves a layer of grease behind that might be bad for oily skin (I have dry skin). I rather just use my Josie Maran facial cleanser. It actually works.,2022-01-15
P126301,5,"This melts your makeup off your face. I love how the product with small circles you get everything from eyeshadow, mascara, glitter, and anything else you can think of, off your face. The smell is not potent but it smells faintly like paint to me, could simply be my sense of smell.",2022-04-05
P411540,5,This product is life changing. I have never been comfortable going without makeup and with this I feel beautiful without makeup on.,2018-06-30
P126301,5,"If you’re on the fence, get it. It is a lovely cleanser that gets every trace of makeup off.",2015-12-01
P394624,5,This is a must for anyone with dry skin. I have used both this and the aqua bomb and while the aqua bomb is nice it is not as hydrating as this one. It makes makeup go on nicely and helps keep my skin looking refreshed even when I don’t wear makeup this is currently my second one and I have yet to find anything that compares to it.,2018-01-14
P126301,5,"I got a sample size of this in a Clinique sample set and was really surprised at how much I liked it. I was just going to use it because I had it, but now I think I’m going to buy the full size bottle! I have sensitive skin and find that a lot of makeup removers irritate around my eyes, but this one didn’t at all. It also didn’t leave oily residue.",2018-03-08
P12573,1,"I was looking for a clear moisturizing clear lip balm, and after seeing the rave reviews I was excited to buy this. I purchased this in Shea Butter and Vitamin E. Unfortunately it had a weird chemical smell (not the good kind) and I didn’t feel comfortable leaving it on my lips. It definitely didn’t smell like shea butter. Maybe the other scents are better.",2020-06-22
P392246,4,"I love this serum as it has helped with the texture of my skin as well as minimized breakouts. Only con is the price, although it does last a very long time. I’ve been using for over a year and am only on my second bottle. I use one pump every night.",2017-03-11
P450271,5,Such an amazing product! It removes the mascara on my lashes so easily.,2020-11-21
P232903,1,"Didn’t help me after a month of use, and I hated the fact that I looked like I had poison ivy every time I went to bed!",2011-01-18
P232915,5,"Okay, I don’t know what kind of magical wizard is making this stuff, but my skin has never felt so happy. I have drawers and cabinets full of skin products that have never come close to doing what this stuff did for me in 2 minutes. I have combo skin with congestion, dullness, and large pores as my main issues. After washing this off for the first time my skin felt baby smooth... but 5 minutes later the magic happened. When I looked at my skin it was like I could actually SEE it for the first time. My pores were smaller and any blackheads/congestion I had were obvious and therefore easily removed. I was freaking GLOWING! I’ve never glown before! Also, as someone with ADHD, skincare has been tough for me my whole life because getting myself to do routine, everyday tasks without immediate rewards feel like torture. A lot of skincare takes time and consistency -- the very two things I struggle with. Getting immediate results like this is a game changer for me. It’s motivating and exciting and I WANT to do my skincare routine every night. I will be penniless because now I want to buy all the other products...but at least I’ll be glowing.",2019-06-18
P454794,5,This product is amazing! I got it as a sample and the first use had me sold. I use this as my morning moisturizers and it leaves my skin smooth and beautiful without the heaviness/oiliness that a lot of moisturizers do.,2020-07-28
P470255,5,Love this! It goes on so smooth - not oily at all!,2021-04-16
P302103,5,"I’ve always been in the school of thought “you don’t need chapstick/lip balm, your lips will hydrate themselves.“ This is because whenever I use a lip balm/lipstick/lippies, my lips end up being drier and flakey. So I swore them off. I’ve also always hated the feeling of product on my lips. I got a sample of this in my Play! box and it has changed my view of lip balms! It hydrates and doesn’t dry or make my lips flake at all! If you were resistant to lippies before, give this a shot!",2018-01-31
P443563,5,"I got this because my mother had the sleep mask version, but that was too much for my lips. I love this because it isn’t sticky and doesn’t have much color.",2019-06-13
P454794,5,"This is a gorgeous, oil-free moisturizer that provides bursts of good-for-your-skin nutrients upon application. Lightweight and hydrating, it works brilliantly under makeup while promoting a healthy, even complexion. In addition to anti-aging benefits, it also brightens skin and shrinks the appearance of pores. It probably won’t provide enough hydration for seriously parched skin, but if you have “normal” combo or slightly dry skin, it is perfect for everyday use. All you need is a tiny dab of this miracle product for a glowing complexion: it gives skin that “glowing from the inside” look. I use this in the morning and generally reach for something different at night. Its one drawback is the packaging – it is only available in a jar, which exposes it unnecessarily to air and bacteria. However, it comes with a cute little spoon attached to its adorable jar so you won’t contaminate its precious contents with your fingers. Problem solved!",2018-01-31
P394639,4,"I have been using this for about 2 weeks and its been pretty good. My face feels moisturized but not greasy. I have oily acne prone skin and this has not caused any additional breakouts. Previously I was using the Neutrogena gel moisturizer which costs about $20, had almost no affect and didn’t last very long. The only issue so far is that it does not do the best job of getting rid of dry patches that result from the acne. I think an oil would serve that purpose better.",2017-09-08
P418218,5,I luv luv luv this moisturizer.  Does everything it says it does.  Pricey yes worth it FOR SURE!,2019-01-09
P478030,4,"It’s thick, but it doesn’t take a lot of it to clean your face. It doesn’t dry out your skin and is very gentle.",2020-03-22
P248407,5,I use First Aid Beauty’s Ultra Repair Cream on my hands because they are so sensitive to the cold weather that they crack and bleed. After using this cream the first day I noticed a big difference and after a few more days my hands looked remarkably more healed and now after a few more days my bleeding hands look perfectly normal. I was amazed at how well and quickly it worked. It blends in easily and I make sure to keep it applied after being outside in the cold. It really has worked for me.,2010-02-17
P42204,4,This smells very nice and soothes dry lips. I would have preferred some sunscreen added to it. I would probably use it more during the winter time. I have no regrets buying it.,2011-05-31
P455364,2,"At first, upon using, it was ideal. Nice cleanse and makeup removal was a breeze. However, farther down the tube at approximately one third remaining it became very difficult to squeeze out of the tube. Actually, I had too resort to cutting open the end of the tube and scooping out the remainder to use.",2021-01-29
P433520,5,I was amazed  when I saw this cream work on my face .It’s so intensely nourishing and hydrating. Because of all the hyaluronic acid it adds 2×  the hydration. It plumps up my skin and gets ride of fine lines with in minutes of using it.To top it off you put you lotion on your face and then it is makeup ready after applying this.,2022-04-08
P456398,3,"This was sent to me while in winter in Montana. So I am mostly inside or in long clothes and haven’t had a chance to really test it out. However, I have applied a little to see if I like it. This stuff smells pretty good and doesn’t leave me feeling oily! So 3 stars because I haven’t been out to try it !",2021-01-10
P470255,5,"Love this sunscreen!! I use it mainly for my face, and its application is very light and matte.  SPF products usually make me very shiny and glossy-looking, and tends to make me breakout.  I use this especially when I run outside, and even when I sweat, it doesn’t feel pasty and I haven’t had any breakouts.",2020-06-12
P420652,1,"This made me so sad. I really wanted to love it as I’d seen so many amazing reviews. It felt nice the first couple days, and then it completely destroyed my lips. They were cracked and peeling for weeks from this product.",2019-12-31
P126301,5,"10,000 stars aren’t enough. You will not regret this buy!!!",2019-05-12
P269122,5,"OK. I use a lot of products and I don’t write reviews. Ever. I am an experienced peeler and am often open to trying whatever is on sample size at Sephora - Last weekend these were it. Again, as an experienced peeler and user of all the things, I was dubious...Fast forward to morning after first use: I could not be more impressed. I’m 35 with very minimal wrinkles, acne, and relatively even skin tone - or so I thought! You know how people always talk about looking “glowing“ and “even“ and “dewy“?! Yeah, I was actually glowing. I get it now. I woke up and my skin was flawless. I look 10 years younger. I’ve used them every night since, still dubious, waiting for some sort of adverse reaction to happen - nothing. I was also doubtful because they don’t feel that wet with product and I want my face slathered...but whatever formulation they use is magic. I can’t stress that enough. I follow with my moisturizer or serum, and I wake up and my skin is actually Hollywood celebrity level radiant in the morning. If that didn’t convince you: We’re in the middle of a pandemic and I took a pay cut - and I still just bought the full size box.",2020-07-16
P480630,2,I don’t get the hype for this product. I bought it because of the reviews and have gone through two tubes. It makes your skin feel cool and tight when it’s on. I don’t see or feel any major difference to my skin after removing the mask. It doesn’t do anything my normal moisturizer doesn’t already do. If I use a mask- I want it to have a little extra kick or oomph to it. Will not be recommending or purchasing this product.,2020-04-17
P420652,5,I absolutely love this lip treatment. I have used ALOT of lip balms but nothing comes close to this. I put it on before bed and my lips feel,2018-09-24
P441644,5,"I got this in one of the Sephora Favorite during Christmas and I loved it.  The same kit also has the Glow Recipe Blueberry Cleanser.  Both cleanses really well however I find the Glow Recipe is very drying.  It leaves my skin feeling tight and dry after, and thats on my oily skin so its a big no.  This YTTP cleanser does not cause dryness and my skin is less oily after using it.  It also smell amazing and a clean product so why not.  Appreciate that it comes with a pump as the sample size(a glass jar opening) was hard to dispense.  I hope they will come up with refill pouches so I can reuse this glass jar.",2020-04-24
P417238,5,"I cannot stress this enough, but this is the ONE AND DONE CLEANSING BALM! I mean that in the sense that, just this one product will take off all that stubborn makeup from your face, including the waterproof mascara! I’ve been using it for about a year now and I am currently in love with it. I always double cleanse again with a regular gentle face wash and tone after I’m done to make sure everything’s off but this definitely gets you 95% of the way! BONUS: it leaves your face soft and bright!",2020-10-15
P411540,5,"Holy crap! I have fibromyalgia and because of this I tend to have a red rash around my face sometimes. I have the sample of this stuff and had put off using it until this morning, my face looks perfect. No redness at all. I’m so happy I got this sample because now I know I have something to help!!",2018-07-15
P478030,1,"I can’t express how much I hate this formula. Maybe if your skin is like super super dry, this might be good, but it doesn’t wash off. It leaves a thick film on my face that feels greasy and awful. Luckily, it does wash off when I use a regular cleanser after, but I could NEVER use just this alone.",2022-10-20
P297524,3,I love face masks and am always delighted to get one in my Sephora Play box. This is a great brand and a lovely product but a little too drying for me. First tried it in the winter and it left my skin feeling tight and dry. So I gave it to my husband because he has oily skin. But tried it again in the summer and only on nose and chin and it works well for that. So it’s a good product for people with oily skin but limited use for dry or combination skin.,2018-09-02
P248404,5,"I absolutely love this cleanser! I purchased it recently but so far it’s been great. I’m all about creamy, foamy cleansers - I used to use Clinique Rinse-Off Foaming Cleanser for years but the past year or so my skin has become super sensitive, reactive, and constantly red and my Clinique go-to was too stripping. This cleanser is so lovely, has no fragrance (important for sensitive skin), and leaves skin completely clean but not stripped. It removes makeup wonderfully, but I always double cleanse and use micellar water beforehand. Highly recommend!",2015-11-06
P297516,5,I got a sample of this face wash and it was fantastic. It was foamy and wonderful. My skin felt great and it helped clear up any issues I had. I then bought a full size and have been using it since.,2013-04-15
P378852,5,"I received this product for free in my voxbox from Influenster and I am completely in love with it! It does exactly what it claims to, I love it and I will continue to use it!",2017-07-25
P309308,4,"I use this product everyday in the am and pm and started seeing results after about 6 weeks. My skin looks more youthful and smooth. I’ve noticed my fine lines are slightly reduced. So far, so good!",2018-09-23
P427421,1,Terrible! Broke me out and left tiny bumps all over my face.,2019-09-20
P375849,2,This is a very light weight moisturizing essence. It didn’t irritate my skin and did give a smooth tone. But I don’t find it worth its high price tag.,2021-06-23
P269122,4,I love the individual wrapping and offered to my son for his acne,2019-06-28
P394639,4,"I am combination dry to oily skin type. Concerns are fine lines and dark spots. I love the hydration and glow this formula gives. However I took one star off because of the scent. Other than that it’s an excellent skin hydrator that revives you leaving you fresh and glowy! I love it for day or night, especially in the warmer months since it’s so refreshing on. It’s like giving your face super charged water! One of my constantly in rotation moisturisers. Great buy and they offer clean variations as well!",2020-05-04
P269122,5,I absolutely loved Dr. Dennis Gross Skincare Alpha Beta extra strength Daily Peel!! So easy to use and it left my skin soft and beautiful. I used it before bed and when I woke up the pores on face were noticeably smaller. I couldn’t believe how it worked with the 1st use. I would recommend this product to anyone and I will definitely be adding this to my skin care routine!!,2020-07-09
P429952,5,"Summer Fridays Jet Lag Mask is LIFE CHANGING! My skin tends to be on the dryer side, and I have tried dozens of masks, and nothing has worked as well as this product. Not only does it hydrate my skin and get rid of those under eye bags we all get from being exhausted, it gives my skin this glow. The product is so creamy and easy to apply. I have never gotten so many compliments on my skin!! I also use this product as a primer under my make up. My make up goes on so smoothly, and it helps decrease those little lines under my eyes I get from wearing concealer all day. So not only are you purchasing an amazing face mask, you are getting an incredible primer as well!",2018-03-17
P455364,5,"I really like this cleanser! Previously used Farmacy’s Green Clean but this is more affordable. It’s quite gentle and I appreciate that it’s unscented. I wet my face, rub it all over and then use a warm washcloth to remove it. My skin never feels tight or dry after.",2021-02-20
P392246,1,"Reading reviews of this serum give you high hopes (enough to justify a $90 purchase), but I wanted to chime in that this is clearly not a product that has the same outcome for everyone. I used it every night as instructed for several months, with no noticeable impact. I will say I have very sensitive skin and this product did not irritate it at all.",2019-08-20
P456398,5,"I woke up this morning and washed my face and put on all my moisturizer and I thought I really need to try a new sunscreen even though I love mine I like variety... two seconds later my brother brings in a package that says influencer so I was super excited because it’s my first one! No joke, I open it and it’s Sunscreen! And the best part is it’s one I really wanted to try so I used it today and I’m in shock! This stuff is incredible! I’m a skincare junkie. I have tried more products than I can count and I’m extremely picky with sunscreen. This sunscreen goes on like silk. I’ve never actually felt a texture this nice. It has a hint of sunscreen scent but it fades quickly and leaves behind a fresh scent. It’s rich enough that I think I may use it as my daytime moisturizer. It’s not sticky or greasy and it doesn’t leave behind a white cast. The texture looks matte and it actually blurred out my pores. This will definitely be part of my routine from now on. I would never leave a good review unless I really like something.I have to see immediate results to give 5 stars so regardless even if I had bought this myself, which I will do when it’s gone, I would be leaving the exact same review. I would definitely recommend this to people with oily or combination skin like mine. It tones down the excess shine. The packaging for the sunscreen is awsome! It came in a little package that matches the bottle and the size of the bottle is great! For the size it is I would think it would be much more expensive but thankfully it’s not. This was a score!",2020-11-04
P248404,5,"I had been looking at face cleansers for years, and I kept going back to a tea tree oil vegetable soap and exfoliating 2x a week. The only issue was that the soap would give me flaky forehead skin. I couldn’t wear my pressed mineral foundation, or any other light face makeup without my flaky skin showing through. This cleanser is a miracle. My flaky skin was gone in less than 2 weeks.",2017-06-25
P453816,5,"This is everything I want in a facial cleanser. It feels like a balm or wax while it’s in the container. Once you apply it, the texture turns to more of an oil, and it easily removes my waterproof makeup, no scrubbing or wiping. I was afraid it wouldn’t wash away because of the texture, but once you apply water, it rinses right away, like a soap.  I don’t know how they did it but the perfection of this is amazing.",2021-01-06
P471546,5,"I have never used products with sunscreen because my skin has always broken out, but I absolutely LOVE this! I bought it to serve as daily sunscreen but it is now my holy grail. It corrects redness so much that I use it as a bb cream and often don’t wear anything but a translucent powder on top. This is also one of the only GOOD products that has completely clean sunscreen. Beware of the many brands out there that advertise as clean sunscreen... check those ingredients because you will be concerned over what you find! This is the only good, “truly clean” sunscreen I’ve found and I will always use this product in my daily routine. I love it",2020-02-01
P309308,5,"This moisturizer is just what my skin needed. I use this in the morning and Luna at night. I struggled with dry patches and flakiness on my nose. It was horrible as I could not cover the flaking with concealer as it would worsen, and I have red pigment across my face so I need to cover it up. I have purchased this moisturizer x3 and still love the results. I have noticed a decrease in pores and blackhead along with the resolving of the dry/flaking. It does say it helps with pigmentation but I have not really noticed a change with respect to that. I don’t find this product to be tacky which is nice but it does feel like it moisturizes well. One thing to note is when you first start using this product it caused mild tingling and redness (for a couple minutes) initially, but after a couple of uses that resolves. I am quite happy with this purchase and it is well worth the cost. I will continue to repurchase.",2018-10-11
P441101,2,"Product seems to be mosturizing but the smell is overbearing. I suffer from dry skin, especially on my jawline. This cream slightly burns my face on the dryer sensitive areas. All in all, it’s a decent product but not worth the price to me. If you have sensitive skin this product probably will be too fragrant for you. Will not repurchase.",2020-12-21
P443563,5,I love this! It keeps your lips super shiny and hydrated. I received this through Influenster and am so happy I have it. Definitely recommend for a touch of color and shine.,2019-04-18
P418218,5,i have normal- combination skin and this product is just the right amount of moister for me. it also leaves my skin dewy and fresh looking!,2020-04-24
P418218,5,LOVE! Does not leave your face greasy at all. Specially for people with oily skin.,2019-01-27
P309308,5,"I have been dying to try this product for such a long time! I know it has a cult following, but I wanted to see if it was really worth the hype! I swear my skin’s texture looked better immediately after just one use. I can’t wait to see if this helps my blemish dark spots! I am so pleased with this, and I am relieved that it works well without irritating my dry skin. Can’t wait to see results after the full bottle! Gifted by Sunday Riley, opinions are my own.",2023-02-24
P429952,4,Definitely hydrates and does it’s job. It’s thicker then I thought it would be but still like it.,2020-04-15
P420652,5,"Lip mask is fantastic, I will always love this product no matter the scent/ flavor. Just be aware that the gummy bear scent is grape. It is my personal favorite so far.",2020-08-13
P480612,5,"I really like the way that this went onto my skin. It was smooth and creamy, without being overly oily. My skin feels great! I can tell that it has moisture to it, but isn’t heavy. Best part is it didn’t irritate my sensitive skin!",2022-02-19
P269122,5,"I tried a 3 day sample of Dr. Dennis Gross  Alpha Beta Extra Strength Daily Peel and ....awesome!  I was afraid it would be harsh - as I have sensitive skin - but it was not.  I felt a slight stinking sensation but very minimal and my face did not feel dry afterwards!  I love that it cones in the little wipes because it is so easy to use, not messy at all and I love the way my face feels so soft!.  It’s all very convenient and easy to appy, I will definatly purchase and highly recommend.",2019-08-15
P270594,5,This is a great multitasking product. I love that it’s both a primer and moisturizer. I’ve been using it under my ELDW foundation and it’s been working really well. I like how nice my foundation goes on when I use this!,2023-01-10
P248407,4,One of my favorite winter moisturizers for my face! It’s calming and hydrating!,2017-12-09
P417238,5,"Does exactly what is says! It removes ALL makeup…. Even your eye makeup. It also smells amazing… like light tropical smelling fruit. Lastly, the consistency is great and melts into your skin (like coconut oil). I have zero complaints",2023-03-06
P433520,5,This is excellent!! It smells wonderful and my face doesn’t feel extra oily or like I have residue on it. When I can go back into the world I’ll try this as a primer #charlottetillbury I received this product complimentary for testing purposes from Influenster,2020-05-03
P411540,5,"This is a very good color corrector and evens out skin. HOWEVER, my advice is to 1) make sure you moisturize beforehand and 2) do not use it alone. Yes, it will leave a grayish tint to your skin, but I use it as an spf before makeup. Once I put foundation or bb cream on top etc, it makes my complexion extra even. For reference I have dry skin and light, warm skin tone with olive undertones.",2020-11-09
P409800,5,I always get the rose ones and they work so well. The cloth itself is super soft and they smell so good! These are a must have. Not very pricey either.,2017-10-07
P481817,5,I used this product several years ago and don’t know why I ever stopped.  Wonderful product!,2022-09-19
P420652,3,Smells nice and has a good texture but that’s about it. There are cheaper and more effective options (with the same scent!) at the drugstore. Doesn’t do much to remedy dry lips.,2019-04-10
P297524,5,"I just purchased this mask for the first time. After using it, I noticed right away that it cleared up my skin. This mask is one word: AMAZING. I’m so happy with it and I recommend it to everyone!!",2016-04-10
P422905,5,My favorite thing about this eye cream is how absorbent it is. It offers additional hydration which my eyes desperately need and under my eyes didn’t feel slippery or like product was just sitting on top of my skin. Love.,2021-06-28
P441101,1,Do not bother trying this at all if you have oily/combination skin. That is my skin type and this was just horrible on my face. Did not absorb and felt super sticky. I had to completely wash it off and even under the water it felt waxy. This really is strictly meant for dry to normal skin.,2022-01-15
P471546,5,"I have rosacea and my skin is ALWAYS red. Not pink like the model in the before photo that Cicapair shows on this page. RED. I just applied this product for the first time, and it exceeded my wildest expectations. I thought maybe it would dull the redness a bit, but it’s like it erased the redness. It’s slightly greasy, but that doesn’t bother me. It actually gives me a really healthy, glowy look. I walked out of the bathroom and my husband said ‘Whoa, it looks like someone just evened everything out on your face’. It was immediately noticeable. This is a new holy grail product. I would absolutely recommend this product for anyone with rosacea, especially people like me who don’t like to wear a lot of makeup on a daily basis. This product is exactly what I’ve been looking for.",2021-05-25
P269122,5,I recieved a sample from Pinch me and love it. I would recommended this product to everyone,2020-06-05
P423688,5,"I think this is one of the best exfoliants.  It’s not harsh, but it gets of dead skin cells.  You get the satisfaction of feeling (gentle) effective scrubbing, without harshness or redness afterwards.  Skin feels clean and fresh.",2020-01-19
P458219,4,This hydrates my skin so well and doesn’t irritate my skin like some other toners do!,2022-12-09
P458219,5,This honestly helped clear my skin and i’m someone who is very careful with what I use.,2022-06-24
P443352,5,"I love my new Dermalogica Microfoiliant! I tried my sisters awhile back and remembered loving it. I am worried that products will be too harsh on my sensitive skin but this does not irritate it at all. It makes it feel super silky smooth. Overall, I love it!",2022-01-05
P481817,5,I cannot thank this brand enough for this amazing product!!! Love it & my skin loves it!!!!! It has cleared up my skin & transformed it in such a way in only 2 months!!!! IM BEYOND OBSESSED WITH THIS!!! Anyone with acne prone skin or sensitive skin i recommend this 100%!!! Changed my life! Thank you Caudelie!,2015-09-05
P126301,5,"This stuff is PURE GOLD! I have been a fan of double-cleansing for years. The problem I ran into was when I traveled, I couldn’t bring my oil cleaners because it would end up all over my bag. This is the perfect solution! It travels SO well, cleans even my waterproof mascara (but doesn’t dry out my skin), and isn’t loaded with heavy scents or dyes. LOVE it.",2019-05-16
P420652,5,Love love love! Use this every night before bed and would never go back. It is so hydrating on my lips!,2022-02-16
P417238,1,I REALLY wanted to love this product. And I did enjoy using it!! I like this brand a lot! Love the cleaner ingredients. But something in this product caused the skin in and around my eyebrows to break out badly. I can’t get this sensitive area to clear up - even after discontinuing use. Unfortunately this product just didn’t work for me.,2018-10-19
P232915,5,"I had wanted to try this for so long, but could not wrap my head around the price. I tried the small tube and I think this has got to be better than in the office microdermabrasion treatments. My skin had a little flush afterwards, but was incredibly smooth and my pores were small. You only need a small amout, so you can probably get at least 10 uses out of the small tube. Try it! You will not be disappointed!",2012-02-09
P417238,2,"This product removes makeup as promised, but broke me out like crazy and is the only cleansing balm I’ve ever tried that actually made my oily/combo skin feel tight and dry, with and without a double cleanse. I swear I could feel my skin getting tight while I was still massaging the balm into my face. I wanted to love this, it’s just not for me.",2019-02-28
P232915,5,I have had acne ever since I was 11 years old. I have struggled over the years to find a skin care regimin that works for me. I received the ExfoliKate Intensive Exfoliating Treatment as a sample. I noticed less breakouts and a brighter complexion within the first two weeks of regular use. I recently purchased a full size tube. My sample lasted quite a while as a little of the product goes a long way.,2013-07-12
P453816,5,"this balm is so great, especially as someone who occasionally has eczema break outs and sensitive skin. it gets all makeup off in a second, and saves you the break out that some other products might cost you. only downside is that if you use too much at a time, this runs out in a couple weeks.",2019-12-26
P411387,5,"It has a gel-like consistency and lightly foams when it touches the water. I love the wonderful herbaceous scent it has, it’s like a green juice for your face. I find it uplifting and energizing in the morning, and calming at night. It doesn’t strip my skin, and I never have that tight feeling after using this cleanser. I also love that it’s fragrance-free and it’s not irritative. Overall, it’s just very gentle and effective cleaner. It does what it claims to do perfectly and I’d definitely consider purchase the full size of this one!",2021-02-04
P417238,5,"I saw this product in a Milabu video and I ended up buying everything she uses on her face and I’m SO glad I did! This stuff feels and smells amazing, doesn’t burn my eyes, and leaves my skin feeling so refreshed and clean. After I use this, I use the Indie Lee Brightening Cleanser and in just a week, my skin and acne breakout improved so much that I was able to go from a full face of makeup with foundation and concealer to no foundation at all! My skin actually looks better without it! So far my favorite purchase at Sephora and I might have a shopping addiction when it comes to Sephora, so that’s saying something!",2019-07-23
P417238,1,"I had to double check the “how to use” section to make sure you could use this on eye makeup. Every single time I use this product, my eyes get foggy and I can’t see properly for a few minutes which is... scary. Even using very little of the product is effective but the strong cold medicine smell due to echinacea and the effect this product has on my vision closes the door to this product for me. I’ll keep using just good old micellar water that does the trick without any weird side effects and is definitely way cheaper.",2020-11-26
P270594,4,"i saw reviews about how its great for oily skin and i tried to use it with my foundation and it just made it super oily! i only use to when i dont have makeup on, its a great moisterizer",2016-03-24
P420652,5,I didn’t know I needed a lip mask until I tried this one!  Loved how it left my lips feeling soft the next morning. Also enjoyed the scent. Definitely recommend! I received this product complementary for testing purposes and all opinions are my own.,2019-06-17
P269122,4,"I received this product as a free sample in return for my honest review. I am absolutely blown away at how well this peel works. I have acne scars and this not only clears and smooths my face, it reduces acne scars and I love it ! I have never been so satisfied with a face product ever!! Its great when a product can make your face feel clean but its amazing when it does more than one awesome thing to it. It moisturises and cleanses on top of clearing up scaring and making you look as good as ever !The price is a little up there but honestly you are getting what you pay for !!!! And i will continue to buy this amazing product.",2020-06-17
P7880,1,"No scent, nice texture, VERY gentle. I knew this wasn’t an exfoliating face wash, but this face wash doesn’t make your skin feeling clean and refreshed.",2021-02-12
P394639,5,"I’m so happy that a lot of Korean beauty brands are making their way here to America because I love this dewy, bright, young skin trend in Korea and Asia as a whole. I got aqua bomb because I wasn’t sure which one I wanted exactly. It’s exactly what I needed though. I only needed a little bit, barely a dime size for my entire face and 7+ hours later, with no other product, my skin is still super moist and soft. I’m looking at purchasing a couple others from this line just to see if I like one more, but I’ll be hard pressed to find one to top this.",2015-04-09
P429952,2,"I typically have very good skin though it can be dry and I heard good things about this mask so I decided to try it to see if it could help moisturize - I used it over night and woke up with small red blemishes on my face, and it looked like the pores on my nose were very clogged. Pretty disappointed with the product, would not use again.",2019-03-11
P429952,3,This mask was nice but I don’t know if it is worth the price point (even though I got it for free). I don’t feel like it was super moisturizing or made a huge difference for me. I don’t find myself reaching for it because I have creams that are more moisturizing. I,2019-11-26
P456412,5,I absolutely love this product! I recommend it to anyone!,2020-02-12
P309308,5,"This is such an amazing serum! I have found that chemical exfoliants work so much better in my skin. This is potent but doesn’t cause my skin any irritation, which is great. My skin is looking so much more even! My dark spots and pores are not ad noticeable. My skin is just looking so much healthier since I started using it!",2023-03-04
P454380,5,"I could not recommend this sunscreen enough. This has gotten me to actually apply sunscreen everyday. I do have oily skin, but I don’t find that this sunscreen makes me oilier or has made me break out. It is truly “unseen.” Don’t think, just buy.",2020-08-16
P269122,5,"Prevents new under-the-surface pimples from forming and helps to reduce ones that do occasionally pop up.I’ve slowly worked my way to using this nightly and have definitely noticed fewer cystic pimples and a reduced number of the smaller bumps on my cheeks!Started with a free sample, fell in love and have been using/repurchasing it for almost a year!Expensive but it’s definitely worth the money for me (especially because I’ve been able to cut out a bunch of other skin care products, including physical exfoliants, since this one has been doing the trick I’ve been looking for!)",2022-08-31
P433520,5,"I was so excited to try out the magic cream after hearing so many wonderful things! It is exactly as advertised, I don’t know how my skin feels so soft but it does! My makeup glides over it and it stopped it from settling into my wrinkles. It hadn’t irritated my sensitive skin nor does it have a strong scent. My skin is overly dry these days due to the changing weather and it finally feels nourished and is glowing again!",2022-02-28
P248407,5,The ultra repair cream does the same thing as Kiehl’s hand cream for a couple of bucks less. They both have the same active ingredient and eucalyptus smell. Super rich cream to use on hands!,2012-07-30
P454380,5,"This is the best thing in face sun protection in my opinion!! It is so light when you squeeze it out of the tube and put on your face. Feels like you’re spreading a light silicone cloud on your face. From someone who tends to break out from oily sunscreens, I spent most of my 20s refusing to put product on my face in fear of spending the rest of the week battling pimples. Now that I’m in my early 30s and my job requires me to be in the sun daily, I’ve noticed some dark spots appearing on my face from sun damage. This SPF has tremendously changed my mind on wearing sun protection on my face and makes me truly feel like I’m wearing nothing but ready to take better care of my skin for this next decade of sun exposure! Anyone that I’ve had try this stuff has been happy with the texture and the protection! Definitely a staple in my outdoor bag!",2019-08-14
P248407,5,I LOVE THIS MOISTURIZER! This product absorbs quickly and doesn’t have a scent! A little bit of product goes a long way and I use this daily. I highly recommend for anyone with dry sensitive skin.,2018-01-20
P309308,4,"I received this product complimentary from Sunday Riley. I like how light the texture is and it absorbs pretty fast. I use it at night before my moisturizer and wake up with soft, smooth and more even toned skin. It is a bit pricey but it is so worth it.",2021-02-06
P443352,5,"WOW! I did not expect this exfoliant to work the way it did, i am on my 4th use now , gifted by dermalogica sampling, and every single time my face feels like it has a new layer of healthy skin. It does not feel rough on my face, and its so easy to use. I will definitely buy the full size , so happy with this product!",2022-08-26
P12573,5,"this is so so good. It isn’t too thick but it really hydrates the lips, I never used to carry a lip balm with me like i do with this one. I got the original one and it has peppermint that tingles on lips and feels so good. also the added bonus of it having SPF 25 makes it even better.",2016-03-15
P7880,5,"I use this daily as my non-exfoliating cleanser. I exfoliate twice a week or so in addition. It is super gentle, not too drying, and will take off my eye makeup at night. It’s quite expensive, but worth the investment.",2012-12-31
P471546,5,"Okay so I’ve been wanting to try this product in my AM routine, as I have very sensitive, fair skin with rosacea. I was nervous because many products irritate my skin further, causing redness, stinging, the hot flush, all of that. This product exceeded my expectations- I put some product in my hands, warmed it up, and then quickly applied to my face. The color blended in very well and it reads like a lightweight foundation, in my opinion. No irritation felt at all. This will be great for me to wear to the office- I want to save it for days when I want a slightly more “covered-up“ look. No harsh white cast from the zinc either. I will say, be careful to adequately moisturize before applying. I have dry-combo skin, and I find the product blends in best with the oilier parts of my skin (my t-zone)- it is a bit drying for the drier parts of my skin. If you struggle with redness/rosacea like I do, I’d highly recommend you give this product a shot.",2021-05-02
P411540,3,"I really wanted to love this product! I’m fair and have rosacea. This stung a little on my skin and didn’t provide a lot of coverage. At the end of the day, the product settled in my pores so I had these little orange dots on my cheeks. Disappointed and afraid to continue use because of the stinging sensation.",2021-07-30
P302103,1,"I tried this out because I wanted something both clear and moisturizing. I also wanted to see what the craze was about the fresh line so I purchased this. I liked it at first, it was very soft and creamy. BUT it’s one of those products that you have to keep applying over and over again. It dries out your lips and does nothing for them. Over priced with nothing to show for it. I’m never buying this again.",2013-12-11
P456412,4,I am sooo loving this product! It cleans my skin and leaves it beautiful and fresh! Se lo recomiendo a todos!,2019-03-28
P441644,3,Love the cleanser itself but the bottle wastes so much product for the price. Leaks everywhere feels like a waste of money :(,2020-03-19
P218700,4,this feels really nice on my skin and isnt greasy at all..... i love the way it feels but not sure its benefiting my skin as far as anti-aging etc....,2011-03-24
P422905,4,"I received this item free from Influenster for the purpose of reviewing it. I had been looking for an eye cream and hadn’t purchased one yet. I feel like I’m pretty familiar with products for my face, but the eye area I had neglected. Since I’m approaching 30, I knew it was past time. That’s why I was so excited to receive this product from Belif! I have a huge pet peeve with products being greasy or heavy, and this was everything but! It feels extremely moisturizing and cool on the skin...soothing would be the best description. However, the next morning after application I don’t have the residual greasy/shiny mess to deal with. I have only been using for about a week but so far it is a win! I haven’t noticed that it helps keep my makeup looking any fresher than before..but I do use a primer. We shall see what the long term results are. So far it’s a win!",2017-11-28
P270594,5,"Complimentary of Bobbi Brown. I live this face base! Literally such a great product, thick and great. Smells great to and not overpowering. My new favorite, and will definitely be purchasinf in the future!",2023-01-10
P443352,5,I received this product complimentary from Dermalogica and I am so happy I did! The product was very gentle on my skin and I noticed that some spots have faded after using this product for a few days. My skin also felt great after exfoliating and I feel that my complexion is brighter.,2021-10-30
P441644,5,Love this cleanser! Switches from Dermalogica to this for a more clean product and did not disappoint does a great job.,2020-04-22
P411387,3,I’ve used this product for a couple weeks. After you use it your skin feels much softer. And it looks glowy too. I don’t really see a huge difference in skin texture. I would say this is a good option for a cleanser.,2023-01-18
P421275,5,These healing dots are the best I have tried! I usually put them on at night and by the next morning they have helped to bring anything to the surface.,2020-12-30
P480630,5,"I bought this while the sale was on, and am so glad i did!! Obviously 10/10 for packaging, It’s ridiculously stunning. But more importantly, the product is great. Has a softly minty scent (has peppermint oil plus other oils), and is a nice heavy, thick cream. I use a pea size amount for my whole face, and I sleep in this- No clogged pores in the morning, and my skin feels hydrated. You could slather it on, but then if you wipe it off, it’s just money in the bin imo. great for the cooler weather as your skin dries out from weather outside and heaters inside!",2018-09-24
P442563,3,"Cons:  did not work for me. No tingle, no glow, no smoothness.  Perhaps my skin is now too coarse in my middle years.  Pros:  gave the bottle to my 22 year-old who is trying to heal severe acne scarring. She definitely feels the tingle and smoothing effect even though the scars are six months old.     She follows the peeling session with The Ordinary moisturizer and has been quite happy.",2020-03-17
P420652,5,"This lip treatment is amazing for overnight use. I’d probably even use it during the day. It really moisturizes and keeps me from waking up with chapped lips. It’s really great for post-sun care or in the winter/dry months, plus it smells incredible!!! It might be LANEIGE’s best smelling product!!! (you’ll want to eat it).",2018-07-31
P420652,5,Beyond amazing! I’m so glad I got this as a sample in Sephora play! so I can carry it on the go and I just bought the full size to keep by my bed for night time :),2019-07-05
P270594,5,One of my all time fave skincare prep products - I’ve been using this for years and I’m so happy too have it in my collection again. It makes the skin so hydrated and soft and properly prepares it for makeup application!! - Bonus it smells absolutely UNREAL!!!,2021-12-22
P394639,5,This stuff was great! I received this in my Influenster box. I recommend this product to others,2020-04-22
P433520,5,#complimentary #magicskin #magiccream @Influenster @charlottetilbury,2022-04-01
P420652,5,"After using this product every night for a few weeks, it has definitely helped with keeping my lips more moisturized and less chapped!",2022-12-30
P232903,5,Helps clear up blemishes quickly!,2014-10-29
P392246,5,"I got this about 4 days ago and so far am very impressed. I have only used it twice though as I think it’s best to start off slow if you haven’t used a product like this before.  I am really happy with it so far! I feel a slight tingle but it fades really fast.  I mix equal parts of this with the DE marula oil, wait for it to absorb a bit, then top my skin with the DE lala cream.  Once spring/summer comes around though, I’ll stop using the lala cream because it is quite heavy and I think it’ll be too much for the normal-combination skin I get in the summer (it’s currently normal-dry since it’s winter).  I have noticed plumper skin and reduced skin-colored bumps on my face, and I think this product would be good for everyone! Love it!",2017-01-17
P269122,5,I was reluctant to purchase this because of the price but let me tell you… 110% worth it. My skin is pretty used to using liquid exfoliants at this point so I experienced no tingling or discomfort. I started using it twice a week and now I just use it whenever my skin needs a “refresh”. I apply before bed and wake up GLOWING. Just be careful with the sun because it does make your skin sensitive to UV.,2021-07-06
P467762,5,"I noticed a change within a week! I’ve always been insecure about my enlarged pores, and this product has been a lifesaver!!",2020-09-12
P427421,5,"I absolutely love this moisturizer. I have pretty dramatic combination skin where I am prone to breakouts in certain areas and dryness in others. I need a moisturizer that isn’t greasy, is lightweight and hydrating. This checks all the boxes for me! I started using it once a day and my skin just soaks it up. It makes it feel so hydrated and everytime I wear it people tell me I’m glowing. Hands down my favorite product from DE. It is pricey but a little goes a long way.",2021-05-12
P122900,2,"I have combination skin - oily/dry in the winter and oily in the summer. I was using this as a summer moisturizer and it’s not moisturizing enough. Pros: absorbs quickly, fragrance free, very light. Cons/: my skin still feels tight and dry after cleansing, applying a serum, and using this moisturizer (I am also very thorough but gentle with cleansing, so it’s not my cleansing method). If you have REALLY oily skin, it might work for you. Give it a try, but I don’t recommend for combo skin.",2013-12-27
P456412,5,"I liked this more than what I thought I was. The smell isn’t that great but that doesn’t bother me at all. I love how soft, clean, and hydrated my skin looked and felt. After you wash your face you can tell the difference. Your skin just has a glow on it. It doesn’t look dull or feels dry. Not sure if it might’ve helped but since I’ve started using this to wash my face, my makeup has been staying on longer and looks like if I had just finished doing it. I really liked it and ima keep buying. I recommend it, I feel like any type of skin could use this. I have combined skin, and it tends to get dry in the winter. Doesn’t feel dry at all after using it.",2020-03-09
P460779,5,"I joined their #skinlongevitychallenge and it’s my second week using the BareMinerals Long Life Herb Serum. My thoughts so far: my skin feels strong, smooth and full of resilience. I can see a visible difference in any wrinkles around my eyes and I’m in love with the ingredients (Boosted long life herb to resist visible signs of aging, California poppy which provides antioxidantes and Niacinamide which helps strengthen the skin barrier.) It’s never too early to start taking care of your skin and with the new Skinlongevity Long Life Herb Serum you can too!",2020-07-23
P42204,5,"I was in an emergency need of a lip balm and heard many good stories about this one. Decided to get it and will keep this as an essential in my purse from now on. I luv the smell, the rose fragrance is not too strong-- very luvly. The texture of the blam is not too thick or too light, just perfect. Best lip balm I have ever used so far. Worth every penny I spent on this one. Highly recommended.",2010-08-06
P423688,5,"Complimentary from dermalogica sampling. One of the best product from dermalogica! It Removes dullness and evens skin tone, And after using it my skin feel so much Smoother and brighter!The ingredients are Gentle enough for daily use too. I will recommend people with oily and combination skin.",2022-08-26
P375849,3,"I love the smell of this, but I’m not sure if it’s worth the regular price tag. My face felt smoother, but would likely not stay that way unless used for an extended time.",2021-06-21
P12573,5,"I bought this for myself and my boyfriend ended up stealing it from me. ;) It’s one of the better lip balms out there, actually moisturizes for long periods of time, perfect for these Michigan winters!",2012-01-23
P430337,2,"I was really looking forward to this moisturizer así started off with the pack with the serum and eye cream and I loved it. This moisturizer though has such a weird consistency, maybe it’s the gel aspect and I need something more on the cream side. I don’t feel like it really moisturizes if anything I feel like it kind of builds up on my face and if I use any other products it separates out and I am left with little pieces of the moisturizer on my face. Awful for when wearing makeup, even when combining with my other serums it just doesn’t mix well.",2019-12-24
P12573,5,I have tried EVERY lip balm on the market. This is by far the longest lasting and best moisturizing one. I bought the mint and the lemon and switch back and forth. This is a must have for the winter months.,2010-01-26
P232903,5,Amazing. Pink dots on your face at night means less red spots in the morning.,2017-09-17
P423688,5,"Honestly i was not disappointed with this product. This is by the the best product i have ever used! It is gentle on my sensitive skin, while it does a wonderful job helping clear it. Other products ive used have burned, left micro abrasions, or simply not work on me. I am glad to have finally found a product that works for me and cant wait to continue using it!",2021-03-26
P394639,4,"This keeps me hydrated for over 24 hours. I sometimes feel bad about washing my face in the am and pm because I can feel some of the moisturizer come off, it’s still on there even after applying makeup and an entire day of touching my face from stressing out. It doesn’t make my skin go red on application as well, which I find with most moisturizers. I took off one star because it does not have spf protection. And for that reason I may actually look for a different moisturizer once I finish this tub.",2017-01-27
P454380,5,"So amazing! I live in a really sunny state so I need SPF every single day. I apply this and it’s almost like a primer. I don’t apply concealer over it normally but when I do it applies perfectly over this. Also, haven’t broken out once and my skin is super sensitive. 10/10",2021-04-11
P218700,4,"Smells great, feels great, works great. Only thing that wasn’t great was the two blemishes that came soon after. I rarely get blemishes on my face, but within a week of using his I had one on my chin and one near my lip.",2013-03-29
P420652,5,"The best lip mask ever! I had been struggling with dry lips every winter, just by putting on lip balm does not help at all. I have dried skin peeling off my lip everyday, and sometimes bleeds and dried up when I wake up in the morning. Just after one use, all dead skin on my lips are gone, my lips feels very smooth. Highly recommended to anyone struggle with super dry lips.",2019-01-20
P470255,5,Buy it. Feels silky on skin like a high end primer and absorbs quickly. Easily worn under makeup or alone at the beach. I wish it came in a larger size for beach use because go through it quickly with reapplication.,2019-08-24
P470255,5,Absolutely lives up to the hype! Goes on easily an absolutely sheer no shadow or ashy effect. Doesn’t clog pores and works well with makeup.,2020-09-20
P455364,4,Really nice for taking my makeup off at the end of the day! It isn’t stripping at all. Lasts forever. Only problem is that it can be annoying to rinse off.,2021-03-07
P394639,4,I’m really loving the light weight gel consistency of this moisturizer. The light blue colour reminds me of crystal clear beach water and the lemony scent adds to the whole refreshing and hydrating theme. A little product goes a long way especially to avoid stickiness. Definitely recommend this product and I will be purchasing when It’s empty.,2020-05-30
P394639,5,"I went to Santa Fe NM where it is so DRY. My skin would have truly been in bad shape with out this stuff. It is light weight, smells good and sinks into my skin perfectly. I hate the feeling of product on my skin- I rarely wear foundation because I hate anything heavy. The Aqua Bomb feels so good. It is my new holy grail!",2019-05-26
P453816,5,Love this cleansing balm! I wear a lot of mascara and it takes it right off,2021-08-12
P421275,5,I have to say I used to be in love with Mario badesco spot treatment. My boyfriend absolutely DESPISES the product smell. He gave me these as a gift and honestly I am HOOKED! No smell and I notice an incredible impact after even a couple of hours of leaving the patch on. LOVE LOVE LOVE THIS!!!!,2021-03-23
P427417,5,"I’m not surprised that it’s currently sold out! I use this with the HA from TO and I am in love! My skin looks amazing! Yes, it is a little sticky, but it fades away quickly!",2020-07-07
P309308,5,"Used 100 reward points for the mini version and fell in love... My face felt numb the first night! Smell was a little strong but not that big of a deal. After a few more night uses the texture on my face had improved immensely, it evened out the patchy uneven tones on my skin as well as firmed. Came back to my local store for the squad goals kit because I see Sunday Riley stepping my skin game up like crazy! Would definitely recommend.",2017-03-25
P248407,1,"This stuff smells TERRIBLE. It’s technically “fragrance free”, but it NEEDS fragrance to cover that awful smell up. I could probably get past that if it was a good product, but it’s not. It’s not super hydrating like it claims to be. It does absorb into the skin, but it leaves a chalky feel behind. I tried to make myself use it up, but I ended up throwing away over half the tub.",2019-01-30
P427417,5,"This does work. I find when I apply it over night, any sebum or bumps are if not gone, are shrunk. You do need to apply a moisturizer after as it does dry you out.",2020-12-08
P453816,5,"I love how easily this products melts away my makeup! Best of all, it does not irritate my sensitive skin",2019-07-16
P422905,5,"I recieved this product for free for testing purposes from Influenster. I thought the smell of it was great, that is my favorite part. It does seem to hydrate my eyes well. I do have quit a few fine lines Around my eyes, so when I would apply my make up the lines were more defined. I didn’t like that. So instead I use a collagen booster and a primer. I will continue to buy this product because I do love the moisture surge I feel I need on my eyes. This product was complimentary for sampling purposes.",2018-01-05
P7880,5,I love using this to take off my makeup at the end of the day. I feel like it’s an awesome product to use and is not harsh to the face.,2017-11-23
P232903,5,this is all i use for my break outs does great job,2010-08-17
P433520,5,I am never happy when a product uses the word magic so ignoring that I really enjoy this moisturizer. I am over 40 and have days where I wake up looking at least 10 years older. When that happens I wash my face and use this cream and I look and feel like myself again which is all I need. It didn’t magically make me look 30 or 20 but I wouldn’t expect that. It is scented and I love that too. The texture and smell are luxurious and pleasing but I don’t have any scent sensitivities. I highly recommend this to any non scent sensitive woman over 40 whether you wear makeup or not.,2023-03-03
P418218,4,"I have never received more compliments on my skin than when I was using this as my daily moisturizer. It’s light, sinks in quickly and gives you a natural glow. Not giving it 5 stars because I ran out of it quickly...",2018-07-17
P427419,5,"I have bought several bottles of this in the past year! It is so well priced and so effective! I used it at night with my other creams, immediately after drying my face I put a liberal amount of this on and then follow up with one of my moisturizers, I do recommend using another cream or oil moisturizer with this because it kind of dries quickly and your face becomes taught, it retains moisture but doesn’t necessarily ADD moisture, it’s like a supercharge for your actually moisturizer! I don’t plan on taking this out of my regimen any time soon, if ever! It’s my holy grail secret ingredient to my baby skin!",2020-07-29
P423688,4,Dermalogica daily microfoliant exfoliator is a gentle yet effective exfoliant. My skin hasn’t felt dry or irritated using it once weekly. I love how soft my skin feels! I haven’t seen much brightening effects but my face is soft. I received this product as a sample and I am glad to have discovered a new exfoliant that doesn’t leave my face feeling terrible.,2020-03-13
P456207,4,"This is a really great nourishing cream. It is very light in texture and has a very light scent. It made my skin feel very smooth and it didn’t make my skin feel weighed down, which I really appreciate. I did receive this product free for testing purposes, bit all opinions are my own.",2020-03-14
P418218,3,"It’s fine; it does have a pleasantly watery, jellylike feel, and the faint scent is inoffensive. I’m not (yet anyway) reacting to it with allergies or breakouts. As far as actual effectiveness though - my pores look coarse and enlarged, and it absolutely is NOT having the beautiful refining effects of Aveda Tulasara Wedding products, which were what I WAS using for the past couple of years until my body suddenly decided to react adversely to them. Definitely not worth the high price for me.",2019-05-15
P427419,4,"I really liked this product it lasted me awhile and made my skin super hydrated, it also wasn’t oily at all",2022-07-07
P309308,3,"I noticed improvements in my skin texture. I don’t feel that lactic acid is strong enough to meet all of my needs. I would only use 1 pump of this every night and the bottle didn’t last long at all, despite what I considered a conservative amount of use. Before I repurchased, I tried out another brand’s glycolic acid which gave the result I was looking for. If you have dry or sensitive skin, good genes may work great for you. Unfortunately it was not strong enough for me so I won’t be repurchasing.",2018-03-03
P269122,3,I received a sample via PinchMe with three applications - and this was not enough to tell if it will make a difference as three days are not enough time. The product did not irritate my skin (positive for sure).,2019-06-03
P478030,5,Inkey is a great line that is affordable and top quality.  I have my whole family on Inkey products! Cleansing baln is gentle and effective.,2021-02-25
P471546,5,I only use it on the areas of redness- mainly around my nose/ T zone. Works amazing definitely 5 stars. I don’t have a set routine how I apply typically wash tone moisturize and apply but never had issue whenever I have used it. Of course it does take away color so if used all over would need to come up with an individual plan. Little goes a long way.,2021-01-23
P427421,1,"I love how this product is clean, and has a mild odour. The texture is very pleasant too, but my sensitive, combination skin broke out after one use; I woke up with a breakout where I used the product. I’ll go back to my usual Tatcha Water Cream, which is at a comparable price point. I forget if this was a bonus offer or a 100 point item, but I’m glad I had the sample.",2020-05-12
P429952,2,The word “mask” throws me off. It feels like I put lotion on my face. It also states it hydrated but it doesn’t really feel like it.,2019-10-18
P480612,4,"I didn’t really notice a change in my pores with this product. After use, my skin felt very soft, but not very hydrated. It has a scent, but it dissipates fairly quickly. I will continue using it, but I’m unsure at this point if I would purchase it.",2022-01-29
P471546,5,I love this and after just a few weeks have completely given up foundation. I just don’t need it.,2021-07-29
P302103,5,I just bought this today along with some other things and I can already tell a difference in the feel of my lips. In the winter time they can get very dry and chapped and it’s hard for me to find products that work. I put this on tonight and can already tell a huge difference. I’m excited to see what my lips feel like in the morning!,2018-12-13
P420652,1,Made my lips break out :( it smells good and it kept my lips soft though...,2018-03-10
P248407,5,I’ve been using this cream for months now in the morning! My skin looks great and hidrates it so much! Love this product!,2017-11-24
P443563,5,It is perfect and feels amazing. This product saved my lips and give a really cute glossy style that look super natural.,2020-11-07
P443352,5,"I try my best to be very honest about my reviews and make sure if a product has a flaw I point it out, but I have nothing bad to say about this product. It left my skin feeling amazingly soft and no longer do I struggle with flaky skin honestly 10/10 recommend this product. The only think I noticed is if you have sensitive skin to go easy with the scrubbing or your face will feel raw. Will be buying this in the full size next time",2020-04-03
P456412,5,"I really loved this product and how it feels on the skin, it feels hydrating if you have dry skin or even combo skin this cleanser it’s awesome to clean your skin without the flaky and dryness in your skin #FreeProduct",2019-04-05
P420652,5,I received this product to try from Influenster and I was surprised at how much it worked after one application!! My lips felt really soft and it was light!! I will definitely be purchasing more,2018-07-21
P429952,4,"I have mixed feelings about this product. It really is like a lotion. It’s called a mask but the tube says you don’t have to rinse it off and it looks and feels like a lotion. I put it on at night after my face routine a couple times a week. The next day I can notice a small difference that my face is a little more glowy, but at $48, I don’t know if the price justifies the result. It takes a lot of the product to effectively cover the face and the tube is not that big. I have super dry skin and I feel like if you have more oily skin, you would have better results with this product.",2018-05-05
P409800,5,takes off my makeup and doesn’t irritate my extremely sensitive skin! Such a good price aswell! tried every kind and love them all!,2017-03-17
P456398,3,"It is heavily fragranced, which I don’t mind, but if you’re sensitive to scents I would skip this one. Other than that it is a nice sunscreen if you wear it on its own, but it doesn’t work well under any foundation I tried. Even my HG It Cosmetics CC cream which works with pretty much any sunscreen, looked patchy over this one. So it’s a pass for me.",2021-04-26
P442563,5,"I am somewhat new to facial peels. Only other peel I’ve tried is DE. Many reviewers have tried to compare the two, but in reality, they aren’t the same. You’re comparing apples to oranges; The Ordinary is basically just the acids, while DE not only contains the acids, but also other calming, moisturizing ingredients. If you don’t need all the bells and whistles, (like me!), The Ordinary is for you. It actually has a higher AHA then DE, (30% vs 25%), making The Ordinary a stronger peel, and it’s easy enough to follow up with your own moisturizer. I noticed a slight difference after one use, even though I’ve heard it can take a few months to see dramatic results. Looking forward to that! (I did start at 6 mins and will increase 1 min with each treatment until I reach 10 minutes. )Tip: The Ordinary website has a regimen guide. It lists every product and what conflicts with it. For example, the AHA 30% peel conflicts with other direct acids and peptides. I discovered all my overnight sleep masks contain AHA or peptides. So on nights I use the peel, I just follow with moisture and that’s it. It would be great if Sephora could add the ‘Conflicts’ chart for each Ordinary product. I would have never known had I not stumbled on The Ordinary website.",2019-05-05
P420652,5,"Ok so! I love this stuff. It’s very thick and glossy, so if you don’t like your hair getting stuck to your lips then this is not for you!! I don’t use this as a sleep mask, I use more like a balm when my lips are dry during the day and it works best than any chapstick. This product lasts on the lips for a long time. You don’t have to keep reapplying. recommend!!",2019-03-29
P42204,5,This salve is great! When I don’t wear makeup I wear this on my cheeks and lips of course. It is great for eyebrows even with makeup when you don’t want them finished.Love it!,2012-09-23
P420652,5,"It actually works, leaves lips super soft.  Thought I would mind the candy fragrance (don’t like sweet) but I like this.",2020-06-06
P430337,4,I was pleasantly surprised when trying this product. The formula is lightweight and yet the product provided great moisture to my skin. It also smells incredible. Would recommend!I received this product complimentary for sampling purposes but all opinions are my own.,2018-05-08
P218700,5,I’ve been using this for a few months and my skin has never looked better. I usually have dry patches (even in the summer) that moisturizer alone doesn’t treat. I wear this under my moisturizer morning and night.,2014-06-18
P442563,4,"Omg. I have suffered from terrible acne scars from my PCOS acne and THIS. IS. IT. This AHA+BHA peel literally saved my life. I am so shook that this $7 product not only dramatically faded my acne scars in a week’s time, but also got rid of any texture issues I had. My skin is the smoothest, softest, most hydrated, and even it’s been in years! I have tried everything from glamglow to Dennis Gross daily peels, to professional facials to drug store products and NOTHING has worked as well as this!",2019-05-25
P433520,4,I this complementary product for my honest review. My first impression was that the bottle was very glamorous.It is so pretty and it appears to be made of a glass. Next I noticed that the cream is thick. This makes it is very nourishing.The product has a sweet floral scent that is very spa like. I am enjoying this cream. The only reason I gave it 4 stars is because it doesn’t have an SPF.,2023-03-04
P411387,5,It’s a wonderful must have cleanser. Gentle yet cleansing and feels amazing!,2021-01-21
P270594,5,"This is a great, lightweight hydrating moisturizer. If you have super dry skin, you might want something a little richer, but if you have medium to oily skin this is perfect. It has a really nice citrusy scent that keeps your skin feeling fresh.  I received this for testing purposes for free but I will likely buy the full size!",2019-10-20
P218700,5,this is good at moisturizing the skin. its not going to clog pores or cause pimples to form. if your looking for a kincare system however you would need more antioxidants. and you would need an exfoliant. one ingredient doesnt cut it when it comes to good skincare.,2013-12-22
P422905,4,Very light weight gel. It provides moisture and left my eyes looking slightly less tired. I noticed the most difference underneath my eyes where I have dark circles. It also has a relaxing smell.,2020-06-29
P218700,5,"I started using this almost a year ago. I have rosacea and this is the first product that has really helped heal, moisturizer and improve my skin. I apply right after my shower every morning and it soaks right in. It works so well in all seasons, although I tend to use more in the cold Connecticut winters.",2013-02-01
P460779,5,I received this product for free from Influenster and have only tried this product a few times but even after a few days my skin feels super soft and smooth. The scent is really natural and doesn’t linger on the skin,2020-07-20
P232903,5,Absolutely love this product! Cleared up all of my stubborn acne!,2020-07-18
P297524,5,This mask is amazing! Super easy to use and works! With first use I put it on my whole face but now I just use it on my t-zone and upper cheeks (where my pores are most noticeable). It really cleared out my pores and made my skin super soft. I will definitely be making this a permanent part of my skincare routine.,2015-07-17
P394624,5,This moisturizer truly works! Sometimes after washing my face it will be left with dry areas and once I apply this lotion they disappear. This lotion is so light and a little bit goes a long way! It’s also doesn’t leave my skin oily and I can’t even tell I applied lotion my face is so soft. This is a must try...it also smells good so that’s an added bonus!,2020-04-06
P7880,5,"This is my favorite cleanser in life. I use it morning and night, to take off makeup, for a refreshing wash, just because - whenever and for whatever! I have an issue with fragrances in my skincare products but Fresh products in particular have never failed me. I definitely recommend this to my friends and family all the time so I would recommend it to others as well!",2019-01-04
P456412,5,I love the way it smells and how it left my skin feeling refreshed and so soft. I received this as a complimentary gift from influenster.,2019-03-25
P122900,4,I love the formula it’s truly worth it this product is very nice on the face,2019-12-08
P420652,3,It smells really good and is really easy to apply. It makes your lips look really shiny and smooth before bed. When I woke up I rinsed off the residue and applied chapstick to insure that my lips stayed soft. It work okay I did wake up with some red marks on my lips that are not there before when I removed the residue the were gone for the most part.,2021-11-11
P454794,3,"I’m not sure if I expected too much from this product because it’s so hyped up, but I don’t think this moisturizer is all that great. It’s definitely more of a surface moisturizer as opposed to a moisturizer that penetrates deep into your skin. I also don’t really care for the water consistency, but I guess it makes sense since it’s called the Water Cream. I’m finishing the product since I spent $70 on it, but I don’t see myself buying this again.",2020-01-23
P218700,5,I highly recommend this moisturizer! Especially for sensitive skin - it’s perfect.,2013-06-11
P218700,5,"I use this mixed with my moisturizer (Wild Rose 24h moisturizing & brightening cream by Korres) and I put a few drops in my leave in hair conditioner (Kimmay leave in using Knot Today). So far my face feels great, however my forehead gets oily and I have to blot. I use this for my girls (ages 9 & 11) and their skin looks amazing now after 3 weeks of use. Starting their regiments early! I don’t see any difference in my hair. Maybe I should use it differently.",2013-01-22
P467762,3,Eh waste of money just smells like watermelon I see no results it does give a nice glow tho not repurchasing,2022-06-18
P270594,4,"I received this product complimentary from Influenster, and I really like it. It helps keep my makeup on all day, you just have to make sure to use it under a foundation that works well on your skin! I have it 4 stars because the scent is really strong, it’s very lemony, which smells nice, but I’m very sensitive to strong scents.",2019-04-12
P441101,5,This is everything!!!!! All you need is a dab!! In love.,2019-11-26
P420652,5,Love the sweet smell and the buttery feel to it! I like how soft and hydrated my lips feel every since I started using this on the my sleep.,2020-05-17
P420652,5,"This product saved my dry lips. I use it day and night. At night, I put a good amount on and throughout the day a thin layer as chapstick.",2019-01-19
P420652,2,It took me a whole year to finish the jar. I got sick of the strawberry scent in the end. I think this product is over-hyped by the beauty community. Honestly a $3 Vaseline does the same job.,2019-11-12
P297516,5,I absolutely love this face wash! It smells great and works really well at keeping my skin smooth and moist. It doesn’t dry the skin out. It’s very cleansing. The lather on it is perfect and the consistency is just right.,2022-02-26
P430337,5,"I bought this in a holiday set with the truth serum, under eye brightening and night time retain-alt creams...people at work were asking if I was pregnant after a few days using them because my skin was absolutely glowing. I can’t wait to try mote from this brand!",2019-01-05
P417238,5,I love this product!! I love how it takes off all my make up and leaves my face feeling moisturized!,2018-03-13
P218700,5,"It’s fab! I have really bad skin...always breaks out, but this product made my skin smooth, soft, and pimple-free! i use it as a moisturizer in the morning. Don’t use too much--I’ve found that using only 6 drops from the dropper is plenty for a facial moisturizer. I got a tiny bottle as a sample, and after using it for a week, I bought the regular bottle. I keep the little bottle to travel with. I love it!",2011-06-10
P248407,5,"I’ve been using FAB for about 3 years now and my skin has loved it. As a person with pretty dry skin, finding a good moisturizer is nearly impossible, but the large container means you are getting the most value for your buck. It only takes 1-2 swipes of the cream to cover the face. No oily feeling, no drying out no burning. Just moisturized skin all day.",2018-04-08
P433520,5,"This cream is exactly as the name states, MAGIC! Very hydrating and luxurious. My skin has never felt better. I’ve been using it for about two weeks now and I see a major improvement. My face feel softer and looks vis my smoother. I’ve used the cream underneath makeup and it made application an absolute dream. I also love that there is little to no scent so it’s perfect for my sensitive skin.",2022-02-27
P375849,4,A wonderful essence! Feels so great on me skin! I just think it’s overpriced.,2022-10-26
P411387,5,"My go to cleanser! Is perfect for removing makeup, pore build up and most importantly leaves your skin feeling cleansed and glowing. Just one thing I don’t think it works very well with dry skin more with oily but it’s an awesome cleanser. Definitely a repurchase and love the other products this line sells!",2021-12-08
P232915,5,"This product is truly incredible. I don’t have acne or anything, but my skin gets really dull and congested. This literally made my skin glowy in one use. I would have rolled my eyes if I hadn’t experienced this first hand. This is the one product that ACTUALLY lives up to the hype. The price makes my stomach hurt, but I can’t deny that this works.",2021-03-10
P409800,3,They smell amazing. Such a nice smell. Took off my make up OK though. Much like any wipe can,2018-12-07
P442563,5,"I have been using this for over a year. You absolutely cannot beat this for the price. This is extremely effective. This leaves your skin looking like glass. I use this once a week. Please use sunscreen during the day. If you cannot tolerate the full 10 minutes, leave it on for as long as you can and then wash it off. Slowly work your way up to ten minutes, each week, if your skin is sensitive.",2019-03-04
P411540,5,"I love this stuff! It evens out my skin tone and gives my skin a natural glow. It’s the only thing I put on my face as it moisturizes, reduces redness, and has SPF protection.",2020-12-16
P42204,5,This is my new go-to lip balm. It honestly has made my lips SO much softer and moisturized. I went back and bought some more to try the other kinds but this one is my hands-down favorite,2015-03-03
P442563,5,"Great exfoliating product for an amazing price. Makes my skin look great the next day after applying at night. Controls breakouts, soothes skin texture and radiance. Love love love this stuff, will repurchase!",2019-08-07
P232915,5,"I only had a sample of this, but it is incredible. You wash it off as immediately see a difference. It smells good, it feels good. My face and skin were so bright and even and just glowing. I was devastated to see how much this product cost, but I will probably buy it anyway once the sample runs out.",2012-08-27
P480630,5,"Generally, I’m not really impressed with skin care products, because I’ve never noticed great results right away. But this product has made a positive impression on me after one use. It is my savior. My skin is so soft after I use it. It’s like if I’ve been drinking tons of water all of my life and my skin is so hydrated. I especially love to use it during flights, because my skin gets so dry on airplanes.",2018-06-25
P394639,5,So glad that this is available in a larger size. I have sensitive skin and it just soaks this up.,2018-04-07
P392246,5,"If there is one skincare product that you’re looking for to be a staple in your routine, this is it!!! It is pricey, but it lasts a long time and honestly, I have not had ANY skincare product do wonders for my skin and completion like this has!! I use this 5 nights a week and have been since November, it is now July and I have not run out yet. Totally worth the investment",2019-07-16
P456412,4,I first noticed how good this product smells. It was easy to apply and wash off my face. It left my skin feeling silky smooth.  I did receive this product for free.,2019-04-01
P454794,5,"Super light weight, it has a beautiful smooth texture. It is extra hydrating and almost shimmers when I put it on my skin. I have combination/oily skin and this has not made me appear shiny throughout the day which I love.",2020-06-11
P297516,1,I am not sure what happened when I washed my face with this cleanser but it literally felt like my face was being stretched it was so dry and shiny. I may as well have just washed my face with hand soap. I probably would have gotten better results. Needless to say I ended up giving it away to a friend. And have moved on to Purity made simple which has been more gentle on my combo skin.,2018-11-24
P441101,5,"I’ve been using this moisturizer for a few months and it is my holy grail! I have a lot of redness and dry patches from rosacea and not only did this not make it worse, it’s saved my skin! Can’t live w/o it!",2022-08-30
P456207,5,"I got this product for free testing and let’s just say.. Its amazing, my face is so soft and its normally dry / combination and I enjoy using this my face is not dry to the touch using this, I put it on my friend and he loved it too!",2020-02-26
P429952,5,"This product is gifted by Summer Fridays. I’d relate the consistency to a thicker moisturizer but when you apply the thin layer onto the skin, it literally MELTS into your complexion. It’s powerful and potent enough to use at night to really repair and plump your skin up, but it’s light enough to use before and even under makeup.    I have been using it every single day since I received it and am seeing the results I wanted. I am happy with it and definitely recommend it.",2021-07-02
P443352,5,It worked perfectly for my skin in a few days I could see that my skin was soft and clean It is an excellent exfoliant for sensitive skin since it does not irritate the skin I will definitely continue using itcomplimentary from Dermalogica Sampling,2022-08-30
P456412,4,So now its approx week since em using this face cleanser ... I love-this cleanser so far . It makes my soft,2021-03-28
P394624,5,This is the best moisterizing cream.  It will change your skin for the better.   I stopped using this for about a month because I decided to try something a bit cheaper and my skin really suffered.,2018-05-09
P426183,5,"I now fully understand why so many people rave about this product! I received this complimentary from Influenster and I’m glad I did because otherwise I don’t know that I would of purchased this myself to try. This product did wonders for my skin! I have combo -dry/dehydrated skin and breakouts occasionally. This left my skin feeling bouncy, hydrated and glowy! It also did not irritate or break me out.  It leaves my face looking so nice and smooth the next morning. I will definitely consider purchasing this myself.",2021-06-09
P232903,5,I have just purchased my second bottle and for me this product works. If I get an acne bumps I just put on a small amount and the bumps are either gone or almost clear. You have to be careful not to use to much it could dry out your skin.,2014-02-16
P418218,5,"I think I had a sample of this before I bought the whole tub, and although it pricey, it literally lasts so long! I use the little scoop on the lid to get about a pearl/pea size glob of it and it perfectly rehydrates my skin after the cleanser. It doesn’t feel oily or tacky after, but doesn’t feel like it absorbs completely dry either. I don’t find it breaks me out as well! I don’t believe it’s scented, so an extra plus. I have oily skin, but my bf who uses mine has dry acne prone skin and we both love it!",2022-04-08
P441101,5,amazing skin scream! this is the perfect balance between creaminess and lotion that I’ve been searching for. the cream feels light weight when I out on but enough moisture without the gunk feeling like when Ive used la mer. my skin feels moisturized all day when I put this on in morning. highly recommend!,2020-11-19
P7880,4,I started using this cleanser when I realized the over the counter cleansers were not fully getting rid of all my makeup and not really cleaning my skin after washing. Since using this cleanser my sensitive skin has become smooth and has cleared up tremendously.,2013-01-19
P411540,3,This is an amazing product when used right BUT there is very little room for error. Its really easy to look green and pale if too much product,2021-07-14
P302103,5,"excellent product, a little on the pricey side, but totally worth it. constantly deal with dry, chapped lips during the winter. using this makes my lips so much softer",2013-01-11
P481817,4,"I love the way this smells - herbal and soothing, like aromatherapy. I can’t swear it does anything else, but the cool spritz feeling and calming scent make a daily treat.",2018-07-19
P297516,2,"This claims to be a balanced approach to your face, but it felt way too stripping and left my skin feeling tight and dry which is odd since I have oily skin. The reason I’m giving it 2 stars is because my skin obviously felt clean and a little goes a veeerrrryyy long way. Literally a very small pea size turns into so much so it would last you forever. Also, for the week that I used it, it didn’t seem to do any damage. But I returned it due being very drying.",2018-11-13
P471546,5,Please never ever stop making this. I’m a very low maintenance makeup kinda person and this covers my ruddiness in a really natural looking way. Also my microbladed brows faded to an awful reddish color and this covers the red PERFECTLY!,2020-02-07
P269122,2,"Very mild peel, u are better off going to dermatologist- 1x and getting much better results",2015-03-17
P375849,5,I loved this product! My skin felt amazing and not irritated! My skin tends or be sensitive to a few new products but my skin did not react badly to this one at all. It’s very gentle and I would recommend this to others!,2021-06-15
P420652,5,"Between winter dryness and a horrible habit of biting my lips, this lip sleeping mask is a life saver! Unlike other scrubs I tried, this mask gently removed dead skin and moisturized my lips. So soft!!",2020-03-09
P455364,1,I wish I could do no stars. I’m very disappointed in this product. It leave a HEAVY oily residue on my skin to the point where it made my skin feel even dirty that before I washed it,2022-01-19
P427419,4,"I get severe dry skin during the winters in Canada. I’ve been using this product for 2 days and I haven’t seen signs of an allergic reaction (I have very sensitive skin). This product makes my skin look very dewy and plump. The only con about this product is that it feels like it creates a film over your face, either than that I LOVE THIS HYALURONIC ACID!!!",2019-01-24
P269122,5,"i received this product from Pinchme, it was a good size. Nice tonic, does not irritate my skin even though I’m very sensitive",2020-05-29
P375849,4,My skin feels noticeably softer and smoother after a month. I use this after cleansing and before my moisturizer. It is pricey but I only use a few drops at a time.,2020-01-18
P441101,5,"This cream is amazing. I love the scent, feels spa like! This cream is thick and easily absorbs into my skin causing it to feel so moisturized. I wake up with Dewey skin.",2020-06-20
P248407,5,"This stuff is nothing short of amazing. I’ve been using it for a couple years just as hand cream. Then a week ago for the first time ever, I suddenly developed some eczema rash all over my face. It was awful, my whole face was itchy, dry, flaky and irritated. I didn’t know what to use to clear it up. I saw this on my counter and noticed it said it was for eczema, so I started slathering it on my face twice a day. My skin cleared right up and now looks even better than before I got the face rash. It’s made my skin tone more even, reduced redness, smoothed and softened! Moreover, my skin doesn’t get overly greasy with this, and after a 12 hour shift it doesn’t look oily either. I will use this stuff until the day I die.",2018-10-06
P420652,5,This sleeping mask is a must-have! I use mine every single day - day and night. A little goes a long way and it keeps your lips feeling super moisturized and soft. Would definitely recommend to anyone looking for a great sleeping mask!,2022-08-26
P126301,5,This is a balm that turns into a creamy cleanser. It removes all makeup and leaves my skin moisturized. It’s so smooth and definitely a great product.,2016-12-14
P433520,5,"This is actually really nice.  I got this to try from Influenster. The only thing I didn’t like is that it’s heavily scented. The scent doesn’t last very long though.  Goes on smooth,  non greasy, and it made my skin slightly bright but not very highlight looking.",2023-03-10
P12573,5,I bought this for me and my Fiance started using it.. now I can’t get it back!,2009-08-08
P126301,3,"It takes the makeup off but I developed acne, which is very rare for me",2019-09-26
P248407,5,"I originally got the small tube of this cream for use on my hands - I’m a nursing student and washing my hands a lot with harsh soaps. It has maintained my hands to how they were before nursing school - soft and smooth! Even my cuticles looks better with use. Then I saw that it was for the face too, so i gave it a whirl, even though I’ve been using another type religiously for years. This was amazing! Non-greasy and absorbed amazingly - like no other cream I’ve tried before. I usually have some amount of oil breakthrough later in the day when wearing makeup but not with this - which was the biggest bonus! My face feels amazing, my redness is fading, and my overtone is improving. I love it! I bought the big tub to use all over! I just wish it was carried in Canadian stores so I don’t have to have it shipped.",2011-11-07
P421275,5,"These little dots are magic! I don’t often have breakouts but when I get a sit or two they don’t mess around! Until these little bad-boys, nothing has help… I will ALWAYS have an arsenal of these in hand.  As someone who never takes the time to write reviews, believe me when I say GO STOCK UP ON THESE NOW! You will not regret it!",2021-09-27
P420652,5,Very moisturizing. I deal with very dry lips which causes me to apply chapsticks at all hours of the day and I saw this and decided to give it a shot. I put it on at night after my skin care routine and wake up to baby soft lips. I also bought their new glowy bomb and I put that on during the day and together they are the dream team for lips!,2019-05-15
P450271,5,An employee recommended I try this if I liked Drunk Elephant’s cleansing balm and he was not wrong. I think I love this one more. The balm texture is so nice. It really removes all my make up (even eye!) and makes my skin feel good after I wash. I’m sold!,2020-09-04
P427421,5,Great moisturizer! Feels super light and absorbs well. Keeps my face hydrated the whole day. I’ve had problems where throughout the day my skin would start to get  dry patches but with this I never had that problem. Also I have super sensitive skin prone to breakouts and this keeps my skin nice and smooth!,2022-04-06
P232915,1,This does absolutely nothing for my skin. Doesn’t exfoliate anything. Leaves my skin blotchy and bumpy.,2019-05-22
P297524,5,"Great for oily breakout prone skin, it seems to help me out when I sense a breakout ready to happen lol. Smells ok, formula is nice and thick but not too thick.",2019-04-17
P421275,2,"Ok, so these work in shrinking the size of a pimple overnight. However, the patch left a large red circle of raw/irritated skin outside of the perimeter of the pimple. So the pimple is gone but now I’m left with a big red dot on my chin. I’d rather put some salicylic acid and a plain hydrcolloid patch on it than use this again.",2019-01-05
P297524,4,"Masks are one of those things that never seem to be the miracle worker they claim to be. For my skin at least. I’ve tried various charcoal masks and hope for the best every time usually left feeling like they don’t do a thing. While I hadn’t quite seen the “clearing of the pores” thing, I will say my face feels INCREDIBLY soft afterwards. And that’s worth something! I’m hoping that over time it will deliver smaller appearing pores! I received this product free for testing purposes.",2018-04-08
P7880,2,I received this as a birthday gift and after I cleansed my face with micellar water I squirted about half size of almond and it does not lather well. The texture is so watery and smells like cucumber greek yogurt. It is so gross! Does not thorough cleanse the skin or remove makeup.,2016-09-06
P422905,3,"I love the way this feels on my eyes! it leaves my eyes moisturized, like a nice cool feeling. You only have to use very little! a little goes a long way!",2020-06-23
P417238,5,"This is the best cleansing balm that I have ever tried, and I have tried a lot. The consistency is very light and when you begin working it into your skin, it quickly turns into a slippery oil which makes it SO quick and effective at removing makeup (even the layers of waterproof mascara that I use daily). I don’t really like thicker cleansing balms like the Drunk Elephant Slaii Cleansing Balm. I find those thicker balms hard to work into the skin and it feels like I am tugging at my face and eyes to try to get my makeup off. I also really enjoy the scent of this product, it is like a light lime scent that is very uplifting.",2019-12-18
P411540,4,I’ve been using this for a month now and I can say it helps with my red undertone. Also it’s flattering with a light amount of makeup or just some moisturizer and a bare face. A little goes a long way. It does tend to give off a little bit of glow/oil towards the end of the day but nothing to complain about.,2021-09-13
P218700,4,I recently purchased this product for my eyes and I’ve been using it by mixing this oils and eye cream. Since my eye lids were really dry that it hurts and gets red but this product absolutely resolved my problem!,2015-02-24
P122900,5,I moisturize with this twice a day (morning and night) each time after I wash my face with my Neutrogena Naturals Face Cleanser and I swear the pairing together gives me the best results for my combo skin. I also use this to moisturize before makeup. I like it a lot especially because of its easy absorbing gel consistency. I feel like it gives my face a balanced hydration and has never broken me out. Pretty much my HG moisturizer.,2012-09-19
P426183,5,I wanted to give my skin some time to adjust to these products prior to reviewing. My skin within the past year has been on the dry patchy side. This left my skin skin feeling refreshed and hydrated throughout the entire day. I will definitely continue using these products,2021-05-24
P443563,5,The best lip product ever. I will definately be ordering again.,2020-05-10
P7880,5,"Love this product so much! After a 1 minute wash my face feels so much fresher and smoother, one of the best face washes I’ve used and will keep buying!",2020-06-20
P248407,5,"This is by far my favorite moisturizer out of all the ones I have tried. I use it every night after after washing my face, and every morning before applying my makeup. My skin usually dries out very easily in the winter, but has stayed nice and hydrated ever since I started using this. Definitely a 10/10.",2016-01-16
P420652,5,"I tried to avoid this product along with all the other super hyped up products, but I was looking for something to replace my Paulas Choice lip balm and decided to try this. I am so glad that I did! This stuff is awesome. It makes your lips very soft and smooth and heals overnight. I have super dry lips so I need intense repairing abilities. This was a good buy.",2019-03-14
P456412,4,Great product! It does dry me out in one area of my fave but I haven’t found much that won’t do that! It smells good and I love that it foams!,2019-04-07
P455364,5,So calming and hydrating. Feels rich on my skin and takes of makeup decently well.,2021-03-13
P460779,5,"The product has a faint fresh scent, it’s so light it’s almost unscented. The serum is very lightweight and goes on without any sticky residue. My skin instantly felt nourished. I also love that it uses clean, all-natural ingredients.",2020-07-17
P248407,5,"If I could give this cream 10 stars I would! My face was severely dry with patches & flakes & NOTHING worked, I exfoliated & then moisturized with everything i could get my hands on, THEN I discovered this cream & after the first application it all stopped. I also had some patches on my legs & it worked on them also. I love this stuff, I wish I had a vat of it. HIGHLY recommended!! It’s not heavy or greasy at all, very nice texture.",2012-02-11
P232903,5,HOLY GRAIL!!!! This cuts down the size of my pimples over night! And when used on my nose reduces the blackheads. It does sting a little bit and the smell can be off putting but trust me this works!!,2020-04-02
P375849,5,"AMAZING!!!!The SK-II Facial Treatment Essence is now a staple in my daily skincare / make-up routine!  I loved the scent of this product, especially!  One of my favorite aspects of this SK-II Facial Treatment Essence is the fact that there are less than 1% of synthetic fragrances. I also love that this product features over 50 micronutrients! After using this product, I have noticed softer, smoother skin, and no longer have dry skin concerns!!",2021-05-25
P427419,5,"Love this. Almost didn’t buy it as I heard it isn’t a necessity, but so glad I did. I use it at night and wake up fresh faced.",2021-01-30
P443563,4,"I really like this balm, I just wish it was a little longer lasting for the price. I would buy it again & there’s only a handful of balms/chapstick that actually work for me (this is one). I wanted the peach but it smelled nowhere near as good as the other scents/as I had hoped.",2019-04-20
P420652,5,I love this so much. I’ve got through 4+. I even have my mom and best friends using it! Favorite flavors are Original and Grapefruit.,2020-04-30
P420652,5,"Honestly was skeptical about the hype of this but I can honestly say it’s amazing. I used to be that person with constantly chapped lips no matter how much chapstick I used and now from a week of using this every night, I don’t even need to put anything on during the day. Definitely worth it",2022-07-22
P420652,5,"This is my love. The lips after him are nourished and well-groomed. feels very nice on the lips. Large volume, economical and will last for a long time",2021-02-19
P427421,5,"The only skincare product that I’ve ever raved about! I have dehydrated skin that produces a lot of oil on my forehead and nose but is dry and flaky around my laugh line area. I have used a variety of skincare products ranging from other Sephora top sellers and generic Shoppers brands and some of them were better than others but I have never thought “wow, this really made a difference for me“ about any of them. I got the Drunk Elephant Protini Polypeptide Cream as a birthday gift from Sephora along with their cleanser. My skin felt very supple after the first time I applied it and it finally hit me that my skin is not dry, it’s dehydrated!  Overtime, I noticed that some of my discoloration went away and the flakiness stopped almost entirely after a month of consistent use. This gel-like formula never feels oily or overly rich! I use it every day. I apply the cream every morning before putting on my makeup and then the cream with B Hydra serum at night. The cream always makes my skin feel hydrated without feeling oily under makeup or leaving residue on my pillow overnight. I will buy it over and over and try it with the glycolic serum in the winter.",2019-06-13
P422905,4,I loved this product so much I get dry spots on my eyelids mostly during summer or winter and this really helped me ! I love how it doesn’t make my eyelids oily and it’s not super sticky . Feels like a regular lotion but it’s super hydrating,2020-06-07
P453816,5,"If you have the money, buy this. No more cotton pads and dry skin.",2018-10-12
P418218,4,"Great moisturizer. It has helped with dryness related to using retinol, my skin feels great and it hasn’t given me any breakouts. I have it 4 stars because it is so expensive.",2020-08-04
P417238,1,"I decided to invest in a good makeup remover and saw some good reviews! I have sensitive/acne prone skin and man, this stung my face SO badly. I used it s couple times, wasn’t sure if it was just tingly but nope. My face hurts so, beware! Also found out it’s not as environmentally friendly as it claims :( will be attempting to return !",2019-05-06
P7880,5,"I love this cleanser. It is really gentle, yet really effective. It even takes off stubborn Shiseido sunscreen. I use it with my Clarisonic, which is a great pairing since I don’t like using foamy cleansers with the brush.",2009-05-08
P248404,5,One of my favourite cleansers! So smooth and creamy and takes off excess dirt and oil AND MAKEUP:)))) I have 2 bottles now I’m so addicted,2017-08-26
P297516,5,"I bought this face soap back in 2017 and I have loved it ever since. I would use it as a night face wash and in the morning I’d use body soap on my face while I shower. About a month ago this became the only soap I would use on my face and it was the best thing that happened to my face. All the usually stubborn blemishes left, my skin takes hydration better. This is a great product!",2019-01-13
P441101,1,"I got this product as a sample in my last purchase and when I put it on my skin, it was so thick and sticky. It wasn’t even absorbed and my face looked oily. To compare with The Ordinary products that I’ve been used for months this one doesn’t even worth the money. I recommend to try it before purchase.",2020-10-11
P270594,5,The packaging is nice. A sleek and compact easy to travel. I like the scent. It has a citrusy smell which I love. It did a great job in moisturizing the skin. However I didn’t notice it helped my skin texture.,2023-01-10
P421275,5,LIFE SAVING. A bit expensive but totally worth the price. Clears any small to medium blemish over night. Might need to use two nights in a row for any bigger zits.,2021-02-25
P218700,5,"This product is very versatile and a little does a long way.The dropper is great for using sparingly. Good for ends of hair, hands/cuticles, face on its own or added to your fav moisturizer,or on soles of feet to keep soft etc... the list goes on.I have had the small bottle for almost 2 months & barely looks like I touched it- Im using about 6-8 drops per day",2011-09-16
P420652,2,I was extremely excited to try this product but it did nothing for me. I found it to be sticky and not moisturizing at all. It did not absorb into my lips. I found myself reaching for my lip balm or vaseline when I had this on because my lips still felt so dry.,2020-10-24
P269122,5,"This stuff is crazy bananas good!I was skeptical before using it, thinking nothing could be as good as that, but after just one use - there is a major transformation! My skin is brighter, no pores, black spot (of 20 years) is lighter and my skin feels amazingly soft! It’s love at first sight for me.",2015-10-31
P394624,4,"This is my favorite moisturizer, however I’m not going to give it 5 stars because 1, it doesn’t have spf, 2, it’s too expensive for the amount of product and I run out very quickly. Wish I could afford the biggest size.",2020-01-10
P42204,4,"Love this gloss! Lasts forever, smells great, and always leaves me with soft lips. It is very shiny, and rather sticky",2014-12-29
P427417,5,I’ve been using this for a couple weeks & I honestly like it! I’ve had a flare up of hormonal cystic acne & it helps to calm my breakout. Twice a day does dry my skin out but I counteract that with my CosRX moisturizer,2023-01-16
P467762,5,"This is the best toner I’ve used, hands down. It doesn’t burn my dry, sensitive skin. It hydrates well, tightens without drying, and I have also noticed my pores look and feel tighter. It smells good, and my skin has never been smoother.",2020-05-22
P418218,5,"I love this cream! As someone with combination skin, I find this provides the right amount of moisture to balance out my face, hydrating it without making it too greasy. I also have incredibly sensitive skin, and I have had no issues with sensitivity or redness from this cream. I can use this both day and night, and throughout all seasons, and it always works so well. The only drawback would be that it is slightly on the higher side for cost, but for a product that works this well every day it is worth it. If you are interested in trying this, I recommend buying the Tatcha kits that have minis, or asking for a sample.Overall, this is worth it if your looking for a light, non-greasy but hydrating moisturizer that works on sensitive skin.",2019-07-29
P12573,3,"I had heard that this stuff was like lip magic, and I have been using it nightly for a few weeks, seeing little to no results over sleeping bare-lipped. It smells nice, and feels nice on, but as far as lasting improvement, I’ve seen none.",2013-03-07
P427417,5,I’ve repurchased this 4 or 5 times now. I love this product,2021-02-23
P409800,5,I love these wipes they are the best takes everything off and deff helps with acne if I am breaking out,2017-07-12
P218700,5,It is a great treatment for hair. I use is after shampoo and distribute it through hair. I also use it daily as a styling tool. A put a smaill amount in the palm of my hand and rub hands together. I make sure to rub some into my cuticles to moisturize them. I then rub my hands through my hair and style.,2009-08-09
P454380,5,I started using sunscreen very late in my life (I know - it’s terrible!). I always felt like putting sunscreen would make my face so oily. My sister convinced me to try this and I have loved it ever since. It does not make my skin feel oily and is really “unseen”. Using sunscreen is no longer a hassle thanks to SuperGoop! Unseen sunscreen!,2020-06-09
P297524,5,"I HIGHLY recommend this to anyone who is interested. It reallys works for me. If I have a pimple I will put some on the area atnight and sleep in it and it will be much less noticable by morning. If I have a special event I will put it heavily on my T-zone area the night before and sleep in it and in the morning (and the next 2-3 days) my pores are tight and refined. If I just want to pamper myself I will put it all over my face and leave it for 20-30 minutes and my skin will be brighter and just nicer overall. I haven’t had any problems with this and I will always keep this in my routine. Also, the smaller one lasts me for a very long time (4-6 months) so it is definitely a steal for the price!",2013-04-02
P126301,5,"I use waterproof mascara daily, Too faced Better Than Sex to be exact. I always used a makeup remover wipe that says it takes off waterproof mascara...but it didn’t. I was always having to take my fingernails and scrape off whatever was left on my eyelashes, pulling eyelashes out at the same time. I received this as a sample on my last order and thought I’d give it a try. OMG!! I haven’t found any other product on this planet with such amazing results. It only takes a tiny bit to remove all of my eye makeup in as little as 30 seconds. After I started rubbing it in on my eyes I was worried that it would burn. No burning sensation, but it does look like I have a super bad black eye until I wipe it clean. This is truly a miracle worker.",2018-03-16
P7880,5,"This doesn’t irritate my skin, in fact it soothes it. So amazing because you can use it all over your eye area as well",2016-06-15
P454794,5,LOVE this cream!  It also really helped to calm redness on my skin.  Highly Recommend!,2017-09-26
P297524,5,"This actually works really well, especially at the on set of any pimples.  It works really well on those sneaky sites breakouts that you discover by accidentally brushing something against you face and notice how tender a spot is... I immediately go and wash my face and treat that area and literally after I take the mask off I notice a reduction in the soreness... I use it again for like the next 3 days and the breakout is completely gone!  Nothing has worked this well for me.I discovered this product because I needed a mask really bad and Caudalie mask was out of stock and I got this one.... it works much better for my oily  acne skin",2021-01-28
P7880,5,Best face wash ever! So gentle and refreshing. Takes off some makeup and doesn’t dry my skin out,2020-04-23
P248407,5,"I love love love this product! Even though I have super oily skin, this lotion doesn’t make my pores feel clogged. I use it as a night lotion and I like that it’s not perfume-y like night creams usually are.Also, I have sensitive, itchy skin and this product actually helps soothe the itchiness I experience during the harsh winter months.",2010-10-27
P458219,2,"This product smells great and very cooling however it does not do anything much for your skin in my experience. Its more of a nice to have  kind of thing for me, I ordered a small sample size using my points,  thank God I did not purchase full bottle, I will not waste my money.",2020-09-17
P427417,5,"Amazing! I could rave about this serum all day. As with all skincare, ensure you educate yourself with the ingredients that you are combining either directly together or in a 24 hr period. This is how you’ll get the best results.",2021-12-01
P427419,5,Helped when I had bad acne. A good value. Something that I think I should always have in my skin products collection.,2021-11-14
P417238,5,The best makeup remover hands down. Takes off all of my makeup even waterproof mascara! Easy to use and a little goes a long way!,2019-05-13
P480612,4,Great product. It really helps your skin and I love it!,2022-01-24
P297524,5,This made my skin feel soft and completely renewed after my first use. Definitely the best mask I have ever tried!,2018-09-29
P7880,4,I love most of the products that are carried by Fresh.  This cleanser is no exception.  I travel with the mini and the full-sized product I keep in my bathroom.  The cleanser is very gentle and doesn’t strip away the oils while it removes my skincare/makeup.  The minimal fragrance is also a plus.,2018-01-05
P411387,3,"I got this in the Sephora Beauty Favorites. You get a nice sized sample of this & I’ve been using it for the past few weeks. The price isn’t bad if you factor in how many oz it has. The brand has good intentions, a focus on good ingredients, & sustainable packaging. Although I like the glass packaging, I haven’t found many uses for it. If someone could make a post on what they use the jars for, that would be great! I’ve seen talk of them creating a refill option for this which would be really cool. I will say though that due to the glass packaging & not so sturdy cap, I’m not keen on using this cleanser to travel. But back to the actual product itself: this isn’t a magic cleanser or anything. I really don’t get the hype & rave over this product. The only thing I really love about this is the smell. It’s HEAVENLY. It smells like a fancy spa treatment & it enhances the experience of using this. The only reasons I could see someone loving this is if they have oilier skin or they just love the brand. Overall, not a massive fan of this product but it gets the job done. I actually stopped using this cleanser in favor of the Krave Beauty cleanser (unfortunately you can’t get it at Sephora). It’s a bit cheaper but it’s a completely different experience. The KB cleanser feels soft, creamy, & so good on the skin. It feels really moisturizing & that’s the focus of the KB cleanser. I think the YTTP cleanser’s goal was to not be overly stripping but to still feel cleansing. The YTTP cleanser will probably work better for you if you have oilier skin but if you have drier skin, try the KB one. Should also note that if you are a frequent makeup user, I have seen many people recommend that you use this alongside an oil cleanser because this isn’t good at removing makeup & sensitive skin beware: there are people who have been broken out by this! I don’t think I’ll be buying the full size but I enjoyed sampling this cleanser without having to take a leap by buying the full size.",2020-06-18
P411387,3,"Love this cleanser!! But the travel size bottle is not good. The cap does not tighten all the way so it easily spills when traveling. I’m glad I had mine in a plastic bag, but it still spills all over my other liquid products which was just annoying. Please fix this problem with the cap because I love the cleanser and want a good travel size that I don’t have to worry about traveling with.",2022-07-23
P453816,1,It deserves one star because it does the job well. But Phenoxyethanol as a preservative? It’s a toxic ingredient. Please replace it with something safer.,2019-09-11
P7880,5,"This is one of the only cleansers I’ve used to take off eye makeup as well as my facial makeup, and it never burns. Not once. It’s VERY VERY gentle. Slightly reminscent of a higher-quality Cetaphil in texture. I love the cucumber scent. It’s a little cost-prohibitive, but worth it.",2010-12-16
P442563,5,"Amazing product. Makes my skin look brighter and even, while smoothening out the texture of my skin. I absolutely love this product! And so affordable. I’ve been using it for a few years and will never look for anything else.",2021-01-20
P454794,5,"It’s hard to find a moisturizer that won’t leave a heavy feeling on my face and make me want to wash it off immediately, and I tend to build up lots of oils on my face. But this cream is extremely light weight and it’s left my face feeling extremely soft after a few uses. And to the person who said to use the Youth to the People cleanser with this moisturizer, you were right. They’re a great combination. It’s definitely pricey, but I think it’s worth it because you don’t need to use a lot for it to cover your face and neck; it’ll last. And the proceeds going towards a child’s schooling makes it even better. It might not be for everyone, but this moisturizer is definitely something to check out.",2017-05-02
P420652,4,"I love this lip sleeping mask! My lips are usually super dry but since I use this mask (which smells good by the way), i no longer have a problem with dry lips",2019-05-17
P394639,5,It’s a cream but the consistency in more of a gel. It’s not greasy at all. Feels and smells wonderful light and fresh and not overpowering. It plumps up my skin and my makeup goes on way better.,2020-05-17
P420652,1,I am very disappointed. I thought this product would hydrate and leave my lips feeling supple but that’s not the case. Going on it feels luxurious and velvety but when I woke up my lips were cracked and peeling. It took days for them to recover from this product.,2019-04-24
P297524,4,I love all of origins charcoal products.. I will say if you leave this mask on more then 5-10 minutes you may feel a slight tingle/burning sensation.,2021-09-16
P480612,3,"It does what it says. It makes makeup application easy. I struggle with dry skin on my face, so this isn’t great for me.",2022-01-21
P409800,5,"Love it, they smell sooooooo good and they are very soft!",2020-03-15
P420652,2,i really don’t think this is worth 22 bucks just because yes it’s thick but i cant even smell the scent which is supposed to be “berry” either way i would say that it has a nice gloss but i save my money using aquaphor or bag balm for atleast half the price,2022-07-20
P433520,4,"I received this product as a free sample from Influenster, and I really like it. I love the smell and my skin feels very moisturized after using it.",2020-01-09
P420652,5,"The BEST lip mask to ever live!! I have severely dry, peeling lips from Accutane use and this has been the ONLY lip stuff to restore my lips. I’ve tried brands from around the world and nothing has compared to this. Don’t bother with tatcha’s mask or any others! I’ll never go without this.",2021-06-20
P422905,5,"Love the way this makes my eyes feel. Moisture, moisture, moisture, without heaviness.",2019-05-15
P7880,5,"I have tried many cleansers, but since I have really sensitive eyes, they would irritate and burn my eyes. This is the ONLY cleanser that doesnt sting my eyes! Hurray! Love it!",2009-03-07
P429952,5,"I initially bought the small one and at first (since I have combo sensitive ish skin) I was apprehensive. I initially tried it on at the store on my hand and it was really moisturizing so I gave it a shot. I don’t wear it as a mask, I wear it as a night time moisturizer so I apply a thin layer after I put on all my serums and my acne cream. I have no complaints and it never broke me out. Really gets the job done and I love the way it smells and feels on my skin. I would recommend.",2020-04-07
P430337,5,Got this as a sample and I love it. it smells so good. it feels good on my skin (not sticky and doesn’t pill if I rub) Will definitely buy a bigger jar after I finish my other moisturizers.,2018-05-26
P456398,5,Love it so smooth apply’s so nicely and makes me feel comfy,2020-11-10
P456412,5,I’m obsessed with the smell of all korres yoghurt products. It’s so fresh and clean. For me this is a perfectly balanced face wash.,2018-07-19
P122900,5,"This is the best facial moisturizer for the face in this price range. It’s the perfect amount of moisture for my combination/oily skin. I think there are better products out there, but Clinique products are priced right for what they do.",2011-02-28
P7880,5,I was skeptical about this cause i have combo skin. TOTALLY DESTROYED MY EXPECTATIONS. It cleanses and tones and i feel clean but not stripped. It has a slight foam. Its so soft and perfect. Will be repurchasing,2020-09-02
P7880,3,I love the smell of this! Smells like cucumber.I do feel like it does a great job cleansing and left my skin feeling more soft than any other cleanser I’ve probably ever used.Reason for three stars is because every time  I use it I break out — so I use it when my skin is feeling rough maybe once or twice a week because it does do a great job. I personally wouldn’t rebuy it as I feel like I can find something similar for less of a price,2020-05-07
P471546,4,"I was extremely excited to receive this mask Correcting Treatment complimentary to try and review! I do not personally do not have redness in my skin, but I tried it on my aunt who has a natural red undertone. It worked wonders on her to neutralize for rosy complexion!",2021-02-19
P471546,5,"I have mild-moderate rosacea with combination skin, and this product works WONDERS. Added bonus of having an SPF. It’s definitely somewhat thick, but I use a powder foundation and a Murad matte product on top that keeps me from getting too shiny. A little product goes a long way. Definitely worth the high price tag.",2020-04-16
P126301,5,Love this product so much! My makeup comes off so easily! And it doesn’t hurt my skin or burn when I get it in my eyes,2018-12-21
P409800,2,Used the coconut wipes and they don’t take off all my makeup. I’ve used better wipes. I won’t be buying again.,2017-11-23
P418218,4,"I absolute love this cream. It looks like a normal cream, but the texture is very interesting. It’s more like gel but not oily at all. I have combination skin and tried brands from La Mer, Dior, Clarins, etc. This is the best. The scent is light and delightful. Beautiful packaging too. The best purchase I had this year!",2018-03-03
P427419,5,"This product is the holy grail of skincare! It’s easy to apply, absorbs effortlessly, and is gentle on the wallet. Bonus points on the packaging. I’m on my 5th purchase, and still an extremely happy customer. My skin loves this!",2021-08-05
P248404,5,This is by far the best face cleaner I’ve used. It removes every inch of my makeup including mascara. I will definitely be repurchasing this!,2014-12-05
P450271,5,Loved it didn’t make me feel greasy at all and broke down all my make up,2021-03-03
P421275,1,These did nothing for my acne and there aren’t that many in the box.,2019-05-24
P471546,4,"Love that it reduces redness and is a mineral sunscreen, so it is great for sensitive skin. I use it everyday. Only loses a star because I wish the formula was just a little easier to rub in and felt a little more lightweight. But after 5 minutes of applying you can’t feel any heaviness, and it does not look oily.",2021-05-13
P427417,5,"I have never had a product that claims to do some that actually...does do so. I’ve been using it for several months after doing some research. Although I don’t scar with acne, I do get dark marks left over which is so frustrating. I read up a bit on niacinamide and it’s benefits and oh my goodness I am not kidding when I say that I felt the joy bubble up in me after looking in the mirror and noticing that, for the first time in three years, My skin wasn’t marked up with clusters of dark marks. Don’t expect to see results in a week as it’s a gradual thing. I started applying it in late June and everyday from then onward Out of a habit I’d developed and forgot about it (it kind of faded into my routine). A few months in and I started noticing my skin in a way I hadn’t noticed it before...because it was actually clear and even in a way I’d never seen. It faded away the little blotchy spots and evened out my skin tone so wonderfully! I highly recommend it. My skin routine consists of three components; salicylic cleanser, niacinamide and sunscreen during the day and this product is GOLD.",2020-10-02
P309308,5,On my second bottle. I have learned to use less and have the bottle last longer. Use instead of moisturizer on warm days. Smells divine.,2013-05-13
P456207,5,Absolutely loving this product. I received this product recently and it is my new favorite moisturizing cream!!,2020-02-15
P460779,5,I really enjoyed the sample of BareMinerals Skinlongevity Long Life Herb Serum. It’s soft on my skin and doesn’t dry out my face. The sample wasn’t large enough to see any results but it didn’t break me out so I’d consider purchasing in the future. Receiced this from PinchMe,2021-01-05
P470255,3,"I only use mineral sunscreens so when is as this one I had to get it. The smell isn’t too great, honestly I hate it. The whole unseen wasn’t relatable. I had a slight purplish hue from The white cast, but it did fade away as the day went on. I wouldn’t repurchase this as I have tried others that work better but this isn’t a bad place to start.",2021-05-02
P467762,5,"so moisturizing and calms breakouts while minimizing pores, I absolutely love!!",2020-05-26
P394624,5,"very moustrizing and makes my face feel fresh and smooth. i love it, a must have in your skin care routine!",2023-02-08
P248404,5,i use this and the lotion everyday and its the only thing that works for my face doesn’t get greasy or anything throughout the day,2019-06-21
P248407,5,I have extremely dry skin during winter. This product is a miracle! My skin feels so much better after using a couple of times.,2014-12-28
P450271,1,"The product says green clean implying it’s good for the environment yet it contains polyethylene, aka plastic. Using this product will wash plastic down the drain everyday and kill the environment please reconsider using this product.",2020-09-03
P394639,5,This is actually going to be my new summer cream! The light gel like consistency is quickly absorbed and leaves the skin super smooth. I highly recommend to use with toner - a power duo. I’ve noticed that my uneven skin caused by dry spots is slowly disappearing after a couple day and nights using the cream. Happy I found this in time for summer!,2020-05-20
P248404,5,I had gotten this as a freebie and took it on a trip. I remove my eye makeup with a washcloth then wet my face and put a small amount on a washcloth and scrub. My results are flawless and glowing. I am 34 and have combination skin. This product is great for sensitive skin and I love that it’s cruelty free. If you’re curious it comes in a trial size too!,2015-11-17
P394639,5,"I received this as part of a kit and it’s great! Not greasy, helps dry skin and doesn’t break me out!! Highly recommend.",2018-01-11
P429952,3,I really enjoyed this product! It actually made my skin extremely smooth,2019-10-21
P480630,4,I feel as if this hydrated my skin a lot. I do have kinda sensitive skin so it irritated a little bit but nothing a little face lotion couldn’t fix. I wasn’t uncomfortable wearing it which is important to me when I wear a mask. It’s very light.,2019-10-20
P422905,5,"I dab just a tiny amount of this on at night and can notice the difference in the morning. Even when I don’t sleep well, my eyes still look great!",2020-07-21
P297516,5,"I love this cleanser, I have mixed to oily skin, also acneic tendency and I usually use it with my foreus moon, I love it.",2019-11-18
P7880,5,"10/10 worth the price, a dab will do you and it will strip everything off your face (dirty pores, make up, greasy areas) it is obviously pricey but it’s so gentle you can rub it on your eyes and it smells good too.",2018-06-26
P248407,5,"I bought the value size after trying out a sample of this.  I absolutely love it!  I use it on both my face and the rest of the body.  The result of this cream is instant--it calmed my skin and cured most of my breakout overnight!  I have sensitive skin, and so far this has not caused any irritation.  I highly recommend​ it.",2018-02-11
P248407,5,"Excellent product for really dry and sensitive skin. It hydrates the skin, dries quick and its not greasy. You can see an improvement since day one of using it. Really like this product. I have eczema and dry patches.",2019-04-19
P455364,3,I was disappointed with this product. This doesn’t take the makeup off properly. Even after using enough. Also after washing the face the oil doesn’t go away. I have to wash my face twice after using this to remove my makeup.,2022-01-07
P422905,5,"During my last pregnancy, I developed eczema around my eyes—scaly severely dry red patches that despite my best efforts, and arsenal of luxury eye creams, the symptoms would not go away. This was recommended to me, and I hesitantly gave it a try. After several treatments in a 48 hour window, my eyes look 95% better. No more red itchy scaly skin!! I am so incredibly relieved and feel 100% better about my appearance. I am now a week in, and there has been no reoccurrence! If you’re dealing with a similar plight, please try out this eye cream!",2019-04-26
P420652,1,i wanted to like this product so much so when they discontinued the lip mask i use i tried this one. after using it for two weeks my lips are dryer than they have been since i was 6 and i didn’t know what chapstick was. since then i have stopped using this in my night routine and am looking for alternatives,2022-01-20
P427421,5,This is now my holy grail moisturizer.  It plumps my skin and keeps it hydrated.  I have normal skin and this does not make my face greasy.  It is totally worth the price!,2018-12-17
P480630,4,"I love the slight peppermint fragrance and cooling feel to this mask! This mask is gentle enough on my sensitive skin, and is even gentle enough to use over and near my eyes! This mask is good to wear overnight, and is great to use on my dry spots under makeup as well. This product did not irritate or break me out at all, and is great to use everyday.",2019-12-18
P422905,5,"I do not usually wear eye creams as I find them greasy and thick, but this one is a game changer! I was instantly impressed with the texture and how well it absorbed into my skin. It doesn’t feel thick or heavy. I enjoy the light and comfortable feeling along with the scent. I like to put this on on the evening as part of my nighttime skin routine to unwind and I always look forward to using it.",2020-06-28
P460779,5,I received bareMinerals Skinlongevity Long Life Herb Anti-Aging Face Serum through PINCHme. It went on smooth and wasn’t oily. Really soaks into your skin. The scent was pleasant and I really liked the naturalness of it.,2020-11-29
P427417,5,"This stuff is great! I have oily, acne prone skin with large pores. I haven’t noticed a big difference in my pores, but this stuff is so worth it for how clear and oil-free it keeps my skin. For the price, you can’t go wrong! I’m so happy The Ordinary is back at Sephora!",2019-04-20
P269122,5,I love Dr Gross Alpha Beta Extra  Strength Daily Peel it made my skin so soft and radiant !!,2020-05-27
P454380,5,I bought this for my husband (I can’t use b/c I am allergic to SPF) and he is OBSESSED. Of all the different sunscreens (high end or cheap) this is by far his favorite and it really protects his skin well. He has used it skiing and down at the beach and loves it.,2019-06-17
P453816,4,First let me tell you about my makeup routine do you can judge how well this product works. I use: Moisturizer PrimerIT Foundation IT concealerEye shadowEye liner—waterproofMascara—not waterproof—1 coatEyebrow gel pencilSetting powder under eyesFinishing spray—UD All NighterThis product is long-lasting. I’ve had it a month and only used about 1/4. It’s greasy/emollient. It does melt away the makeup except it doesn’t totally get rid of the mascara and liner. I’ve tried just splashing water on my face as the directions suggest but that is not effective. I use a warm washcloth instead but that still doesn’t get rid of all the eye makeup. I still have to use an eye makeup remover. I will say that adding water does completely get rid of the greasiness of the product which is pretty cool. The product has a waxy smell. I wish it had a pleasant light citrus or vanilla smell instead. It does leave my skin a bit dry. It is economical. I will probably buy it again.,2018-08-20
P442563,5,"This product is magic. It truly works. My acne has improved by a lot. I’ve also noticed my scars are fading as well. My skin also looks glowy, pores smaller, less textured, and makeup goes on smoother. Nothing bad to say about it especially for the price.",2020-04-08
P423688,2,"I was hormonal (early pregnancy) and noticing a lot more texture and acne. I didn’t have an exfoliant in my routine and tried this product. I really do like this brand and this is a good product. It helped clear up my skin, made it a lot smoother. It just seemed like so much to add this step.  Take make up off, mix the powder into a paste, then add face wash... I used it up quite quickly and didn’t feel the need to repurchase. I actually really love DE exfoliating soap bar so much more! I mean this product helped, but wasn’t the answer to my problems.",2020-04-20
P392246,5,"Went from using this every other night for about 6 months, to using it every night. I’ve been using this product for over a year now and its helped with the overall clarity of my skin. I’ve gotten so many compliments on how smooth my face is!",2017-04-26
P297524,3,"This is a solid face mask, but truly nothing special. I didn’t notice a difference on my skin at all when using it consistently once a week for over a month.",2017-12-27
P126301,5,"Great price for a great cleansing balm. I’ve had no issues with irritation, breakouts, or redness. It does get in my eyes sometimes, it’s not uncomfortable because it’s just oil really, but you can’t see until you rinse it out. I’ve tried other cleansing balms that work about as well but you get less product and they cost more. I was trying to decide between this one and the sephora brand, but the packaging on Clinique and the quality of the product is what swayed me especially because it’s not that much more expensive and the ingredients are a little better!",2019-01-29
P456412,4,I received a free trial of this cleanser and I loved it! It does not feel too harsh on sensitive skins and does not smell like chemicals! The only reason I did not give it 5 stars is because it does not seem to be improving my acne problems.,2019-04-09
P378852,5,"This product is amazing. It’s so smooth and glides on your face so easily. Once you use it, it feels like nothing is on it is so light and airy. I can see that it made my dry skin go away and that it doesnt look like I used a lot of harsh chemicals. I would recommend this product to anyone it is worth the price. I got this product for free for testing from influenster!",2017-07-22
P454794,5,this is hands down the best moisturizer i’ve ever used. My pores reduce in size when i apply this! It hydrates the heck out of skin and it smells amazing. i’ve repurchased three times and i will continue to repurchase.,2018-07-12
P411387,5,This cleanser makes my face glow!!!!! I love how soft and foamy the cleanser is. I always apply either a hydrating oil or a moisturizing face cream after I use though. I highly recommend trying this face cleanser! Also...love how it’s made up of superfoods and plant extracts.,2019-07-12
P471546,1,It didn’t correct my redness much and it sat on top on my skin in a way that made my foundation look awful. Accentuated any texture or fine line,2022-04-07
P418218,2,"I have normal acne prone skin that tends to get dry in colder months. I wanted to love this because I absolutely love the Neutrogena Hydroboost and the PTR Water Drench moisturizers. This moisturizer claims to absorb quickly into the skin without leaving your skin sticky and tacky, but that’s exactly how my skin felt even 1-2 hours after wearing this. I can tell if I’m going to like a moisturizer by the way it absorbs into my skin. After only two days of going to bed with a sticky face (and waking up with a few breakouts) I’ve decided to return it and exchange for the PTR that I liked. Two stars because at least the packaging is beautiful.",2019-12-13
P427421,1,Broke me out a lot everytime I use it. Ended up giving it to my husband.,2020-04-21
P454794,5,My skin loves it!! I have a very oily t zone and this so far has been the only moisturizer that works with my freaky combination skin!!,2018-11-21
P481817,3,"I enjoy using this for a quick pick me up, I keep it in the fridge so it’s cool on the face but other than smelling lovely and tingling as it dries I can’t honestly say I’ve noticed any change in my skin’s appearance.",2012-09-30
P420652,5,"I suffered from chronic dry lips for a while, until I discovered this lip mask. The smell and texture is very nice, and I love a little goes a long way. In the morning my lips are hydrated and smooth. This has become a staple in my routine and I would definitely purchase again!",2020-02-16
P394639,5,It moisturizes my skin really well and makes it really smooth. I love it!!!,2021-05-02
P420652,4,i’ve had this product for about 3 months now and let me tell you i love it! it makes my lips super soft in the morning. the scent is also amazing. definitely,2023-02-26
P423688,5,"Please note that I was gifted by Dermalogica Sampling in exchange for my honest review! I absolutely loved this microexoliant— I’ve frequently experienced defoliators which are either too harsh on the skin, or too gentle to get rid of dead skin. This is a lightweight, exfoliant which helps clear and brighten without causing excessive redness or any “tingling” feeling. My skin looked noticeably more clear and my makeup looked more skin-like! I would definitely recommend this product to anyone.",2022-08-15
P454794,5,"I’ve been using this since 2015 and it’s been a staple in my beauty routine. I occasionally switch it out with other products because it is pricey, but this will forever be my top moisturizer. I have combination/dry skin and it works whether I’m a bit oily or super dry. It’s light and very refreshing on the skin and moisturizes my face very well. During winter, my skin becomes very, very dry and I used to struggle with finding a good moisturizer that didn’t make my face oily later on in the day. With this my face is perfectly moisturized, dewy and smooth. There is a slight scent to it that I love, but others may not so make sure you actually like it before buying.",2020-06-21
P248407,5,"i use this in the morning on my face and neck and all over my body if needed.. this is great for dry skin.. i have normal to dry skin , skin is dryer in the winter. and i have mild eczema.. this products helps combat both. would recommend! keeps my face soft all day. i have the sample and just brought a full size jar.",2016-05-21
P427419,5,Keeps the moisture within. Helps serums and other products to penetrate the skin deeper. Live!,2021-09-08
P420652,5,Absolutely love it! Definitely life changing. I felt a huge difference and my lips are always nice and soft!,2018-01-20
P478030,2,"The product works very well ! Removes all makeup even my mascara !Sadly I have acne prone skin , I’ve noticed my pores are looking larger and  I stared to break out a little :(",2020-11-14
P248407,1,"I have combination skin, and my cheeks and forehead can get really dry and sensitive and the winter. I’ve been using this for months and I had to stop using it as the winter came because it just stung too much and makes my dry areas drier. I decided to look up why this was happening and it turns out it’s because of the eucalyptus oil in this product. Eucalyptus oil is great in things like cleaners, but having it in a moisturizer, where it sit there, it can irritate the skin. now is you have normal skin and use this on the body it should be find, but the fact that this is marketed to be used on the face and sensitive skin is just awful.",2017-02-03
P420652,5,"Absolutely transforming! This time of year my lips are always dry and cracked by the end of the day. I religiously put this on before bed and my lips feel like new by morning! The mask instantly makes my lips soft and supple. When I wake during the night, my lips feel hydrated. The mask definitely lasts throughout the night. I love this product so much that I’ll be buying a Laneige lip balm for the day :)",2020-11-21
P269122,5,"These peels have caused a total change in my skin - for the better.  I am in my early 60s; I look somewhat younger, but still have some major skin concerns like wrinkles, clogged pores, dry skin, and bad hyperpigmentation from too many summers in the sun when I was young and stupid.  I have one  dime-sized spot on my left cheek that really shows.  This peel has helped it quite a bit.  It is starting to break up into smaller areas of color.  I may not ever be able to totally get rid of it, but this peel is helping it become less noticeable.  Also, the wrinkles and fine lines on my face and around my eyes have become much smoother.  I use the whole pad faithfully every night (except when I do the weekly peel) and use it all over my face and neck.  I’ve been using a whole Dr. Gross regimen for five months now, and my skin hasn’t looked this good for quite some time.  I’m very happy with my results so far and hope to see further improvement in the future.  However, you must note:  this process of lightening sun spots takes time.  Results happen in months, not days.",2019-03-29
P126301,5,So on evenings that I am tired and don’t want to go through my normal cleansing routines I use this. All I can say is that is is very efficient. Put it on massage it on to your skin and it removes all your make up including waterproof mascara. I rinse and reapply to make sure all is clean since my skin I am prone to break outs. I have oily combo skin and this doesn’t leave me greasy or break me out.,2014-04-26
P7880,5,"I don’t think I’ve ever gone wrong with a Fresh product, but this cleanser is one of their best! I love that it is gentle enough to remove make-up, but still actually gives a really good cleanse. I have acne prone skin and never break out when using this cleanser.",2021-01-05
P269122,5,"I know it’s $$$ but trust me, after just two uses - my months old acne is GONE. I can barely believe it myself.",2019-06-13
P427421,3,"I pumped once in the morning after washing my face, and once at night after my shower and skin care. Lasted 1 month and 10 days. Pros: NO SMELL WHAT SO EVER!! Which I super enjoy. Also, the pump gives you the perfect amount. At first you’re going to question if you need more BUT YOU DO NOT. I took a tab on my forehead and on both cheeks from what was pumped. Cons: I am trying this in winter and I still had dry skin. I purchased this on 12/07/2018 and ran out on 1/17/2019. For the price I should have gotten more out of it. All in all, I’m going to try the next Drunk Elephant moisturizer but I most likely won’t come back to this. I am not sure what it actually did but I do know IT DIDNT BREAK ME OUT. Which is very hard to come by because I have dry flakey sensitive skin. 6/10 would recommend",2019-01-17
P12573,5,"My lips were really dry and cracked and I put it on before I went to bed. By the morning, my lips were smooth and soft. Love it!",2016-12-13
P7880,3,"It’s average, doesn’t lather up well. It was doing good for my skin but I felt that it wasn’t taking off my sunscreen and the pollution. I didn’t feel so clean afterwards.",2021-05-13
P467762,5,"I’ve purchased this toner several times and will continue to do so. I use it right after cleansing. The toner is a bit viscous, but less than serum. It is absorbed or dries, quickly. It makes my skin feel soft and there isn’t the ‘tight feeling’ after using a more traditional water based toner. My skin is quite dry in places and I’ve noticed improvement in the last few months. I’ve no idea if it’s specifically helped but it certainly hasn’t hurt in any way. It has fresh watermelon scent. I’m quite fond of. If you like the smell of watermelon jolly rancher candy, you’ll probably like this.",2021-07-10
P430337,5,Love this moisturizer! It is so soft and hands down the best I have tried. The creme goes on smooth and leaves my skin feeling refreshed. No sticky feeling. No oily residue left. LOVE IT!,2018-04-18
P427417,5,"This product is a skincare must for my sensitive, break-out prone skin! Not only does it skrink my pores and prevent breakouts, but it also brightens my skin and has helped lighten hyperpigmentation spots and cystic ance scars (alongside with The Ordinary Alpha Arbutin and Azelaic Acid). But the fact that I don’t have to worry about breakouts makes this a holy grail product in my book. And it’s highly affordable! I can’t think of the first downside. It’s perfect and I can’t recommend it enough to anyone struggling with either breakouts, large pores, hyperpigmentation or acne scars (or all of the above).",2020-11-30
P456398,5,Perfect for daily use. I really love this product and I apply it anytime I plan on going outside. It’s great quality as well.,2021-02-08
P478030,1,"So I read the reviews on this product and I don’t understand. This product does a horrible job for me at removing makeup. I use it as my first cleanse, and even after my second cleanse, I still have makeup residue on my face including foundation and eye makeup. I feel like the weird film left by this doesn’t let me second cleanser do it’s job. It’s a weird waxy feeling. This is just a big pass for me.",2021-03-18
P455364,5,I’ve been using this balm for two years and love it! It is affordable and great at removing makeup. I use this as a first cleanser and I use the cetaphil gentle cleanser as my second cleanser. You do have to avoid eyes because it will leave an oily film. I have dry textured acne prone skin and this leaves me feeling hydrated and hasn’t broken me out!,2023-02-24
P422905,5,This under eye cream definitely showed how you can use such a lightweight formula and get such hydrating effects! I used this overnight and noticed my under eyes more hydrated the next morning!,2020-07-03
P471546,5,"At first I was really skeptical about using this product because of all the mixed reviews. I have pretty sensitive skin that I would say I have “under control” at this point. I wanted to add something to my skin care routine that would help reduce redness. I first went for a makeup product but the Sephora associate talked me into this. I have been using the product for 2 weeks now and I LOVE IT. It is the perfect balance between skincare and makeup. I use it as the last step of my skin care (after moisturizer) but under all my makeup. I wear it alone for a clean dewy look or under makeup. It is pretty flawless under makeup, not cakey. However I don’t really wear much makeup so if you do it might feel different. Overall it’s a great product and I feel it has some environmental protection factors which is always a plus.",2021-05-21
P42204,5,"Absolutely love this product. My lips have never felt so smooth and I even use it on my cuticles.I liked it so much, I even bought the salve for my nieces and sister.",2010-06-24
P439061,5,"Here is my honest review for the OLEHENRIKSEN Glow2OH Dark Spot Toner. First of all, I have oily skin and I get random bursts of acne during the winter. I have medium sized pores, scarring, and uneven skin tone. My goal is have clear skin by getting rid of acne scars and dark spots. So this toner fit perfectly into my skincare routine.After researching, I learned that AHA is the best thing that could happen to your skin. I have used a lot of AHA masks and face lotions. I received the Glow2OH toner for free before release for testing. I made sure to use it before I sleep at night after applying my night lotion (which is also an AHA based). I used it for 6 consecutive days and I think its been great so far. It absorbs all the excess oil and dirt immediately. I have not seen a drastic change in glow but I think thats because my face is more used to AHAs. It may tingle at first if your face is not used to AHA. Plus, it smells amazing. I am in love with it. I would definitely buy it again.",2018-12-19
P411387,5,Obsessed with it: such a great oil cleanser. It doesn’t make my skin dry at all.,2021-11-17
P297516,3,I have normal cheeks and a somewhat oily t zone. I was looking for a cleanser to use in the morning without my clarisonic because I use my mia and purity wash at night. I got a deluxe sample of this in a kit over the holidays. It has a minty fresh smell that it great in the morning and it almost has somewhat of a cooling effect. It cleans my face okay but it leaves such a bad tight feeling. Lets just say if they put this in a neautragena packaging I wouldn’t know the difference. It is okay but not worthy of a 20 dollar rice tag.,2015-02-08
P427421,4,Amazing. I have acne prone skin and it’s perfect. Very moisturizing without feeling heavy.,2021-06-21
P421275,4,"Works pretty good, but don’t know if i’d buy it again. It draws out impurities and shrinks acne after one use (or a few). But so do other spot treatments, like Keihl’s.",2017-10-24
P456398,5,I have used this sun protector for years and the formula is alway the samePerfect one ! I love it! Is thin you can wear it with make up easily! Not only protect but also hydrates your skin! I totally recommend it once you try it you would never go back!,2021-03-07
P218700,5,"I am so glad I tried this! I have very sensitive, acne prone skin that post-pregnancy is also dry. I have been looking everywhere for a moisturizer that won’t make me break-out or give me a rash. This does neither. What it does do is give you an amazing glow - evens tone and texture. I have never used a product that made my skin look this good. I will say that I use it more as a serum since my thirsty skin needs an additional moisturizer to keep it from flaking, but seriously, it’s so good.",2014-09-11
P218700,5,This stuff is the best!! I always reach for it when my face is extra sensitive has dry patches or even when I am breaking out and it always calm my skin down. This is the first skin care product I am loyal to and buy again and again.,2017-03-06
P460779,5,"This product is amazing. I have acne prone skin and this helped with the dryness of my skin that came with acne products. In addition, there is little fragrance which is perfect for me!",2020-08-25
P458219,2,"This toner smells great, and feels nice on the skin but didn’t actually do anything to improve my skin. I tried it to see if it would minimize my pores and didn’t notice any changes after a month of using it.",2021-04-26
P429952,5,This is an excellent product!!! I am suffering from hormonal cystic acne and i use this every night and it helped my skin!Love this product!,2019-05-08
P248404,5,"If you have really sensitive acne prone skin this stuff is a life changer, it’s so gentle, never breaks you out, and really cleanses your face without drying your skin out. It has no harmful chemicals which I loved but the scent is not the best but you get used to it. Its a great product I can’t rave enough about I got one of my friends on it too!",2020-03-26
P456412,5,I have found this cleanser so relaxing for my skin.  Its in my nightly routine for days now and ive been loving it.,2019-04-02
P42204,5,I used this on my lips because they were getting chapped and dry. This is such a little miracle worker. It instantly softens and hydrates. It has no funny taste or smell. I wear it under my lipgloss.LOVE IT!! I rub the excess into my hands and cuticles for extra moisture.,2009-05-03
P454794,5,"I don’t think this “minimized my pores,“ but that’s not why I bought it. I have aggressively sensitive skin that is prone to both acne AND eczema, and this is the only cream I’ve ever used that effectively takes care of my dry skin while not aggravating my acne. (No, not even cerave, supposed holy grail of drug store options, does the trick for me.) I tried to switch to the cheap neutrogena water cream knockoff to save money, but my dry patches immediately came back. When I switched back to Tatcha, they were healed again. So yes, this is expensive, but that’s because you’re paying for an incredible product. (I’m also really impressed because often products with strong floral scents or “natural“ AKA allergen-filled ingredients give me hives, but this one doesn’t affect me badly at all.)",2021-08-29
P411387,5,"i’ve tried everything. from drugstore cleansers, switching up my skin care routine numerous times, even home remedies to get my oily and acne prone skin under control. i bought the mini pack along with the moisturizer and vitamin c serum and i’m still in disbelief. my acne is basically gone and my face finally feels smooth. im still dealing with hyperpigmentation from post acne marks but i’ve never thought i’d see the day where i could touch my cheeks & chin and not feel a single acne bump. the refill size has already been purchased! just remember to be consistent and patient!",2022-05-06
P460779,4,"I have been using this for about a week, my first impression is that it’s really smooth and applying is super easy. It has little to no smell which I love for a face product. I have been using it twice a day and even in this short time I notice a difference in my skins over all glowing-ness! Definitely will continue using for the recommended 4 weeks to see full results.",2020-07-23
P7880,3,"I love the smell of this like light cucumber, it’s a light cleanser that’s very gentle. I don’t think it’s my absolute favorite, I don’t feel 100% clean using it without a scrub but it is nice! I like the consistency of it but it is somewhat pricey. Received this as a gift from Influenster",2019-06-17
P427421,5,"I’m on my 3rd jar! I’m in my late 40’s with pretty good skin. A little oily in the T zone  (and I break out easy) Protini® helps with plumping up my skin, feels light and lasts all day/night. It doesn’t cause breakouts AT ALL. But,  most importantly for me, it helps my foundation go on smooth and it seems to float over my wrinkles and not become cakey later in the day! I use one pump (this is an amazing dispensing container) put it all over my face, eye area, and neck. Then right away apply my foundation and mix it all in. My face looks smooth and supple all day. When I use Protini® I feel hydrated and not heavy or overdone. Plus, it never “pills“. BTW I’ve never written a review on anything. That’s how much I love this product!",2019-06-03
P430337,5,"I received this product as a free trial from Ole Henriksen, I LOOOOVE how little you have to use to fully moisturize your face. It blends in well and doesn’t leave me oily.",2018-04-18
P441644,2,"In my opinion, this cleanser is really overrated. I didn’t expect it to have such a strong scent, firstly. Secondly it was too harsh for my sensitive skin/eyes. Do not get this in your eyes. Really like the glass packaging though.",2021-03-01
P420652,5,"best thing I’ve ever used its so smooth and makes my lips feel great, I haven’t had dry lips since i started using this lip mask.",2022-06-08
P427419,2,Wanted to love this based on the hype and price!  Unfortunately it isn’t that hydrating and dries sticky!,2018-04-04
P453816,5,It takes EVERYTHING off and its not rough on skin. Its the best makeup remover I’ve ever tried,2019-01-03
P450271,4,"Even after reading many reviews, I’m still surprised how well it worked. I’ve always been a makeup wipes kinda person but now I think I’ll stick to this- it’s easy to apply (THANK U FOR THE INCLUDED SPATULA) and doesn’t make too much of a mess. Also removed waterproof mascara easily- which has always been something that was hard for me to do without aggression. 2 things tho- 1) it made my skin really dry after but that can easily be fixed with moisturizer,, and 2) my eyes were like so hazy afterwards like I literally had a panic attack and thought I was dying- until I read a few reviews that said they were hazy too.",2021-12-27
P454794,2,"The review says how this is the best selling facial moisturizer product on sephora. For a period of time this product was out of stock. After half month waiting I finally bought it and I have been using it for over 2 months. It is really light weight but it does not do a good job, I am absolutely disappointed in this product. Also the price does not match the quality of the product.",2017-08-15
P458219,4,"Recieved this from influenster! Love container, look, and the texture of this product! It is so unique. It smells and feels refreshing on my face as well. I even noticed a little difference after a couple uses. Definitely adding this to my skincare routine.",2020-05-07
P421275,5,"Yes, yes, yes  and a thousand times yes! Thank god for these patches because they truly diminish the size and “bumpiness” of a pimple overnight. If I am not leaving the house I would even use it during the day. But what’s even greater than these parches accomplishing those things is that it prevents me from constantly picking my face.",2022-02-27
P430337,5,This did wonders for my skin and left it feeling smooth and hydrated! I would recommend this for anyone! It smells so good too.,2018-05-14
P248404,3,I love the product it leaves my skin feeling great and all that good stuff but the smell is just terrible it smells like baby puke and it’s kinda hard to just look past. Luckily the toner I use has a strong good smelling scent so if it weren’t for my toner I would never repurchase,2017-03-22
P423688,5,"I received this for free from bzzagent to test and review. I have used a similar product to this as an exfoliator but I have never used the dermalogica one.  I like it by itself, but where I really love it is to mix a little in with my cleanser and it is amazing. It turns any cleanser into an exfoliator and it isn’t harsh on the skin. I have definitely noticed an improvement in my skin texture. This is gentle enough to be used every day too.",2020-03-03
P411540,4,"I have dry combination skin with small acne breakouts on the chin area. My chin always has a red tint to it and this stuff really evened out my skin tone! I applied after cleansing and moisturizer, I will continue to use this product!!",2021-02-25
P443352,5,"Lovely and gentle daily exfoliating product, lasts a long time and really exfoliates polishes skin.  Gentle but effective rice powder exfoliant.",2022-04-30
P218700,5,"I had REALLY bad acne due to moving to a different climate (not used to dry weather, and my skin is already dry as it is). I tried Clinique but it was too drying and my face itched like crazy. I tried proactiv and it worked but it was also very drying so I had to look for a moisturizer that won’t break me out even more. This along w/ proactiv 2x/day made my painful red bumpy acne go away. I don’t see a lot of improvement w/ the acne scars though but it is very slowly fading away (I think using clarisonic to exfoliate helps lighten my scars too). I shared the small bottle w/ my mom (using it only on the face), and it lasted a month so it definitely goes a long way. I repurchased the bigger bottle since and in 4 months, I’m almost just halfway through the bottle. I am very careful not to use too much because then it doesn’t absorb so well. I also re-use the bottles for other oils that I like to use. Hope this review helps.",2013-05-04
P420652,4,"Great product, especially for the price. It basically feels like a slightly more viscous lip balm. You can wear it during the day as it lasts for a very long time and keeps your lips from drying. I do recommend using it this way as it’s much better than any lip balm I’ve tried. It lasts forever on your lips. I do also use it at night and when I wake up in the morning there is still some left on my lips (as if I just applied lip balm) while the rest has sunk in (or maybe gotten onto my pillow). My lips feel moisturized and they definitely are kept from drying through the day. That being said, I do still need to use lip balm from time to time on certain days if I use this as a sleeping mask and wipe it off in the AM. This has kept the dryness at bay much longer than any other product and overall made my lips feel softer. I love it and will be repurchasing. Way more effective and worthy of purchase than any lip balm I’ve tried especially considering the price. You get so much product...a little goes a VERY long way.",2019-02-02
P411540,5,Sunscreen that evens out my skin tone. Recommend for people with scaring or uneven skin tone/redness. Not for darker complexion.,2022-06-07
P420652,5,Have this in two flavors and am obsessed! I am guilty of also wearing during the day! The color of this goes beautiful on top of a red lipstick,2023-02-05
P411387,5,"I am in love with this cleanser, I use it daily and it doesn’t leave my skin dry and it feels so clean.  I love the bottle and that it is vegan!!",2016-11-09
P460779,4,I love this product. I received it free for testing purposes from influenster and i bought a second bottle. It helps your skin appear less dull and it’s so bright. I recommend this to anyone with dull or dry skin.,2020-09-27
P394624,2,I got a deluxe sample size of this and yes its super hydrating.... But i now have 3 white heads on my face and I haven’t had acne in a year! I dont think my skin agrees to this.,2016-05-01
P232915,5,"I got this as a sample to begin with and it really improved the smoothness and clarity of my skin in just two applications. I use this twice a week in conjunction with Korres Wild Rose + Vitamin C Advanced Brightening Sleeping Facial (daily) and I have really seen a difference in just two weeks. My skin is overall clearer and brighter, and my red marks from past acne (mostly on my cheeks) have been greatly reduced. It gives me a healthy glow and I hope with continued use I won’t even feel the need for foundation anymore. This makes me feel great and I will continue this regimen even though it is pricey.",2013-04-24
P7880,5,Great cleanser. So far the best I have found. Very gentle but yet effective. Also removes eye makeup. Doesn’t irritate my eyes. What more can you ask for?,2011-08-14
P454380,3,"I got a sample of this and can’t say much about how well it works as a sunscreen, but this made my face WAY more prone to redness than usual. I blush quite easily, but this made my cheeks turn bright red at random points throughout the day for seemingly no reason — the photo I attached is even after most of the redness went away. The only other product that has ever done that for me is the elf primer, and this has a similar texture to that, so I’m guessing they have an ingredient in common that doesn’t agree with me. I’m sure this works great for a lot of people and it’s fantastic if you’re looking for a sunscreen that doubles as a primer, but if you’re prone to redness or have had similar reactions to silicon-based primers before, maybe avoid this one. (I’ve marked that I wouldn’t recommend it because I had to choose one, but I honestly think it just depends on your skin!)",2020-05-28
P269122,5,I love this product because it is so asy to use.  It works great on my skin.  I recommend it,2019-08-13
P430337,1,"Very irritating. Gave me tiny bumps on my cheeks and hairline after 3 days of use. It smells heavily like creamsicle, to the point my boyfriend noticed the smell on my face more than 3 hours after I applied it. You can feel the alcohol and the fragrance. Not a good product. Texture was lightweight gel-like, which was nice. Other than that, there is no benefits to this product.",2019-01-23
P427421,5,I love love love love this product! I use it year round as my morning and night moisturizer. It’s the perfect amount of thickness for my combo and sometimes dry skin. It feels so silky when applying and sinking into my face. I also love the packaging because it prevents bacteria growth by having an open jar. The pump also ensures I don’t use more product than necessary stretching the time I’m able to get out of each jar (4ish months with 2x daily use).,2019-11-19
P411540,5,"I suffer from Rosacea kept at bay with an annual laser treatment but on occasion in extreme climates it flares up.  My dermatologist recommends a much pricier product as a treatment but it doesn’t have an spf and is a bit thicker than this treatment. I have also used the Darphin Rosewater anti redness serum but it is more expensive and doesn’t have an SPF. As a fan of Dr. Jart treatment masques I decided to give this product a try. It immediately neutralizes the redness but leaves the skin soft, smooth and primed for foundation application. It’s light and does not dry out the skin or leave a residue.  It even looks great over moisturizer if you don’t need to wear foundation.  I keep the product sealed tight and store it in a dark cabinet so one jar has lasted me over a year.",2019-01-30
P302103,5,Love it! So smooth and silky. Love the scent. I am addicted.,2016-04-12
P418218,5,"I can’t live without this moisturizer! I have acne prone skin that tends to get quite dry during the winter months. The Water Cream saved me this winter, my skin looked plump and hydrated after every use. It is now a staple in my morning and night skincare routine.",2019-03-31
P441644,3,"I will always give products that are not medical grade one less star for that reason, it’s okay, not the best face wash I’ve ever used…",2022-10-11
P392246,5,"Love it, gentle but effective",2019-03-28
P433520,2,"This moisturizer is probably better suited for dry skin. I have combo skin that’s prone to breakout and it didn’t work for me, it made my skin greasy. It’s also a little heavy on fragrance in it, and the price is too high for what you get.",2021-06-02
P394639,5,It’s helped my skin so much in such a short amount of time! Love how light it is.,2021-04-20
P450271,4,I got to try this as part of a deluxe sample. It’s definitely one of the best makeup removers I’ve ever used. It’s good for taking off liquid lipstick and I use it as a final defense to get rid of residual eye make-up. Wish it was less costly but it does its job.,2018-02-20
P480630,3,I thought this mask would be a lot more hydrating... was kinda disappointed. It’s not the worse but not the best. I have very dry skin and didn’t notice a difference.,2018-12-14
P439061,5,"I’ve only been using this product for a week and I can already see the difference.  I added it to my nightly skin care regimen and I’m glad I did.  I saw the difference when I applied my makeup.  I didn’t have to spot conceal in the usual places.  It was funny because I applied my makeup and thought “I feel like I’m forgetting something”.  It wasn’t until I’d finished that I realized I hadn’t, and didn’t need to go over my dark areas.  Now if only I could find something that works this well for dark under eye circles.",2019-08-25
P248407,4,"I have very dry skin and this is amazing it stops my face from peeling and feels great , only reason it isn’t 5 stars is it smells awful I hate the smell but other than that this is amazing",2017-06-21
P297524,4,"I have very oily and acne prone skin, so I am a long time GlamGlow Supermud junkie! But we all know how much that can hurt the bank. I needed a good charcoal mask to use in between more intensive GlamGlow treatments, and this works wonderfully! I do find I still get a deeper purification from GlamGlow and my face stays matte longer, but this mask definitely pulls all the gunk out of my pores and leaves my skin super soft. It is also much much more affordable than GlamGlow!",2017-03-12
P269122,5,Dr. Dennis Gross Alpha Beta Extra Strength Daily Peel is amazing. Since becoming a mom I’ve had to shorten my skincare routine by a lot. Plus my skin was going crazy after birth just from my hormones. This product has helped reset my skin. It made it a lot brighter and smoother than it was even before I was pregnant. Will definitely purchase again.,2019-07-12
P453816,3,"This does remove makeup however, my biggest con about this product is its waxy-ness. It leaves the sink covered in a waxy film and clogs the sink. With that said it makes me really wonder if it’s clogging the sink and leaving a film, should I really be putting this on my face?",2019-05-28
P420652,5,"Smells great, really moisturising and the container is generous meaning you won’t have to buy again for a while.  the applicator is also adorable and gives a luxurious feel.",2018-04-22
P441101,5,This is a boost of hydration and moisture when my skin feels dry just a little bit goes a long way if you are dry or combination skin you will love this,2019-11-18
P421275,5,"I’ve tried many drugstore acne patches before but none feel as high quality as Peace out dots. They’re thick and not flimsy at all so they don’t fold or wrinkle when I try to put them on. It’s hassle-free application. The big size is great for any pimple. They work so well at absorbing the impurities, leaving the spots calmed and flattened overnight. I have sensitive skin and these aren’t irritating at all. I really recommend these as they are the best acne patch product out there. The only downside is they’re a little pricey, but totally worth it!",2020-08-13
P423688,5,"I had been looking for a physical exfoliant and had tried several others that were not giving me the results that I was looking for. Dermalogica’s Daily Microfoliant is amazing. You simply add a little water to the powder and apply to your face, rubbing gently.My first time using it I wasn’t sure what to expect, but was blown away by the immediate results. My skin felt as smooth as when I have dermaplaned. It is incredibly gentle and effective. This is one of my favorite products that I have incorporated into routine. I have already recommended this to my friendsI received this product for free in exchange for my honest review",2021-03-28
P429952,5,"This mask is heavenly! You feel so glowly, fresh, and amazing after! 10/10 recommend, and would spend the money! Because it lasts a long time! Also a great primer!!",2018-06-05
P426183,5,This facial treatment feels divine. Almost like putting water on your face but knowing it’s PITERA and you are getting all the benefits with that. It has no scent and it doesn’t leave behind a sticky residue. This is safe for all skin types and will have your skin feeling and looking so moisturized and radiant.,2021-05-31
P421275,4,"I’ve only used a few of them, but I’m pretty impressed. My husband has cystic acne on his back, and this has been helping the healing time by half.",2020-07-30
P232915,4,"So this product was more like a 3.5 star product for me. I’ve used both this and Drunk Elephant’s babyfacial and hands down the latter is the better product for me.I’ve now used exfolikate twice and there’s a couple of issues I’m having with it. One it that it burns like crazy. I expected a bit of burning but it was unbearable to the point I could barely leave it on for 1 minute let alone 2 full minutes. Second issue being that is way more drying than babyfacial. My face felt tense and tight afterwards (good in some ways, not so good in others). Third is that perhaps due to the intensity of this product, I did find myself breaking out ever so slightly.  I also didn’t find that it helped at all with pores. All in all, would not use this twice a week as recommended.That all said, save for the burning, it isn’t enough for me to return this product per se. I would recommend only using it in the summer (the harsh dry winter air left me feeling even more dried out after exfolikate) and if you have sensitive skin definitely look for the exfolikate gentle or even better, upgrade to Drunk Elephant. The good? It does work in resurfacing the skin and giving you a dewy look (again, not as nice of a glow as with Drunk Elephant). It also takes very little product for a treatment. If you follow up with a hyper hydrating moisturizer or oil it alleviates some of the issues I had with it drying me out. I could see this being great for the neck/decollete area. Not be to be a broken record but tbh, if Drunk Elephant hadn’t come up with babyfacial, I would probably love this product. It’s just hard to have a direct comparison to a product that works better for me.",2019-03-19
P427421,4,Just a basic moisturizer. For the price you can find better.,2020-04-23
P454380,5,"Finally a sunscreen that feels amazing to put on, very silky and disappears instantly. Happy I found a sunscreen I love that I look forward to putting on every day.",2019-08-16
P418218,1,"Packaging is gorgeous but the product doesn’t moisturize well, especially for the cost",2021-02-26
P439061,5,I love this toner. I have some dark spots from old breakouts and with this toner those spots are truly fading away. I use it every night after I cleanse and before the rest of my skincare routine. Sometimes I use it in the morning as well. My dark spots have drastically faded. I’m so happy with this product.,2019-10-27
P394639,3,"It definitely hydrates, but left my skin very greasy",2019-05-16
P309308,2,"I really wanted to like this but I saw no results with the exception of the bumps that came. I have combination skin, and have a pretty okay diet. I occasionally get a pimple or two when aunt Dot comes but while using this, I took a trip down adolescent lane. I had pimples every where on my face. I didn’t mind the smell but I literally saw no difference. I am 34, no signs of wrinkles but have some dark spots from very old acne on the chin area. So, maybe I just don’t need it yet but I definitely say, try cheaper alternatives until you absolutely need this.",2017-05-10
P456207,5,I have very sensitive skin and let me say it didn’t make my skin react at all. It keeps my favce nice and smooth and soft but also moisturized all night when I put it on and all day the next day.,2020-03-19
P456398,5,"This is my new favourite HOLY GRAIL sunscreen. I’m South Asian and have seen my favourite beauty blogger Arshia Moorjani recommend this brand and it’s SPF products time and time again. I was super excited to get my hands on this through Influenster for testing purposes. The texture of this is pretty light-weight (not too creamy) and is super brown girl friendly, because it does not leave a white cast on my skin. It doesn’t make my complexion look paler, like lots of other sunscreens in the market do. It is also ocean/coral friendly and doesn’t come off easily. It looks great as a primer under makeup as well, because it leaves my skin feeling really smooth and absorbs quickly into the skin as well. I have currently been quarantined at home, but have religiously been using this sunscreen everyday, because harmful sun rays are everywhere - even if you’re spending all day inside! I plan on taking a trip to Hawaii next year, so I’m super excited that it is also Hawaii compliant. I will definitely be repurchasing this once I’m out of it!",2020-03-26
P248404,5,I wash my face with it every day. Gentle and doesn’t dry out my skn!,2022-06-10
P427421,3,i usually use caudalie soft but wanted to try something new. i love the c firma from DE so thought i would try this. it takes awhile to sink in and feels fine after. but i found it to be not very moisturizing or hydrating. my skin got dryer and dryer over the month i used it. it just wasn’t enough for my normal skin and ended up returning it,2019-11-25
P420652,5,I’ve only been using this product for 3 day but wow is it amazing! Ive found myself having to apply lip balm less during the day because my lips are so hydrated,2019-06-24
P453816,5,"Such a great makeup remover! I use this as my first step to remove my foundation. I then use their one for mascara, although you can use this one too. And I use a face wash after to make sure my skin is super clean. I also clean my beauty blender and my brushes with this. So much love for this product! I wish it were a little less expensive but I know they use the highest quality ingredients.",2020-03-15
P411387,3,This felt soft and all but I think I was having a reaction to it. I know it isn’t my other skincare products because they work well but I think this cleanser made my face kinda red and made my cheeks feel hot a little bit. I have sensitive kin btw.,2023-01-10
P441101,5,"I am so in love with this moisturizer that I received for my birthday!  It is quite heavy, almost like an emmolient, so very little is needed.  A tiny pot lasts a long time.  My face feels so wonderful after using this, it’s amazingly soft, smooth and soothed, it doesn’t feel oily at all.  I have never broken out from this which happens to me with heavy or oily moisturizers.  It has a light spice scent.  I bought more for me and plan to buy some for my mom and sister-in-law for Christmas.",2022-11-08
P309308,5,"Initially bought this on the recommendation of a make-up artist friend. She said it evens skin tone and plumps fine lines. I attest to that! I’ve used this daily for about 6 months and I really feel like I can tell a difference when I don’t use it (ran out and kept forgetting to order). It doesn’t feel like a “luxurious“ product and it doesn’t smell super great, but it helps plump the skin, keeps pores from becoming clogged and gives skin a nice, even tone. It is worth the money.",2016-08-15
P427417,5,This is my second time purchasing this product. I really love it! I use it in the morning before my hydraulic acid and in the evening before my moisturizer. The first week or so after I begin using it I usually get some purging but after that my skin is so even and smooth. I really recommend it.,2022-01-16
P458219,4,"I have large pores on my cheeks that are getting more noticeable with age (in my mid-30’s). I ’ve been using this twice a day before I put on moisturizer (morning and evenings) for about two months, and my pores are noticeably smaller! Also, this bottle seems to last a really long time. I’m maybe a quarter of the way through. Yes, it does smell like watermelon when you first put it on, but it fades quickly and doesn’t bother me as someone very sensitive to perfumes.",2020-12-23
P441101,5,Amazing! I have used it once and can already feel a difference. I normally do not care about the packaging a product comes in but it’s beautiful! Worth every penny.,2019-02-22
P443352,5,"I love the handiness of this product. Non liquid so great for travel, leaves my face clean and not stripped of all moisture... and it seems pretty gentle whilst still being an exfoliant. I really cannot complain. I was gifted by Dermalogica Sampling.",2022-08-25
P442563,5,"Amazing if you have severe acne, but not for those with sensitive skin. It burns a little bit, but leave your face feeling soooooo smooth and looking super nice, have only used once as I just got it but definitely noticed irritation and the appearance of blemishes go down. Would recommend moisturizing immediately after though. Amazing product for the prize and my skin type!",2021-08-24
P269122,5,This works really well. It didn’t bother my sensitive skin. It smells ok. I recommend it. I received a sample of this from pinch me.,2019-06-05
P248407,2,"I put it on my face, but even thugh it doesn’t make it look oilier, it does make my skin feel as if i pu some butter on it. Just didn’t like it at all. I’m going to use it on my elbows and knees better.",2015-08-29
P411387,5,"The cleanser is absolutely worth it! I had pretty good skin in high school, then college hit and it got bad. I finally found this cleanser and haven’t looked back since. If you buy the 16 oz value size and have the pump from the original size, you can use the pump on the huge bottle. Well worth it if the smaller sizes work on your skin.",2021-03-14
P420652,5,"Amazing. Since last year my mom has had to start taking very strong medications (similar to meds for fighting cancer) which made her lips extremely dry. We tried so many diff products, but nothing helped. Her lips were so dry they would bleed...the skin kept coming off. I got a little sample of Laneige as my points reward & gave it to her to try. And wow it was magic. She was so happy....only a couple of nights & her lips started improving. We both bought a full size after the sample ran out. The full size lasts for a long time because you only need a little for lots of hydration. No strong smell or taste. Just put it on before going to bed, and you’ll have soft lips the whole next day. I can feel the difference if I don’t use it for a night. Worth every penny.",2018-09-11
P426183,5,"This might be my absolute favorite essence out there. There is absolutely no scent, and it has a soft, watery texture which makes it quick and easy to apply. I’ve been using this product for years, and I love how soft and hydrated it makes my skin. I like to apply it with my hands right after cleansing and I follow up with a serum or a moisturizer.",2021-06-27
P7880,5,"Gentle, smells great and leaves my skin feeling fresh and clean. I have hyper-sensitive and very dry skin, this cleanser is my go to when my absolute favourite (YttP Superfood cleanser) is out of stock. I would recommend this product to anyone with dry or sensitive skin.",2021-02-09
P481817,4,I bought this spray on a whim to try and I’m really enjoying it.  I love the fine mist that it sprays and that it doesn’t leave my skin oily or sticky at all.  It’s lovely to use in the afternoon for a freshen up or at night after my moisturizer and before bed.  The scent is calming to me.,2016-06-14
P394639,5,"Love this! Little goes a long way! Lovely scent, moistures deeply without making your skin feel suffocated with product",2018-11-27
P394639,5,I love this moisturizer. It’s so hydrating and smells so clean. It is so light weight and absorbs quickly so it doesn’t feel think and like it is just sitting on top of my skin. I recieved this for free in exchange for my review.,2021-05-28
P232903,4,"First time use overnight, this morning the swelling of my pimples went down and size decreased. I will be using this daily, am loving first day results! Smell is a little strong.",2014-11-14
P470255,4,-lightweight and doesn’t leave me feeling oily-great for under makeup,2021-10-10
P429952,5,"Just one application of this mask before bed fixed my dry, irritated skin that resulted from back to back use of a new retinoid cream. This mask is soothing, unscented, and left my skin feeling hydrated and refreshed.",2019-06-19
P456207,5,I just received this complimentary from Influenster in the BeMineVoxBox! This stuff is fantastic! I wasn’t expecting this box at all and receiving a product that I will use is awesome! I used this immediately after opening the box and washing my face. My skin feels so smooth and I can definitely feel the hydration of this product! I will definitely be purchasing more of this! Thank you Sephora and Influenster!!,2020-02-15
P427421,5,"I tried 10 different moisturizer in the past year and a half trying to find something that would work for me... been using this for 4 months now and i really like it! I use it with introdcting retinol and for now, no peeling. My skin feels velvety soft.",2020-04-15
P422905,5,"This is by far my favorite eye cream, it goes very smoothly in the skin. It really helps get ride of bags under the eye. I received this product complimentary from Influenster.",2020-06-03
P302103,5,"I use this with the regular Sugar balm in the daytime, and this at night with Clinique’s lip wrinkle treatment at night. Slowly but surely, lips are looking more hydrated and fine lines are diminishing.",2014-07-10
P12573,5,I loved this product! Easy to carry anywhere.,2013-12-03
P418218,5,I found this product very helpful towards my skin. This product has hydrated my skin a lot more and made ny skin feel and look healthier! I will definitely purchase this product again! This product is pricy but it’s worth it because you are for sure getting your money’s worth. I would absolutely recommend this product is you can’t find a moisturizer that is quenching the thirst of your skin.,2018-06-13
P418218,2,"For me, this did not live up to the hype. Didn’t feel it sinking into my skin, felt more like a essence/serum rather than a moisturizer. I have dry/combo skin, so maybe that’s it but still, I did not see any changes and therefore this was not worth the money for me.",2019-09-12
P433520,5,"Obsessed with this product. It really helps hydrate my skin, and is so smooth. The only downside is the steep price tag, but I think it’s worth it.",2022-05-02
P420652,5,I finally found something for my chapped lips! Over night my lips feel brand new. How cute I’d the little applicator?! So worth the $,2018-11-24
P394639,5,"This is the best moisturizer for my combination acne prone skin. Wears great on its own, excellent under makeup, and moisturizing enough to use during winter months while still being light enough for the hot and humid summer months. This has been my tried and true product for at least 3 years.",2020-12-06
P442563,5,We’re good . Absolutely love this stuff. I use it once a week. The first time it burned but after that it hasn’t. My skin GLOWS after I use this,2022-08-25
P443352,5,This was gifted by dermalogica. I have not used a physcial exfoliator in a while now sine most are harmful to the skin barrier. The exfoliator is gentle and leaves my skin feeling super soft and clean.,2022-08-29
P471546,2,"I had high hopes that this would be a great base product for me, and that it would eliminate the use of concealer and maybe even foundation over time.  However, this product never sinks into my oily/combo skin no matter how little I use.  It sits on my skin in a greasy film, and I have found that I get milia on my skin while the product is on and even the night/next day after I wash it off.  I’ve tried to use this product off and on for about two months, and I think it’s time to give it up.  I would recommend that others try it like I did, with the small jar, before wasting money on the large jar.",2018-04-02
P394639,5,"I have very sensitive dry skin, but every moisturizer I’ve ever had broke me out or burned my face. This is the only product I’ve come across that doesn’t! It is very light and seems to absorb very well into my skin, very hydrating too! Love it!",2015-12-14
P7880,5,I used this with the rose serum from the same brand and then an oil free moisturizer and my skin has never been so clear,2018-10-23
P418218,5,This is really good for my oily/combination skin.  I love how it smells and how it makes my face feel.  I think if you have oily skin this will work really well for you.,2019-06-26
P417238,5,This balm is fantastic. The scent is subtle and the product applies very smoothly. I use about a dime-nickle size most night to remove my make up. I apply to dry skin and massage  in circular motions. I then wipe off with tissue or a warm face cloth. I still follow up with a face cleanser.,2019-12-26
P441644,5,"Love this cleanser! It smells great, is super gentle on skin, and leaves your face feeling fresh and clean. The only thing that would make it better is if it removed makeup!",2020-02-03
P392246,2,"I wanted sooo badly to like this because I’ve seen it work really good for others but this did NOTHING for me. Actually I even began to notice that it’s was breaking my skin out even more. I have combination skin with mild breakouts and after using this I would wake up to find my skin feeling softer but have little white heads everywhere. Everyone’s skin is different though, this is just my experience.",2016-10-23
P126301,5,"No tugging required. It’s the best makeup remover I’ve found for removing long-wear Bobbi Brown and Marc Jacobs eye makeup. I have tried cleansing oils (Bobbi, others) and I’ve used the half-oil half-water eye makeup removers. But this gets the whole face done. Rinse with warm water and pat dry. It isn’t drying like some cleansers, and it doesn’t leave an oily residue like the other cleansers. It’s just right, and my go-to for makeup removing.To use this, apply on dry skin and rub onto face and closed eyes gently. Add warm water to turn the texture to milky, and then rinse off.Final note, I’ve also tried the Ole Henriksen Pure Truth melting cleanser. The Clinique cleanser is both cheaper and MUCH more efficient at removing all traces of makeup.",2016-02-10
P269122,5,I have struggle with acne my entire life. These are a life saver. They are rather expensive but it is so worth it. I have sensitive / combo oily skin. I have tried everything from proactive to expensive dermatologist prescriptions and even Curology. This is the only thing that has consistently kept my skin looking healthy and clear. I recommend them to everyone.,2021-11-19
P411540,5,"if i could only use ONE skincare product for the rest of my life it would be this one. i have really red skin and was skeptical if this would work on my darker complexion skin tone and it did! a little goes a long way so don’t use so much, otherwise you’ll have a green face",2023-03-15
P422905,5,I love this product. It hydrates my face so well.,2017-12-15
P248407,5,"I finally found a deep, hydrating cream that is non-greasy. I don’t use it as an all over moisturizer, but it comes in really handy after chemical peels from the spa & random dryness. The results are immediate and the fact that it has natural ingredients & antioxidants is even better!",2014-10-16
P480612,5,"I received this product for free for my review. It was easy to use, smelled good, and left my skin soft within a couple used.",2022-02-22
P423688,5,"This review is very honest, I have seen that this helped my very clogged and enlarged pores and it helped me with my skins texture. I loved this product I will be purchasing the full size hopefully cause I loved how it made me feel about my face :)  #Complimentary from Dermalogica",2022-09-08
P443563,4,"I decided to buy this product because the sleeping mask worked so well for me. I found it a tad sticky at first but it’s much better now. Although it doesn’t do as many miracles as the sleeping mask does, it does soften and hydrate my lips. I also love the taste/scent that this lip balm gives off. I do recommend this product for someone who isn’t expecting the most insane hydration ever.",2019-04-24
P417238,5,"My absolute favorite way to remove makeup. I think it does a fantastic job of removing makeup, even stubborn lipstick. I’ve used cleansing balms and oils that will sting my eyes when I“m trying to remove makeup, this one doesn’t do that. Definitely hooked.",2018-11-08
P427421,5,Love this cream!  It makes my face feel great. It goes fantastic and my face feel moisturized all day.,2020-03-15
P270594,5,"I’ve been seeking for a good primer, and has gone beyond my expectations so far. I’m eager to continue using it. It applies to my face incredibly smoothly and looks fantastic when I use other products on top of it. I would highly recommend this to anyone who hasn’t already.",2023-01-04
P422905,3,I’ve been using the Belief eye bomb now for over 2 months (3-4 times a week) and have not seen any noticeable difference in my dark circles or wrinkles around my eyes. The only pro I can think of is that the formula is light and non greasy but other than that I thought it was a waste of $48. I can’t wait to finish using this up so I can try another eye product.,2018-08-13
P439061,5,"First off, I noticed the beautiful scent of this toner.  It’s a fresh and clean scent and was comfortable on my dry skin.  Most toners burn when I apply, but this one was quite the opposite.  It was soothing.  In the morning my skin’s texture was smooth and overall my skin appeared bright.  Although this provider was given to me for review, it has become a regular use product in my nightly routine.  Highly recommend this toner.",2018-12-27
P42204,5,"❤❤ Kiss chapped lips goodbye , Rosebud is so silky &smooth. Everyone needs to purchase !! ❤❤",2012-11-13
P454794,1,"Not worth the money at all. It feels nice and smooth when rubbing it in, but not enough moisture throughout the day, and by the end of the day I’d be dry and cracked again. Also, after a month or 2 of use, it started giving me tiny white bumps on my face under the skin! I saw other reviewers mention that too...possibly due to all the silicones in this cream...no thanks!",2018-03-27
P302103,5,I use this every night before bed.  Lips are moist and plumped in the morning.,2016-04-12
P269122,5,These are amazing. I can seriously tell a difference in my skin the day after I use them.,2019-01-11
P420652,5,"Does exactly what is says it does. Wear overnight and it hydrates beautifully. I’ve gotten split lips and it heals it within 24 hours. Looks nice if you want to wear it during the day. It doesn’t perform miracles, like plumping or enlarging lips, it’s just an excellent moisturizing lip mask.",2022-12-07
P420652,5,Can’t live without this now. Day and night. The best lip balm ever!,2018-04-18
P394639,5,I got this in my play by Sephora and I fell in love with this moisturizer! I have oily skin so I’m always on the look out for a good moisturizer for my face and this one is perfect! Feels so light weight on my skin. Did not brake me out at all.,2017-12-10
P394639,5,"I cannot emphasize enough how much I love this product... I have oily skin, so I have to be very careful with moisturizers.  This one provides hydration that actually reduces oil production without clogging my pores. I also tap it around the lower eye area and use it as an eye cream. Love it!",2016-04-04
P480612,5,"I really loved this cream! It left my skin feeling hydrated and soft, without and oily or greasy feeling. I enjoy the scent, it’s light and slightly fruity but not overpowering. I would definitely recommend this to those looking for extra moisture or hydration in their skin care!",2022-02-23
P480612,4,I received this from Influenster for my honest opinion. I did like this cream. It’s a nice cream to wear under my makeup. It’s not too heavy at all. My skin still feels moisturized.,2022-02-25
P269122,5,"I use the Dr. Dennis Gross Alpha Beta Extra Strength Daily Peel at night before bed, and wake up to glowing, soft skin! it is strong, and can leave me a bit red, so I use a heavy moisturizer after the peel and that removes any trace of redness.  My skin looks and feels amazing after using these peels. I definitely recommend these to anyone worried about fine lines, wrinkles, and signs of aging.",2019-08-13
P455364,1,It makes my skin itchy and irritated when I put in on as a face mask I don’t recommend this if you have sensitive skin.,2022-11-12
P309308,5,This product is a awesome!!! My new fave serum! Leaves skin feeling amazing and smooth. It is a must have and worth the money.,2018-05-06
P417238,4,got this in my ipsy ultimate bag & while I’m not a fan of cleansing balms I like this one. it works so well & moisturizes my skin too. plus I can use it as a spot cleanser when I make a mistake while applying makeup. it’s easy to use & comes with a little spatula which is awesome.,2020-02-22
P427417,5,"I am almost 40 and I have had problem skin since I can remember. Prone to bad breakouts, large pores. This stuff is amazing. I have tried everything to keep my breakouts at bay. This product works. I use it morning and night and I can honestly say that in the last couple of months I may have had maybe two pimples. I love it and will continue to use it forever",2020-03-14
P232903,5,"Kate Somerville’s Eradikate is a miracle worker. I used to use a similar product by Mario Badescu, but I believe that KS’ has an added ingredient that makes the product more effective in fighting blemishes. I use it 2-3 times a month and find that blemishes shrink after 1 application, and disappear after 2 or3.",2011-05-10
P458219,4,"This is a decent product. It smells very light and refreshing. It does have a thicker texture and can feel sticky on the skin for a few minutes but it does sink in and then night time serums settle nicely on it. It’s a good alternative for an alcohol free toner that’s not super expensive, but comes in a very nice glass bottle. However it just doesn’t leave me with that super clean feeling after. My favorite toner will still be the Eminence rice milk toner.",2020-11-04
P471546,4,"I like this, but admit it is quite thick. You MUST use AFTER moisturizer, not in place of, otherwise it is very drying. I am desperately trying to find products that even out my skin tone, since I have so much sun damage and pigmentation damage from birth control. I use it sparingly, and still trying to decide if it makes me break out",2020-06-11
P430337,5,This product has helped much dull skin just overnight. Being a new mom I’ve neglected my skin a little (a lot) and this gel has already made my skin have more glow to it. It’s light and easy on the skin. I love it!,2018-04-10
P218700,5,I loooove this stuff! I mix this with my regular moisturizer morning and night. And I love it! It has really help my skin with keeping it soft and healthy looking! It also keep my skin from flaking! Makeup goes on so much better and I will continue to repurchase this until they discontinue this which I really hope they don’t!!!,2013-03-13
P375849,2,Perhaps I don’t get what this is supposed to do.  My take was that it doesn’t moisturize but instead feels like a toner.  I thought “essences“ were supposed to be on the moisturizing side but it was not for me.  SKII products are so expensive so you can’t afford to not be sure.,2017-05-08
P441101,4,"Disappointed. I really like the water cream, and was debating whether to try this when I had a night cream I like. It’s a fine, but not exceptional night cream. I don’t wake up looking any more hydrated than without it, and my skin doesn’t feel immediately plumper or more hydrated than with other cheaper creams.",2019-06-12
P480630,5,I have super dry skin and now that it’s getting colder my skin was seriously looking horrible when I tried to do my makeup not matter how dewy the foundation or moisturizing the primer I would use it still looked so dry. Then i received this mask from Influenster for free for testing purposes and I’m seriously in love! I’m really not a mask person honestly but this one who can leave on overnight and I have found my game changer! After I clean my face at night I just put this on even under my eyes and then when I wake up my skin is so soft and moisturized! My makeup now doesn’t look dry and cakey like before! I will definitely being purchasing this on my own when I run out!,2019-11-23
P394624,5,I have tried this cream over the past year and loved it! Keeps my skin fresh and hydrated with a light finish. Not overly heavy. I would recommend  for combination skin types. You will not be disappointed by this product! Great for everyday wear. The only thing missing from this product is an spf factor otherwise it’s a great day time cream that will keep your face hydrated throughout the day. You can wear this cream under makeup and the makeup will sit really well on your skin. I didn’t notice any caking on my face. I really enjoy all belif products and this product is another one to add to my list. I received this product for free in exchange for an honest review.,2020-03-11
P218700,3,"Since I was a teen, I have been searching for the perfect moisturizer. Hydrating, long lasting, containing SPF, and non pore clogging. I noticed Josie Maran had her own collection on here and her argan oil caught my attention.I thought, “Maybe this is the one.“I’ve tried it 6 times so far. It’s not heavy at all, but it didn’t absorb into my skin right away like most reviews have stated. I massaged it in to make sure it would moisturize my skin. I had that sheen on my face, like that oily look. I didn’t like it. My skin did feel soft, but it I wasn’t blown away. My skin appeared dry by the end of the day. I’ve noticed I can’t use too much makeup unless I use more oil.I will keep using it to see if it gets better, but I don’t see myself buying this again. The one thing I can tell you is that it doesn’t cause further acne breakouts. It seems to have kept my acne at bay, which I do like.Do more research on oils before you make this purchase. If you decide to buy, buy the smallest one like I did.",2011-11-06
P455364,2,"I wasn’t impressed with this product.  When I first opened it, the balm had separated- this runny liquid came out with the more creamy balm.  I would have just returned it but I was out of town with no access to Sephora and no other cleanser!  It also makes my skin feel greasy after using it, and it didn’t clean off the last of my eyeliner that I hadn’t completely removed with my make up remover.",2022-05-21
P7880,1,"This product is everywhere, every set, every 100 points perk, everywhere! And I don’t really like it! First, the smell its awful, the consistency its like gel, but given the soy component (i guess) its white, looks gross.On top of that it makes my skin feel meh.",2017-09-01
P420652,4,"It’s nothing special in terms of moisturizing (my lips feel just as smooth after applying Carmex before bed), but it looks, smells, and feels really nice!",2018-04-16
P420652,5,"I’ve been a fan of laneige’s lip masks for forever and I’ve been dying to try the sweet candy flavor. Smells amazing and ofcourse feels amazing. If you haven’t tried these lip masks yet, you’re missing out!",2020-08-21
P248404,2,"It’s okay but it’s definitely not great. Won’t help acne at all if that is something you deal with. Quite drying on the skin and leaves it feeling tight. It also has a weird, bar soap residue that’s hard to remove with just water. There’s better drugstore face washes out there. Save your money on this one.",2023-01-24
P418218,1,I got a sample size to try out because my skin is very sensitive and gets irritated easily.  I was pretty excited to try it out due to all the positive reviews however I was pretty disappointed.  It turned into this gross watery consistency upon application that never full absorbed into my skin.  My skin stayed pretty tacky all day and the following morning I had a small breakout.  Not the product for me I’m afraid.,2018-01-11
P232915,4,A great exfoliator really gets rid of the dead skin and fighting against acne. I like to alternate this with the philosophy microdelivery purifying enzyme peel between the two its a perfect combination. The next day I notice my makeup will go on a lot smoother.,2010-08-02
P42204,5,"This product is very moisturizing. My lips feel very smooth after using it. It sometimes feels greasy though, or waxy.",2009-03-04
P427417,4,This is not a “miracle worker” that everyone thinks it is. I have been using this for almost a month and my skin overall looks much better but takes time to see results. This did help with some breakouts that I had on my cheeks but as far as using this for lighting up acne scars or reducing texture didn’t work for me. It’s better to use the Alpha Arbutin serum or the Azelaic Acid Suspension!,2020-07-24
P456412,5,"This cleanser is so milky, foamy and gentle on my combo skin. I love using this! Has such a nice yummy scent. Makes my face feel so soft and clean. I have tried dozens of cleansers but this is my favourite ever! Definitely recommend",2021-05-14
P427417,1,Caused my skin to break out everywhere with bumps and very very red skin. I do not have sensitive skin and this made my skin look so bad!!!!,2020-05-01
P480612,4,I received this product in exchange for my honest review! This is very hydrating and feels great on the skin! I high recommend especially if you are in the market for a new moisturizer,2022-02-05
P7880,4,"This used to be my holy grail cleanser and I am finally going back to it. After trying out a few others, I noticed nothing else ever left my dry skin feeling non-stripped like this cleanser. I had to repurchase it. I’m really excited to have it back in my routine! I only gave it 4 stars because there is a bit of fragrance in it which I prefer to not have in my skincare, BUT this is not a leave on product so it isn’t as bad! :)",2020-05-23
P467762,4,Feels closer to a serum than a toner. Smells so good and has a nice feel on the skin. Does not irritate my skin. My pores definitely seem different. Not a huge change but noticeable. I only use this in the morning.,2022-09-28
P218700,4,This product is really nice for my body and hair! It’s super moisturizing and gave me a good glow!  The reason for 4 stars is because I couldn’t use it on my face because it was a little too heavy. I didn’t want it to cause break outs so I just stopped using it on my face. I got this product free from Influenster for an honest review. Over all a great moisturizer for my body! My legs are always ashy and this came through and helped out. Really liked it paired with the whipped argan butter!,2020-09-08
P426183,3,I’m still unsure about this product. It didn’t seem to do much accept take extra time in my skin care routine. I feel like it was just a pointless step.,2021-06-16
P126301,5,"I have been using this balm for 3 years now and I am still just as in love with it as always!  Turns into a lovley, buttery oil on the face and removes all traces of makeup. My response to people complaining that they  arent able to “rinse“ it all the way off, or that it leaves mascara behind, it’s because you arent supposed to rinse it off. You’re supposed to use a soft microfiber cloth to gently wipe it away.  Tells you right on the pot!I will also say, this should never be your entire cleansing routine! After removing makeup, you should then go back in with either a gentle exfoliating cleanser, or a clarisonic. I will continue to use this balm as long as Clinique contiues to make it! ❤",2017-04-10
P441644,4,I really like this cleanser. I’ve been a devoted cera-ve user for probably 10 years but after some skin issues decided to give this a try. It has a great smell and didn’t cause any reaction on my sensitive skin. My biggest issue is the screw top is annoying.,2020-06-17
P126301,5,"Upon opening this makeup remover, I found myself quite puzzled. A solid?This balm reminds me of coconut oil. Lather it over your face -- even your mascara coated eyelashes -- and like magic, everything is loose and ready to be rinsed off of you face.I used this product, rinsed, and then applied my usual cleanser. I am still not sure if this intended to be just a remover or both a remover and cleanser. I was genuinely shocked when it disintegrated the eyeliner and mascara from my face. I really liked not having to rub a cotton pad (while losing eyelashes) to remove my makeup.Gentle, effective, and wonderful to use. I can’t wait to buy!",2015-10-29
P218700,5,Love argan oil... Where has it been my whole life. I use it every morning in my beauty routine and I feel it gives me a glow. I sometimes to even put my serum on because I put this on instead in evenings as well,2014-04-26
P454794,2,I have combo skin leaning oily. Tried this two days in a row to see how I liked it. Thank goodness I got the sample size using my points because lord this had me shiny like a disco ball! And I mean instantly. You couldn’t even call this a dewy glow.,2023-01-11
P443563,4,"I really like this lip balm. It has a great scent and I love the subtle color tint. That being said, the price is a bit high, so I may not repurchase.",2019-05-11
P441644,5,"Love this I have normal skin and this cleanser is amazing , it also even my skin tone as well .",2020-03-15
P269122,4,"I have never tried this product before, so i am glad it was sent to me as a sample. I have tried peels in the past but this was nice,  made my skin feel soft and very clean and refreshed. I definitely want to try more of it, i do have sensitive skin so i am glad it did not make me break out or give me any type of reactions. Thanks Pinchme for the sample",2019-07-14
P420652,5,My lips are always SOS. They start peeling every  day I don’t use this AMAZING lip mask. For not it’s the must have for people who lips are extremely sensitive and delicate. Even though I drink all the water in the world my lips look chapped and begin to break and chap everyday. For now this is my lip perfection.  I literally NEED this everyday and specially at nights. I am Married to this product for now.,2019-08-10
P441644,5,"Love this cleanser! It doesn’t make my skin angry, it helps a ton with my acne (especially the blackheads on my nose which nothing ever seemed to help with), and I’ll probably stick with it until the end of time.",2022-03-23
P441644,5,"Has truly cleared my skin and left my face so radiant and energized, I love this wash and have already purchased a back up.",2019-11-12
P454380,5,Although I knew that I needed SPF for my face all year round because it’s important I never wore it. I definitely tried looking and everything I used was a mess! Sticky white thick greasy miserable formulas that made my light combination skin breakout and look very oily which obviously ruined any makeup I wore. When I came across this I was so excited to try it! I LOVE IT! The texture is incredible (feels just like the Smashbox photo finish primer) and it’s not greasy! It didn’t irritate my sensitive skin and I had zero breakouts from it! It absorbs very quickly so it’s easy to include as part of your morning routine underneath makeup or just on its own after moisturizer. I use it as an SPF and still use a primer with makeup but I am curious to start using it as a primer and see if my makeup will last longer because that would cut a step out of my makeup rountine and it would make this product even more incredible!,2018-02-24
P218700,2,"I was excited to buy this but I found it made me break out, especially on my forehead. Maybe I’m using it incorrectly?",2011-02-24
P269122,5,Love these! I use these about 3 times a week after a hot shower or using the facial steamer.  My face feels super clean afterward and looks super smooth and healthy.  I use this along with the Ferulic Acid + Retinol Brightening Solution.  All things Dr. Dennis Gross!,2020-04-21
P443352,3,"This is not a “glamourous“ product to use -- there is no nice smell and it takes an extra step to mix the powder with water. It does work really well, though, and my teenage son also uses it to help with his acne-prone skin. Don’t be put off by the price... it lasts FOREVER!! I think I have literally had the same bottle for five years.",2018-02-14
P418218,1,"I got a sample of the dewy cream and was INLOVE my skin never looked better, so I had high hopes for this one. I used 500 of my points to get two sets of this water cream with extremely high hopes and I ended up being SO disappointed. I started using the product a few days ago and wasn’t impressed at all. My eyelids burn from using this product on and around them, my skin is more dry than it was before using this cream, never in a thousand years would I purchase the full size of this product but would DEFINITELY purchase the dewy cream.",2020-01-05
P460779,4,"I’ve loved and trusted BareMinerals for years! I received a sample of this product in exchange for my honest review. I absolutely love Niacinamide so that’s a plus right away! It felt very hydrating on my skin and I love that it’s a clean product. I didn’t notice any difference with just a couple uses, which isn’t uncommon with serums. I wasn’t able to use the product for weeks to tell any real results but I do believe this product would bring positive results! I wish I could’ve tried it for a longer period of time!",2021-02-09
P423688,5,"I was excited to try this exfoliant I was gifted by Dermalogica Sampling! I Loved the paste this makes when water is added. No strong scent, chemicals, or abrasives. This exfoliant was super gentle but left a noticeable difference in the texture of my skin",2022-08-15
P481817,5,"Love, love, love this serum. It does what it advertises. Will buy again.",2010-11-09
P218700,5,"Wonderful on skin, hair, nails: you name it!",2013-03-16
P427421,5,Nice moisturizer. I have combination skin. More oily in hot days and a little dry in cold days.,2018-12-16
P126301,5,"I’d been looking for a cleaning balm for a while and couldn’t decide which one to go with. After seeing the raving reviews, I pulled the trigger on this one. I can’t believe I’ve gone without this for so long! It melts off all my makeup and sunscreen and allows me to go in and deep clean with my cleanser or exfoliator. This product is amazing!",2020-05-28
P467762,5,I wanted to try this product because it had so many good reviews and this product is soo good! I definitely have less pores and less skin irritation! My skin does not feel so dry anymore. Would buy it again!,2021-09-29
P411540,2,"I’ve been using this product for a little while. I’ve tried it with my full skincare routine, and without it and just moisturizer. It feel very sticky on my skin, and doesn’t blend well, and it feels heavy as well. Maybe I’m just using it wrong though!",2023-03-16
P302103,5,"very effective, especially for winter. a little bit pricy",2012-11-04
P248407,5,I have two problems. Hands that crack and bleed because they get so dry. and bumps on the back of my arms which didn’t end up being a condition but very common and just my skin. But they can be reduced. and before going to see the doctor i started using the ulta repair cream and it reduced the redness and appearance dramatically!! It also helped my hand be healthy within a few uses. This product may be expensive but it is amazing! Even if i haven’t used it on my hands for a few days they stay normal and not dry!!!,2013-05-19
P12573,4,"This product itself has a nice minty scent that at times causes the formula to dry itself, but the scent/formula soothes chapped, hurting lips. If my lips are not perfectly smooth however, I notice that it feels grainy when I rub the product on my lips, and it doesn’t feel very smooth. Minor setback, but it never happens with any of my other lip balms.Great overall!",2015-01-08
P375849,2,"Don’t fall for the hype. After trying both brands for and extended time, I can definitely say I liked the tatcha essence better. The SkII made my face feel dry. The tatcha made my face feel nourished.",2022-09-25
P481817,5,"I’m still not eaxctly sure what this product was designed for, but it really does add a boost of beauty to my face, it does tighten and tone, and smells nice and fresh. I find myself using a lot trying to get even more significant results, but i think that is just lack of my other products doing their job. I will definitely re-purchase.",2015-07-29
P126301,5,Best makeup remover. Nothing compares. Eliminates the need for an eye makeup remover.,2020-01-02
P480630,5,Love it! You can use it multiple ways- very hydrating.,2018-07-28
P218700,3,"Got this for my hands - they are cracking , due to the Winter weather ,I like its a light oil not too heavy or greasy !",2013-12-29
P392246,5,"I have never seen a skincare item make such a noticeable difference in my face, til I met this guy. This night serum is the love of my life; I have been using it for almost a year now and can’t live without it. It targets all of my issues and keeps my face looking flawless. I recommend it to all of my friends and is worth the price in my opinion.",2020-01-21
P302103,5,"This lip treatment is truly living up to its name.Ever since I use it, I feel like to throw my all other lip treatment products.Hydrating, no waxy feeling, and no trace of white stuff on your lips. Your lips would just feel naturally good and pretty.I even purchased more for stocking since I am not in the USA anymore.I use it every day and night and my lips have been always soft and beautiful.Love love love this product!",2012-06-28
P7880,3,"I like the scent, I like how this face wash foams and gently cleanses but it hasn’t done anything extra for my skin. It’s gentle and it removes my makeup but there are other cleanser from Sephora that work better for me personally. I would recommend it if you have sensitive skin but I think I’m going to try something new when I’m finished my bottle.",2016-06-14
P394639,5,Amazing lightweight moisturizer. It doesn’t make my sensitive skin break out and still gives my skin enough moisture. Out of the few hydrating sleep mask that I’ve used The Belif Aqua Bomb moisturizer is one of the most hydrating of them all. I love this cream! It’s super lightweight too. Definitely recommend it!,2020-04-22
P378852,4,"I have a sensitive combination skin, so I have to be extra cautious when I am trying new products. This face cream was recently introduced to my daily skin care routine. I love Origins products, I have a few that I use them on a daily basis, like the GinZing Refreshing Eye Cream that I have been using for years. This moisturizer is very lightweight, smells very nice, I feel like my whole face is waking to life. It works well on my sensitive combination skin, but I feel that I need more hydration, especially on my cheeks which are very dry.",2017-08-25
P478030,5,"Great for sensitive skin, great for removing makeup as I’m not stretching my skin too much if I were to use a wipe, not scented so Everyone can use it and not super costly-very happy with the product",2023-02-26
P427421,5,"I got this as Sephora bday gift this year with the the Beste cleanser and I instantly fell in love with it! I have been trying to find something that satisfies my list of requirements (no smell, not greasy, light, perfectly skin quenching, no break outs) and this was IT!!!!! I bought the full size a.s.a.p.",2019-09-01
P418218,5,"The Tatcha products I have are phenomenal.  This one is so light, feels amazing.  My mom borrowed it, I had to get another jar she wouldn’t give it back haha.",2020-12-13
P375849,5,I love how this makes my skin feel! My skin feels soft and so hydrated! Not dry or sticky at all! I really love this stuff!!,2021-05-22
P270594,5,"OMG! Totally in love with this!!!  Bobbi Brown, you nailed it with this face base formulation!  I use this as a primer and it makes my makeup last all day.  Its also great to use on its own for those days where you want to let your natural skin shine.",2016-05-15
P270594,5,"I’ve heard so many great things about this primer and I’m so happy I got to try it! You don’t need a lot which is really amazing since it is a high end product. I love how the rest of my face products look on top of this base primer, everything goes on so smoothly and my face looks flawless! Love that it comes in a jar too, you can easily get the products out. I highly recommend this product!",2022-01-06
P7880,5,This formula has a beautiful feel on my skin. I love the sleek texture as it glides right over my face and getting into my pores cleaning away all my dirt and oil. My skin looked more brighter and fresher and felt so much smoother after even 1 use! The ingredients are refreshing! It has a “cool cucumber” scent and for that reason I enjoy using this in my morning routine as it wakes my skin up. This will be a daily morning product I use in my routine. A pro tip I’d like to add is to use a daily moisturizer after use to lock in that smoothness. Use daily. It’s so gentle on the skin. It’s not affected my skin in any way. My skin looks and feels so much better after use. I definitely recommend you to try this. You’ll love it as much as I did. I received this product complimentary for review purposes.,2019-05-27
P392246,5,"This is my fourth time buying this. It lasts me about five months. Last time I bought it, I was alternating this every night with my Ole Henrickson night invigorating treatment (they switched the packaging on this), and it lasted me an even longer time. Recently, I had a pretty bad bout of breakouts, and I thought that my skin would revert to my pre accutane days and I was scared. For a while I had run out of this stuff because I couldn’t afford to buy it. Finally I bought it! Within getting it in the mail and using it that night, my skin has completely cleared except for a few on the side of my face. I got this in the mail on Thursday. I’ve just realized that this product I will always need to have. It’s great!",2017-06-12
P427419,5,Love This . I was skeptical about the price but this is a great product . My face is soft aubtle and moisturized . Go ahead and grab this !,2022-12-20
P126301,5,There is currently nothing on the market that removes make up like this product does. Bonus does not hurt your eyes either. I promise you will fall in love with this product.,2020-01-18
P441644,5,Leaves my skin so smooth! Definitely recommend this product,2021-06-07
P467762,4,I love beauty essence and toners. Pros: Thicker than an essence but still light weight. Light scent. Gentle on skin. Absorbs completely. Adorable packaging. Cons: I don’t notice a huge difference in my skin.,2020-05-24
P411540,5,I am a 25 year old Caucasian female with somewhat dry acne prone red skin. I actually purchased this product by accident and thought i’d Give it a shot. I am so glad that I did. This product has completely eliminated the need for foundation and has not caused any breakouts. One of my concerns when looking at the product was that it would make me look pale. This does not!!! It blends into my skin perfectly while reducing redness. This is a lifesaver and I wish I found this sooner. I’ve already told my mother and mother in law to purchase this amazing product.,2018-12-21
P467762,5,Wow do I love this product! I’ve been using it for a week and this might be my new favorite toner. Let’s start with the smell it’s AMAZING!! This is the best smelling face product i have ever used! Not only is it a toner but it’s also very moisturizing! It feels so great on my skin and pores look considerably smaller. Will definitely repurchasing it again! I received this product complimentary of Influstenster for testing purposes.,2020-05-11
P433520,5,This cream is literally pure magic. I’m obsessed with it! I feel like it mosturized my skin immediately. The packaging is also nice and a little goes a very long way!,2018-09-23
P420652,4,"I like this as just a gloss. I don’t really find it to be a actual mask. It is the same texture as Vaseline but way better smell and taste. It is great to put on before a walk outside in the cold or just adding it to a lipstick for hydration. By far the best actual lip mask is ZoMed but it is not easy to find and is way more expensive. I am still giving this a 4 Star because of the price and feel. If you are looking for a real hydration mask though, this will disappoint you. Vaseline would do the exact same.",2020-04-15
P453816,5,"This is the only makeup remover I’ll use. It doesn’t leave any nasty oily residue or make my eyes cloudy. I don’t have to rub: the makeup just wipes off, even waterproof mascaras and eyeliners. Also great with a Q-tip for mistakes while applying makeup.",2011-05-16
P409800,2,It doesn’t take off eye and lip make up. Tends to dry super quick and the sheet is really small. U need about 4 to clean a not heavy make up day!,2019-11-23
P248407,5,"I have tried several moisturizers mac, carol’s daughter, clinique, etc; this by far tops my list. I have really dry skin, and this only needs one application per day and I am good to go. I don’t wear makeup so that’s not my issue. I simply have patchy dry skin. I use it on my face and my hands and it just feels like silk going on. I love it. Well worth the price tag!",2010-12-29
P411387,5,"I replaced my previous cleanser with this after I had a bad breakout and it didn’t irritate my skin. It has helped clear up my skin along with a great moisturizer. I use it daily, and it’s great for my sensitive, oily skin.",2023-03-01
P423688,5,"I received this new product as a gift and I absolutely love it! It makes my skin so refreshed and smooth! It’s gentle but still very effective. Ingredients are the perfect, balanced blend for your skin. This was gifted by Dermalogica sampling.",2022-08-19
P433520,5,"I would highly recommend this product. At first, I wasn’t too used because Charlotte Tilbury is more for makeup than skincare, but this is the best primer/moisture I’ve ever used! Gives you that instant glow from within and looks stunning underneath the Hollywood filter foundation",2022-12-03
P439061,5,I received this product complimentary from Influenster before the product was presented to the market.It gives me a tingly feeling and it helps my skin feel very smooth and fresh every morning after my nightly use. My skin looks brighter and healthier. I haven’t used the product long enough to notice my dark spots fading away. I recommend for the product :),2018-12-19
P456207,3,"I have combination skin that really struggles in the winter. I felt overall this was a good moisturizer. I liked the consistency but used it more at night rather then during the day, because I didn’t like the way my makeup applied over the top. The texture was really nice and something I will probably use until empty but not rebuy.",2020-03-24
P309308,5,"I got a sample of this magic in a bottle and fell in love. I managed to stretch the packet out for 3 uses and in that short time I noticed a difference in my skin. I had a bit of a health issue that had made my formerly glowing skin dull, and after using this product, my glow returned... and stayed. I have been using it for about 6 months and I get compliments on my skin all of the time.I use it as a serum. One pump per application ( although you could probably cut that in half if you wanted to stretch it ) and do my entire face and then my neck with whats left over. A word of warning: it does have a slight sting, but it goes away in a bit. Sensitive skin folks, not to worry: I have sensitive skin and it has never caused an unfavorable reaction.I usually only use this product once a day, and thats usually at night, and I follow with a moisturizer. However, I do sometimes (more and more often, actually) use it in the morning, too, because it wakes my skin right up and seems to get circulation going for a nice glowing complexion.I personally love the smell. its like lemongrass and ginger. yum!Amazing!",2014-09-09
P302103,2,"I really like this lip balm. It feels so soft when on and smells nice. My main issue with this product, besides the price,  is it melts and breaks so easily. Even just being in my pocket it melts. I can keep it from breaking by barely twisting it up. But the melting is jus not good. Chopsticks new total hydration works better and is easier on my budget. But I always love getting a mini of this in a Sephora favorites bundle. I have had to just keep it by my bed to use at night. I cant carry it with me throughout the day since it will just melt.",2019-06-19
P429952,4,Love this mask. I like to use it after I’ve used a pore cleansing mask or treatment. It plumps the skin so well and is very loghtweight. Could definitely be used as a leave on moisturizer.,2023-01-13
P443352,5,"it was gifted to me to exchange my review. I have been using Dermologica Daily Microfoliant for years, I have sensitive skin, traditional physical exfoliate gets my skin red, peel-up and irritated. Never had issue with this product, I usually use it once every two weeks, along or mixed in with my regular facial cleansers, gets my face nice and soft.",2021-10-20
P12573,5,"I bought it just to try it and found out it is a great product. I love the combination between chamomile and lemon. Great scent, great feel and great healing for lips.",2012-02-15
P392246,5,This was recommended to me by a friend to help with texture. I definitely think it is working! I’ve been using it for two weeks and have seen a noticeable change in my skin. It is softer and more supple. I still have large pores to figure out but maybe over time this product will help with that too!,2018-05-10
P470255,5,Received a sample in my Sun Safety kit. This stuff is really good! No white cast that you can get from so many products with sunscreen. I’m back to purchase a full size product!,2020-05-08
P394639,5,"Very moisturizing! Feels great on the skin, and the moisture is long lasting. Definitely reccomend!",2020-09-09
P394624,5,This is one of my favorite moisturizers. I love this especially when my face gets dry during the winter. I have fairly sensitive and acne prone skin and I don’t find this too greasy and it leaves my face feeling fresh and moisturized. The scent is light and smells fairly good and not overpowering. I really like using this cream before I sleep and I wake up with my skin feeling nice and hydrated.,2020-03-02
P297516,5,"I would definitely recommend this product to others. I have combination skin and typically get breakouts on my chin. Since using this face wash, my breakouts have been minimal if not almost non-existent. Any blemishes that occur are often not even noticeable the next day. I will continue to use this product.",2013-10-29
P232915,2,Ok so everybody’s review of this is awesome...now I’ve only been using for 2-3 weeks now but don’t see any difference at all and with all the other reviews I was sure it would work :( it’s expensive so if it doesn’t work before I run out I probably won’t buy again,2012-03-21
P417238,5,"I love makeup melters because I always double cleanse my face at night. What I love about this one is that not only it takes off all the makeup but I definitely notice a difference in my skin because of the amazing beneficial ingredients in this product! This also takes off all of my mascara and brow gel. I love this, it’s a one step process and then all the makeup is gone!",2018-05-24
P269122,5,"I have combination/sensitive skin. I was concerned with my dry areas being sensitive to the peel, but no need to worry! With my sensitive skin, I replace my nightly Clarisonic wash with a good hand wash and then use this peel 2/wk at night. My skin is rejuvenated, bright, and fine lines diminished following each treatment. Highly recommended!",2017-09-10
P481817,5,"Soooo luxurious!I’m not even sure if this is actually good stuff or justexpensive water. But I am going to keep repurchasing this stuff whether I’m proven wrong in either situation.Light fragrance, refreshing, absorbs quickly, scent stays on you for a while before dissipating. Might cause a few break outs the first few times you use it because of the oils, but otherwise it’s smooth sailing.",2014-10-22
P427421,1,I wanted to like this moisturizer but not for me. I used on my neck only for a couple weeks and started to break out a bit which is super unusual for me and I test a lot of products on my neck. Won’t be using anymore.,2019-03-20
P418218,4,"It took me a while to find a lotion that wouldn’t make me break out, but actually worked in minimizing oiliness and dry spots. It actually snuck up on me one day, noticing how well my skin was doing. My only issue is the price for the size, but it definitely works for my skin.",2020-03-08
P429952,5,"Highly moisturizing, I use it alone as my go to recharge overnight mask- or just before going out especially around the eye area!",2020-12-03
P269122,5,"I got a sample of these with my points a while back, had to purchase again. I notice a difference after the first use, I only wish they weren’t so expensive, but perfect for any special occasion for sure",2014-11-22
P394639,3,"I have oily/combination, sensitive and acne prone skin. This job does get the job done when I’m oily. But it definitely can be irritating at times and not moisturizing enough. It is good for those who have fairly good skin and just want a night moisturizer.",2016-04-17
P420652,5,I’ve tried quite a few lip masks this year and ended up returning all of them. So I was over trying. Even though my friend that works at Sephora recommended this one! I got this a week ago in my birthday gift sample set and oh man!! My lips may have never looked this plump. I’m definitely buying the full size when mine runs out. It’s perfect to add to my night skin care.,2021-02-11
P456207,4,I haven’t been using this product for long but I’m actually really liking it. I love the gel cream formula. Different than anything I’ve ever used before. My face feels smooth and moisturized after using this product. My face has a cool sensation afterwards but it’s not uncomfortable or concerning. I have to use it a bit longer to recommend to a friend.,2020-03-05
P218700,5,"Clears up my skin, and evens out my skin tone. one step skin care!! Love love love.",2011-05-17
P455364,1,This feels like putting vaseline all over your face and makes taking off makeup more frustrating especially after a long day,2021-06-21
P467762,5,This is my favorite toner! It helps my pores and gives me a natural glow from within,2023-03-02
P430337,5,I really like this gel creme. It’s not thick like most creams. It feels so fresh and light going on my face. I can apply it morning and night with no problem. I even apply it on my husband’s face when it gets too dry and even though he is prone to breakouts he doesn’t have a problem. I love the smell. It smells like a orange creamscicle!,2018-05-11
P417238,5,"Highly recommend this balm, especially for people with super sensitive skin. This does a great job removing make up as well as keeping my skin hydrated and soft.",2020-09-20
P454794,2,"This made my skin super oily, it applied like water and no greasy at all. felt good but like 30 mins later my face was an oily mess.",2021-02-03
P471546,4,"Buena, me la enviaron para que la.tratara por unoa dìas y me gursto, me ayido a que algunos granites desaparecieran maa rapido.",2021-03-04
P450271,5,The best cleansing balm I have ever used. Warms up in hands quickly and foams up nicely with the addition of water. Rinses clean and product lasts a while. Will be a repeat purchase for me.,2021-05-14
P248407,5,This moisturizer is a must! It’s the only moisturizer I use each and everyday that I can say has never broken me out or made me dry threw out the day. It’s perfect for my bag & it’s hydrating and thick for my super dry skin! Definitely recommend for anyone with dry skin and who needs a super hydrating moisturizer!,2017-01-19
P122900,4,"I’ve been using this product for about 6 months now. I like how my skin quickly absorbs it, making it easy to apply my powder right after without having to wait. The true test will be the Canadian winter that’s around the corner!",2013-10-13
P456207,3,"Super soothing and made my hands soft, but has weird smell. Overall love this product!!",2020-03-09
P248407,4,"I use it now for my eczema patches that I get in my chest and body works greats it’s SUPER HYDRATING. A little goes a long way. You can make it thick for night cream or light for day use. However, I use to use it for my face a few years ago and worked great but now unfortunately my face has changed and it clogged me but hey exfoliating fixed that.",2022-06-19
P248404,5,"I was looking for a new cleanser and was recommended the FAB line by a Sephora employee. It is my holy grail cleanser now. I have combination oily skin with occasional acne and this cleanser does a great job of making my skin feel very clean without drying it out. It seems to also be helping prevent breakouts and when I do get the occasional spot, it clears it up much quicker than before. I will say that upon first use, the scent was not my favorite. It doesn’t have a fragrance, which is great, but the natural smell is a bit medicinal. It reminded me of doctor’s office soap. After using it for a week, the scent stopped bothering me and now I don’t even notice it. So definitely don’t give up on this if you try it and don’t love the smell at first.",2017-07-30
P480612,4,"I’m pretty impressed with the amount of moisture this product has given my skin! During these cold, dry winter months this is exactly what my skin needed. The product is a thick consistency that is very hydrating. It smells nice too! I can’t say I noticed a huge difference in  my pores, but overall I am satisfied.",2022-02-07
P421275,3,Not sure if these did anything except keep me from picking at / touching blemishes and acne.,2021-07-08
P269122,5,This product works for me. It made my skin look nice and beautiful. I would recommend this product to my friends and family.,2019-07-22
P394639,1,I didn’t like it. It broke me out really bad :(,2018-02-17
P12573,5,"Love this stuff! No matter how bad my lips get, this stuff always heals and smooths my lips!",2019-09-12
P480612,5,"I love this formula! It has a light fresh scent and it provided a poreless complexion, my skin felt balanced all day yet hydrated. It also left my oily combination skin with a smooth canvas! It’s vegan, and cruelty free to. Great product would definitely recommend! Thank you influenster and koores for my sample for testing.",2022-02-26
P248404,5,This cleanser is the best!! It doesn’t break me out and removes makeup very well!!,2012-01-13
P411387,5,I have bought many sample/ deluxe sized skincare  from the cash rap area to the the Sephora favorites kits and have found things I liked and that worked but never anything I have been impressed with that made me think maybe I should try the full-size or even singing that I saw a difference in how it made my skin feel but I recently got this cleanser in a Sephora favorites box and after just one use I noticed that my skin was noticeably softer immediately after and over a weeks time noticed that my skin was completely less textured so I immediately ordered the full-size before of even running out of the smaller bottle because it’s so good I don’t want to know what one day without the cleanser would be like. I have beyond impressed and I have tried ALOT !!,2018-12-18
P418218,5,"I really love this product! It has improved by skin over the last few months in terms of texture, hydration and just looking glowy.",2021-02-18
P439061,3,Good product . I have seen a dramatic different so far with my post acne scars but it seem to be helping some what . It’s been a couple of weeks now .,2019-12-23
P269122,4,I used this product several times and was pleased with the results but I found the Bliss peel works way better and is no where near as expensive.,2014-07-17
P441644,5,"I love this cleanser. It feels moisturizing and smells great. It’s a spinach-y, natural smell, but not in a bad way. It’s super spa-like and I look forward to putting it on.  This cleanser is on the thicker side (think dish detergent), but I find this isn’t a problem as long as my face is sufficiently wet before putting it on and rinsed well after I’m done. Yes, this product is pricey. But because of its consistency, a little goes a long way. I bought the 8 oz in August, use it on my face and neck twice daily, and still have half the bottle left.",2021-01-16
P456412,5,"I have extremely dry reactive skin and have to be careful what I use on it. I have used Clinique in the past but felt it wasn’t really doing much. After talking to our SSA, she recommended this cleanser and I LOVE it. It makes my skin feel wonderful and has a gentle smell. A little goes a long way and i use it with my Foreo every night!",2015-07-12
P467762,4,"Skin feels good after using it, doesn’t leave it super tight or itchy. My dry skin seems to like it. It also has a nice scent.",2023-01-03
P427419,2,Really not amazing but for the price it’s okay. I thought it would be a lot more moisturizing but I have really dry skin so maybe it’s just me. I honestly will just buy caudalie vino source again next time. It’s way more expensive but I use so much less and it works wayyyy better so I think it really might even out cost-wise.,2019-07-16
P441644,2,"I liked the ingredients in this cleanser as well as the companies sustainable choices HOWEVER this product did nothing for my skin. This cleanser does not lather well and left a film on my face after washing. I give it two stars because while it did not enhance my skin concerns, I commend the companies efforts to put clean products in the market. I LOVED their air whip moisture cream and would recommend that to anyone reading!",2021-01-27
P420652,5,"One of my favorite lip products.  It keeps my lips from getting dry at night during the winter.  I add several layers before I head to bed to make sure it stays on and I re-apply in the mornings and through-out the day, as needed.  This helps with chapped lips.",2023-02-11
P297524,5,"OMG. IM ALMOST SPEECHLESS.This product is a DREAM COME TRUE for dry skin. It gets all of the gunk out of my pores but it doesn’t dry me out. I have tried many high end mask and nothing has worked this well, including glam glow.",2018-11-14
P417238,5,"I love this remover so much. It is so good and easy to sue. Doesn’t make you feel oily at all, a little goes a long way. I usually put it on my face dry and rub it in- gentle including on my eyes a lashes. Then I use it like a cleanser and wash it off with water. Works like a charm. No irritation or rubbing at all. I love this stuff and never need to try another cleanser again",2019-12-14
P454380,5,Love the consistency and formula! Wish this could be my everyday face spf but it’s to expensive.,2019-12-20
P453816,5,"Absolutely love this product. Easily removes makeup, whatever is on your face from the day and keeps it moisturized even after rinsing off and using a cleanser.",2021-09-22
P232915,5,"I kept redeeming points to get the sample size tubes. After 6 ones I splurged on the biggest tube they make. This is a great, effective scrub without drying out the skin. I love it so much I bought the cleanser and moisturizer. Fantastic products.",2021-09-08
P122900,4,"Lightweight, fast absorbing, and non-greasy. Much better than a lot of other moisturizers I’ve used. I think people with sensitive skin would be able to use this without an issue.",2015-02-16
P248404,5,This is a good all around cleanser - does not dry your skin but gets rid of makeup and grime,2018-01-11
P411387,5,"I love the way this cleanser makes my skin feel. I have sensitive skin that can dry out if a cleanser is too harsh, but this leaves me feeling fresh.",2021-08-10
P439061,5,"This is a very nice toner. I was never a fan of using a toner every day until I started using Glamglow Supertoner which I love and decided to try this one. My second favorite. It has a pleasant scent, it does leave a very slight tacky feeling so I always use a moisturizer after. I usually use at night and Glamglow in the morning and after a shower. I realize now that using a good toner does improve the look of your skin. But can’t say that it makes a difference on dark spots, at least for me.",2020-07-31
P270594,5,"Love, absolutely go to before makeup. I’m almost 50 an this face base is amazing for mature skin.",2021-01-14
P423688,5,"After recieving this product complimentary from Dermalogixa Sampling, I gave it a honest go, its been one week now and am already noticing a difference in my skin. I feel so much more radiance is visible in my skin, and it’s never felt cleaner!",2022-08-25
P478030,5,Love this cleansing balm. This price is amazing and it works great to get off the spf on my face.,2021-02-19
P456207,5,"I love love love this, it is so smooth and has a great feeling when applied, I don’t like trying new facial products because I almost always break out as a result.  But not with this!",2020-02-25
P441101,1,"This did not feel moisturizing at all, in fact, it didn’t even penetrate. And the ingredients list parfum/fragrance, which is troubling since it’s listed as a “clean” product by Sephora.",2020-11-14
P456207,5,"I love that Korres is a clean brand and has good ingredients. The cream is very light and gel like, but gets absorbed very quickly. I love that the consistency is so light but does a wonderful job hydrating. Perfect for these cold days. Will definitely be repurchasing. I received this product for free in exchange for my opinion.",2020-02-17
P423688,4,Who knew powder could be a good exfoliator? I’d recommend it for all skin types.,2021-11-18
P441101,5,So amazing I had a little sample.. then the $30.. now the $100. It’s expensive but idc it’s 100% worth it. Never had a cream so amazing and SMOOTH. Smells great. Not too light not too heavy.,2021-02-10
P456207,4,"I got this complementary in my voxbox and wanted to use it for a week or so before reviewing. I really like it. Soft on my skin, no break outs, and a light fresh scent. The the packaging is a little more simple than I typically like but that’s okay the directions on the back could be a little more clear but overall I really like using this product.",2020-02-24
P427421,4,"I got this as a birthday gift and it works great, but seems a little overpriced for what it is.",2020-10-20
P433520,5,At first I didn’t care for this but a rep from Charlotte Tilbury showed me how to apply it correctly by rubbing it on and then tapping it into your skin. I was amazed at the difference! Love it!,2023-03-13
P470255,5,"This is my absolute favorite sunscreen. I have dark skin and this is completely invisible. It does not leave my oily skin feeling greasy. There’s a slight matte finish. In comparison to Black Girl Matte Sunscreen, this has a similar texture but way less oily. BGS left my skin feeling like I put on a layer of Vaseline. Both are invisible but this one works for my skin. Totally worth the $40.",2022-07-05
P411540,5,"Perfect for an everyday light coverage and color corrector. It is not a “buildable“ product, I recommend using the “less is more“ approach instead.",2017-08-15
P429952,1,Oh my goodness not good!! I got little bumps all over my face recently and I didn’t know what it was from. After reading reviews I noticed some people said this product caused this to their skin and once I stopped using it the bumps started getting better. I’m so disappointed this was not cheap and now my skin has to heal.,2022-07-22
P302103,5,"Ive been using the Fresh Sugar lip products for over a year now and absolutely love them! They leave your lips super soft and the tinted ones add just a hint of color.I would definitely recommend this treatment for regular use, especially in the winter when lips tend to get dry.",2014-10-13
P269122,4,"I tried the DR. DENNIS GROSS SKINCARE Alpha Beta® Extra Strength Daily Peel. Step 2 stings a bit. Because both steps are wipes, it’s easy to use and left my face clean.",2020-06-08
P297524,4,"While my expectations and hopes for this product were way too high (my pores inevitably were not completely cleared out after using this), it did leave my skin glowing and clean and oh so smooth!!",2014-06-24
P455364,5,I have combination skin that also get dry in the winter months of NYC. This perfectly cleans the makeup off my face without stripping the moisture out of it. It also helps soothe my skins when it’s a little irritated. I also appreciate the fact that it isn’t scented. Highly recommend.,2022-03-02
P439061,5,,2019-06-28
P218700,5,"I use this stuff on my face, neck, and around my eyes as the last step in my skin regimen every night. Just two drops at a time, a total of three times (six drops total), covers everything. I’ll continue to massage it over my tired skin for a few minutes just because it feels so good; I feel like my skin is yawning to sleep slurring “THANK YOU!” all along the way. After my face, I run my fingers through the ends of my hair and leave my hands to soak up any remaining goodness. Clear, even, bright, comfortable skin greets me every morning. I love multipurpose treatments, especially when they’re organic and all-natural; you just can’t go wrong.The only downsize is the price, although this product does replace all hair products other than shampoo and hairspray, all my facial moisturizers (and body lotions when I’m sun burnt or get heat bumps on my thighs- I work outside), cuticle oils, eye treatments, skin illuminators, and any other cosmetic product other than some cream blush, mascara, and chap stick. This oil and vitamin A supplements are my little secrets.",2011-10-13
P126301,5,"I have the small trial sized version. I’ve used a decent amount of it in the two weeks I’ve had it so I do not believe the people who say that it lasts a long time. BUT.... it’s amazing. Sure, if you use it on your eyes, it will leave a temporary oily film over your eyes. If you can deal with being kinda blind for like TWO minutes after you wash your face and eye area I encourage you to try this. (I handle it pretty well typical...) Also, it probably says to avoid eye contact somewhere anyways. But who actually listens to those warnings?So, the moral of the story, this takes everything I MEAN EVERYTHING off your face, is incredibly easy to rinse off, will leave you temporarily blind (Imagine cleaning your face through beer goggles. It’s not unbearable.), and doesn’t leave your face greasy and oily, but leaves a definite moisture. It doesn’t dry my face out at all. And it doesn’t cause any texture/acne problems. (In fact i think they’re heal faster!)I use this nightly, then use a lightweight cleanser in the morning. It’s working great for me, and I’ll buy the full sized when I run out of the smaller one I have currently.",2018-03-07
P411387,4,"I have oily, acne-prone skin. This is a great cleanser that doesn’t dry out my already oily skin. the price is a bit much so I will have to buy a cheaper alternative.",2022-07-05
P450271,5,"This balm and I are like star crossed lovers who simply aren’t destined to be together. I’m super prone to small break outs and I could tell after a couple of days of using this balm that it’s not a good option for me long term, but it breaks my heart because this balm feels SO GOOD when you use it. I love that it’s a one-stop cleansing solution and I didn’t have to remove my makeup first (for the record: I wear primer, pressed powder foundation, concealer, eyeliner, eye shadow, and layer on two different mascaras when I wear makeup.) I can’t say if it will remove all of your makeup if you wear makeup-artist levels of product, but it took off EVERY bit of my makeup and didn’t leave me with raccoon eyes once. Plus, I got the tiny sample jar with my VIB points and I was able to use it for over two weeks because I didn’t need much to cleanse my face. It left my skin incredibly soft and feeling hydrated, which was nice because I also sometimes deal with dryness. So if you’re not prone to breakouts, I highly recommend this and am insanely jealous if you’re able to use it. I’d be cautious using this if you’re prone to breakouts, though. I may still end up buying a jar of this for occasional use because I love it that much and should be able to stave off breakouts if I use it sparingly.",2017-07-12
P7880,4,"Love this product. Leaves the skin feeling soft, cleansed, and fresh. What’s perfect is that it’s multi-purpose, acting as a makeup remover, suitable for the every day working girl. The smell takes a little while to get used to, but nothing unbearable like other products I’ve used. Would definitely reccomend to friends, and would definitely purchase again.",2013-07-29
P480612,5,Very gentle and my skin did not react to it at all. Highly recommend!,2022-02-09
P430337,2,"I like how it smells and how it feels. However, the cream did not work for me. I have extremely dry and acne prone skin, it’s not hydrating enough for my skin and it even breaks me out. Luckily I received this for free to test it out.",2018-05-15
P122900,5,"I tried dramatically lotion first., but it didn’t work well on my skin. So I got this instead of the lotion. This gel works really well on my skin. It is really smooth and it softens my skin. I don’t get breakouts although it contains mineral oil. This is oil-free formula so I can apply on my nose or chin area. Great!! It is winter now but it moisturizes my skin well too.",2012-01-07
P248407,5,"This is such an awesome moisturizer! I was a bit apprehensive to try it because of its consistency and the fact that I have combo/oily skin, but I was pleasantly surprised! It really doesn’t make me any more oily than I usually am which I’m totally fine with, it absorbs quickly, it doesn’t make me break out, and it really helps with dry spots from hormonal acne. Love using it on my body/hands/feet as well. Winter is fast approaching, so I know this is going to feel even better on my Midwestern winter skin! Definitely buying a giant container of this.",2017-10-22
P456412,5,"The product is fresh, clean, refreshing and moisturizing. It leaves my skin soft and supple, and the foam cleanser is my favorite part of it. I would reccomend this natural product to anybody!",2019-04-09
P450271,5,"I used to have a bad habit of never removing my eye makeup. It always seemed like to much work, and other makeup removers were just so oily. I now use this stuff every day. It’s so simple and quick, and really removes all traces of mascara. I break out easy with new products, but I haven’t had any issues with this. Absolutely in love with this product.",2019-09-07
P441644,5,"This is my all time favorite cleanser - it doesn’t irritate my skin, leaves me feeling actually clean, and keeps my skin clear and glowing. I absolutely adore it - I’ve been using it pretty much daily for a little over 2 years now and can’t imagine using anything else at this point! I know the price can seem a little high, but a little product goes a long way and the bottles last me nearly a year tbh. Every YTTP product I’ve tried (and use) has absolutely been worth the cost. My one complaint isn’t with the quality of the product itself but with the pump/packaging. I love the glass bottle (I’ve reused for plants, shampoo, etc), but hate the pump. If I’m not careful and don’t lock it after use, I noticed product drips out. I’ve gotten around this by “depotting” my bigger bottle into a smaller, travel-sized container, which works fine. Since I would only take off a half a star, I’m still giving it a 5/5. It works amazingly for my skin which is my primary concern.",2021-07-23
P394639,5,Lightweight but still very moisturizing and sinks into the skin quickly.,2018-05-08
P309308,5,"I haven’t been taking care of my skin & I never get acne. I noticed a few pimples so I grabbed this product. Because I wasn’t taking care of my skin I knew that once I started cleansing better and moisturizing, everything would come to the service and I’d have more acne. I didn’t care. It has to get worse before it gets better. After about a week of using this 3-4x in the week my skin is completely cleared up, super soft and looks more radiant. Yes ordinary has a cheaper one but this product is still amazing. There is a smell but I feel like most products do, and anything with a nice fragrance irritates my skin anyways",2020-06-13
P218700,5,"I finally gave in and let me just say every penny was worth it! I use it for my entire body; hair, face and body. It’s a great moisturizer. I like to add two drops and mix it in with my face or body lotion. I don’t put it on my face during the day because it will tend to make my face look oily but its great for overnight! I wake up and my skin is soft and glowing. I also have dry legs so I use it religiously with my body lotion.",2014-05-23
P471546,5,Love this product for days when I don’t want to wear any actual makeup. Works great at neutralizing any red tone.,2018-03-17
P420652,5,"A little goes very far, and it is a decent sized pot.  You get more than say Clinique Pep Start night mask and need considerably less.",2018-05-07
P453816,5,"Removes the most stubborn makeup easily and emulsifies in contact with water for easy removal, although a tiny residue is left behind. Nothing a face wash can’t handle.",2016-03-11
P467762,5,"I’ve learned over the years that taking care of extremely oily skin means learning how to hydrate properly instead of using a bunch of products with drying agents like alcohol to mattify. Since incorporating this toner into my nightly routine I’ve experienced much more balanced skin and as a result far less breakouts as well! I’ve been using AHA/BHA toners at night for a few years now but this one is the only exfoliating toner that has actually made a noticeable difference and I think it’s actually because it’s so gentle. As an added bonus it also smells amazing, feels refreshing, and the packaging is obviously super cute. I highly recommend for anyone else with oily, acne-prone, sensitive skin!!!",2020-06-10
P442563,4,Loved this. Cheap alternative to other face masks.,2022-02-28
P248407,5,"I will start by saying that this cream is too thick for me to use as a face moisturizer (F.A.B. makes one of those too, and that, I love). But for every inch from the neck down, there is nothing else I’ll use for keeping my skin soft, hydrated, and comfortable. Because it is extremely gentle and fragrance free, it works for everyone in my family, from my 2 y/o granddaughter to my 80 y/o father. The 8-ounce tube is a little spendy. But for my needs, an my family’s, it is worth every penny.",2017-05-21
P232903,5,I have been using it for more than 2 month and i really love it .,2020-10-05
P392246,1,"I bought the trial size along with the oil. I will confess my skin is close to perfect but I wanted to reduce some very early wrinkles. I used the product every other night and boy was my skin angry with me. I developed hard bumps all over my face- particularly my chin, jaw and hairline. Not pimples and not blackheads, just hard bumps. It has been days after I discontinued use and those bumps are still there. It may be a good product for some people but please please don’t be dumb like me and test it in a small place before using. If this is what “skin purging” looks/feels like, it’s unbearable!! I posted before and after photos of my skin. The fresh & glowy being the before and the rough and bumpy the after. Heartbroken.",2018-05-08
P218700,5,It’s super hydrating and wonderful! I especially like using it while I’m pregnant since it’s organic and doesn’t have any chemicals in it.,2011-11-28
P420652,3,"This product is meh for me. It’s nice while it’s on, but i don’t find that it provides any long term hydration. It smells good and gives your lips a really pretty juicy look so I’ll use it up, but once it’s gone I’ll go back to my tried and true aquaphor!",2018-08-11
P270594,5,"First off yes the smell of this is very pleasant but not overpowering. I used this after I washed and moisturized my face, it made my face very soft and hydrated. I can’t decide if I like it better then my current favorite primer yet it’s definitely a fierce contender. I received this product complimentary of Influenster.",2019-04-17
P458219,5,This product is so amazing.  At first it did go on sticky which scared me but it dried down and makes my face feel so good.  It also smells like watermelon.  Would nightly recommend this product!,2020-05-07
P454380,1,Unfortunately the silicone base of this product clogged every living pore it touched on my face. I’m so sad about it because  otherwise it seems nice. Immediately had a million raised bumps and redness. The attached picture is 24 hours after application. I don’t have this problem with other products/primers with silicone.,2020-06-11
P232903,5,This stuff is amazing hands down.,2017-02-06
P441644,5,"So gentle yet effective, great for unpredictably Combination skin-type that’s oily/dry at different times of the year!",2022-07-15
P421275,5,"I was skeptical but turns out these are pretty incredible!  No, they will not make your pimple disappear in one night but they really work wonders.  Each night my pimples were significantly smaller, flatter, less red and less angry.  About 40-50% improvement. Solid results!",2021-01-25
P218700,5,"I have oily/acne skin and I have not had any problems with this oil. I use it at night and just a drop or two. It is super moisturizing and makes my skin feel baby soft with no residue. I also started using this oil on my eyelashes and lips, works great!",2011-02-13
P297516,5,"I love this face wash. Doesn’t leave my skin dry at all and cleans super well. One tube lasts me about 3 months, so it’s also a great value.",2020-04-02
P430337,5,The texture is beautiful - so soft and creamy and lightweight. I can definitely see how it’s brightening.,2019-02-11
P394624,5,Love. Have sensitive skin and live in a relatively moisture rich environment and yet my skin (especially as it ages) is somewhat dry. The Bomb to the rescue. My skin feels so happy and I’m grateful to Influenster for sending me a small sample to try!,2020-03-09
P411387,5,"I am a purveyor of all skin care products.  I am a self-admitted product junkie!  I absolutely love LOVE this cleanser.  First off, I am 53 with combination skin that goes very dry in the winter.  This cleaners cleans without stripping my face or leaving it dry at all.  I only use it to wash a non-madeup face (when I wear makeup I use a cleansing balm).  The smell is faint.  The feel is smooth.  It leaves my skin feeling wonderfully clean and ready for my treatment.  Will by again and again!",2021-08-14
P42204,5,"I’ve used this stuff for years and was SO HAPPY when I discovered Sephora now carries it! I use it on my lips, cuticles, even the dry skin on my heels is eradicated when I slather this stuff on and leave it overnight! It’s even great for mosquito bites and sunburns. It’s magical and smells great! It’s also a great little gift for friends and co-workers.",2013-08-19
P309308,5,"I am obsessed with this product. I’ve never spent this much before on skincare, but it is more than worth it in my opinion. I got a small sample size for free in a Sephora order and immediately ordered the .5oz. Now, a little bit over a month later, I just ordered the 1.7oz because I love it that much. My favorite product I’ve ever used, and that’s not an exaggeration or something I put lightly. Has helped with breakouts and made my skin so much brighter.",2021-02-04
P480630,2,"I received this product to test for free through influenster. I used it once before discovering it had chestnut in it... and I’m allergic to nuts. I REALLY wish brands had to highlight more apparently when nuts are used in their products bc it can really put people at risk. I am fine, but someone else with a more severe allergy could have had a bad reaction. With the one use, I didn’t notice anything special about the product.",2019-11-06
P394639,5,I am very loyal when buying products and I’m glad I made the change to upgrade my moisturizer to this. It’s truly hydrating but not sticky. I use it day and night with a serum and did a peel for 30 days.,2017-09-01
P443563,5,"Keeps lips shiny and moisturized. The only addition I would make to this gloss is a adding a little sparkle. Otherwise, it’s a great product.",2019-11-13
P441101,3,"Got this as part of the birthday gift. Nice finish, but pore clogging.  For being as expensive as it is, I’m surprised it doesn’t come in a nicer glass jar.",2022-05-06
P378852,5,I have officially used this product for 3 weeks now and I absolutely love it!! It is a very lightweight moisturizer which I love and it soaks into your skin quickly. I also love the fact that your face feels cool and fresh when applied and you only have to use a little bit because it goes a long way. I received this product free for testing purposes via Influenster.,2017-08-22
P480630,5,I LOVE this mask so much!! Goodbye dry dull skin and hello stepping off a PJ! I used it a couple times a week and my skin thanks me for it in the morning. I use overnight or during the day.,2019-05-15
P7880,5,"very soothing, this is my 3rd time buying since january of this year. no crazy smells, very gentle on the skin. great cleanser!",2016-07-13
P309308,5,Freckles who?? This is my new holy grail! My freckles/ pigmentations seem to be diminishing after using Good Genes for 2 weeks!! Love this product!!,2019-03-06
P470255,4,Love it but definitely won’t need a moisturizer before you apply your makeup! Also will definitely need a mattifying setting powder,2019-11-21
P269122,4,I’ve had professional peels and tried a number of home peels. This is my favorite home peel. It’s strong enough to see a difference in my skin but gentle to limit redness. My skin is more even and has a nice glow. It hasn’t given me porcelain clear skin but it makes what I have look better. My only compalint is the price. Wish it was cheaper!,2013-11-29
P471546,3,"Bummed I didn’t love this as much as other people. This wore extremely heavy throughout the day. I was hoping I would be able to just throw this on and head out the door... which I could, but my face felt heavier and cakier than it does on a day with a full face of makeup. Couldn’t wait to get home to wash my face each day I tried it... had to return. On another note, it did help with redness, but just not worth it to me.",2017-12-06
P441644,1,It smelled good but it definitely broke my skin out. I initially though it was purging my skin but after a couple of weeks I noticed my acne would spike right after using it and calm down with my moisturizer. After I stopped using it my skin started to clear up. Definitely don’t use if your acne prone,2022-02-20
P309308,5,"This stuff is amazing!  I use one pump every other night and my skin has completely changed! I have a one inch, sunken scar on my cheek from basal cell removal and it is practically invisible now.     Along with my pores. I have a tendency to rosacea so I had to start slow with this but the results speak for themselves.",2017-10-26
P423688,5,I have been using this for going on two years and this has changed my skin! It has lightened some acne spots and made my complexion so smooth. I have little to no texture on my face anymore which is absolutely incredible and this product definitely aided in my skincare journey!!,2021-12-30
P443563,3,"Looks great on, super shiny and glossy. It isn’t as hydrating as I had hoped, if that’s what you’re looking for I’d go with the sleeping lip mask. My lips did feel a bit dry after it wore off.",2019-06-17
P297524,2,"I use the Origins Out of Trouble mask for years and loved it. This one is way more drying without delivering better results. My skin tightens to a point that’s physically uncomfortable and actually wrinkles beneath the mask. But the results (in terms of clearing pores) are less noticeable than with the Out of Trouble. This may be good for very oily skin, but I won’t be finishing my tube.",2015-07-08
P126301,5,"By far the best makeup remover I have ever tried. Balm consistency is easy to scoop out of tub. Melts in yourHand to an oil consistency that instantly breaks down makeup. I wear heavy black mascara and eyeliner and this easily takes it all off. I am usually afraid of oils because I have oily skin and am prone to breakouts but this never leaves my skin oily after cleansing and it I haven’t had any skin issues. Expensive, but lasts a long time! This is my 3rd tub in about 15 mos and I use it just about daily. Also, if you get in your eyes, doesnt sting at all! Will make them a little cloudy until you rinse, but not harsh on eyes at all! Highly recommend!",2010-12-28
P7880,5,"I have been using this cleanser for about 3 months. I had used one of Bare Minerals cleansers for many years, but they changed the formula this spring and the new cleanser irritated my skin. My skin is normal leaning toward dry and kind of sensitive. I really like this wash. It removes all of my make up, including mascara very easily and leaves my skin feeling soft and not dry. I tried a few others that left my skin feeling stripped and dry before settling on this one. It’s a keeper!",2016-07-13
P302103,5,"I got this in my play box & love it!! My lips are always so dry - this provides so much moisture and it stays on longer then chapstick. Just in the past week I’ve been using it , I can feel the difference. I will definitely make this a staple in my bag from now on.",2018-07-27
P375849,5,"I am so ecstatic that Sephora is carrying SK-II! Have been using this brand for 2 years now and it totally does wonders for my skin. Since I started using SK-II I no longer have white heads or any break outs. It balances my skin and reduces my pores. Users must note that this should be treated like a water-consistency face serum. This is not a toner. A moisturizer is still required - however, I don’t see Sephora carrying their Skin Signature moisturizer, another amazing product. Enjoy Sephora shoppers! I know Canadian shoppers will be as SK-II is not carried here :)",2012-09-15
P453816,5,"I’d never used a balm to take my makeup off, but this was recommended by an employee after a skincare class. It’s a weirdly gross experience to smear grease all over your face, but it takes everything off in only a few minutes, with very little product. Great for a first step when double cleansing, and my sensitive skin is so much happier with this vs. makeup wipes or a traditional remover.",2019-02-24
P471546,5,"LOVE, LOVE, LOVE!!! I used to not wear makeup at all due to fear of contracting cystic acne, but this product has broken me of my fears! Instead of foundation or sunscreen, this product is a 2-in-1 for me! I have never broken out because of this product and was even willing to buy the $52 jar because it’s such a good product.",2018-05-12
P470255,5,Absolutely love this sunscreen its light and it does its job!,2022-10-06
P456412,5,I love how clean it leaves my face. Silky and at the same time totally cleans away all residue and makeup especially any waterproof eyeliner. It’s totally fresh feeling and smells great. Definitely will buy.  I received this product as a free sample.,2019-03-26
P421275,5,"Y’all I am so impressed. These are literally voodoo. I was a skeptic. I had a pimple on my cheek (Tom) and last night I put on of these on, slept over night and when I woke up and took it off it had taken the white head out and my pimple was basically gone. Highly highly highly recommended if you’re thinking about trying these. Best things I have ever used and I have tried most of creams and dot treatments etc. these are AWESOME.",2020-12-17
P439061,5,"This is my new favourite product! I got it to help with my acne scarring, and I wasn’t expecting it to help the acne too. It is also the best thing for cleaning the skin. If my face is dirty, my cotton swab will turn yellow from the gunk this gets off the face. So I use it as a nightly cleanser, and I don’t wear moisturizer so that it clears my skin as well. It is a bit drying, so I would recommend moisturizer over it for people who have dry skin. I have been using this toner together with Ole’s orange Truth Barrier Booster, and my acne scarring has noticeably improved. I really love Ole Henriksen products.",2023-01-26
P421275,4,"I was skeptical about this product at first. Although it doesn’t completely erase your pimple the first time, I still noticed a difference between evening (when I put it on) and morning (when I take it off). After 2 nights of using this my pimple is pretty much gone! I gave it 4 stars because I wish I got more than 20 dots for the price.",2018-08-19
P481817,4,"Just to start - I have ance prone (adult), oily skin. I LOVE this product and can’t seem to leave the house without spraying this all over my face. I do my makeup, use a setting spray and then right before I leave for work I spray this all over to refreshen everything. Overall, I’m on my 3rd bottle, the only reason I gave it 4 stars is the price. For the amount I use it gets expensive. I’m restocking during the VIB sale.I did not find that this left a greasy film, I use it over make up, or on bare skin when I’m on a no make up day. It did not break me out, I love the smell. It’s smells minty/herbal-y so if you’re not into that you might not like this. It is not a setting spray, it’s more of a freshening spray so you could carry it in your bag and use it through out the day. Shake before spraying. Also they improved the sprayer/nozzle so it is 100x better now.",2016-11-02
P411387,5,"This is my favorite and only face cleanser. It never breaks me out, it feels so good and I love that it’s in a reusable glass bottle. A+++.",2020-10-23
P394624,5,Favorite moisturizer! I had a sample of this and haven’t looked back since! I’m on my third purchase and will never get rid of it!,2019-06-03
P218700,3,"This argan oil is grat on skin--even my oily type. Not sticky, just smooth! I used it on my hair a few times, and found that it was far, far too heavy and left my hair looking greasy from roots to ends.",2014-05-07
